ID,Name,Harmonization ID,Asset Synonyms,Highest Phase,Asset Status,Opportunity Status,Active Company,Drug Type,Development Phases,Clinical Indications,Therapeutic Areas,Mechanisms of Action,Target,Country,Sources,Created At,Modified At
4ec1e87c-e973-4854-9ab6-c611cff4e309,opicapone,1db5ff97-76a5-4b8a-b26a-2cdc88f3b439,Ongentys,Launched,,,Amneal Ireland Limited| BIAL - Portela & Ca SA| Bial Foundation| Fosun Foundation| Ono Foods Co Ltd| SK Inc,Capsule formulation| Oral formulation| Prodrug| Small molecule| Sustained release formulation| Tablet formulation,Launched| Preclinical,Epilepsy| Parkinson's disease| Parkinsons disease,Neurology/Psychiatric,Catechol O methyltransferase inhibitor| Catechol O-methyltransferase inhibitor| Catechol-O-methyltransferase (COMT) inhibitor,Catechol O-methyltransferase,China| Japan| Portugal| South Korea| US,EVALUATE| CORTELLIS| PHARMAPROJECTS,2026-05-08T16:03:08.997Z,2026-05-08T16:03:08.997Z
14f656c8-9a38-45a3-91d5-0b9bce24349a,KFRX-03,505ec267-1765-4f9d-8060-fe1c8ac3d8ad,KFRX03,Suspended,,,Georgetown University| KeifeRx LLC,Oral formulation| Small molecule,Preclinical| Suspended,Alzheimers disease| Amyotrophic lateral sclerosis| General inflammatory disorders| Lyme disease| Mast cell activation syndrome,Immune| Infection| Inflammatory| Neurology/Psychiatric| Rare Diseases,ABL gene inhibitor| C-kit inhibitor| Discoidin domain receptor (DDR) antagonist| Discoidin domain receptor tyrosine kinase 1 inhibitor| Fyn tyrosine kinase inhibitor| Kit ligand| Proto-oncogene c-Kit (CD117) inhibitor| Tyrosine kinase (TYK) inhibitor| Tyrosine kinase receptor inhibitor,Abl tyrosine kinase| Fyn tyrosine kinase| Kit tyrosine kinase| Tyrosine kinase receptor,US,EVALUATE| CORTELLIS| PHARMAPROJECTS,2026-05-08T16:03:09.033Z,2026-05-08T16:03:09.033Z
b73ebecf-8b30-47b4-9f3e-7615ce126ab1,RT-1968,a562cb47-4d75-4af8-bf43-2c95be5aae9f,"Fasudil| RT1968| fasudil| fasudil, Raya Therapeutic",Suspended,,,Asahi Kasei Corp| Eisai Inc| Heart Center Göttingen| Raya Therapeutic Inc| Woolsey Pharmaceuticals,<=24hr release| Infusion| Inhalant formulation| Intravenous formulation| Oral formulation| Small molecule| Synthetic small molecule,Launched| Phase 2 Clinical| Preclinical| Suspended,"Amyotrophic lateral sclerosis| Angina| Angina pectoris| Angina, chronic stable| Brain hemorrhage| Cerebral infarction| Frontotemporal dementia| Haemorrhage, cerebral| Huntington's disease| Ischaemia, cerebral| Neurological disease| Other neurological indications| Pulmonary hypertension| Stroke| Subarachnoid haemorrhage| Thrombosis, cerebral| Vasospasm, unspecified",Cardiovascular| Hematologic| Neurology/Psychiatric| Rare Diseases,Protein kinase inhibitor| Rho associated protein kinase inhibitor| Rho-associated kinase inhibitor| Rho-associated protein kinase (ROCK) inhibitor,Rho associated protein kinase,Canada| Germany| Japan| US,EVALUATE| CORTELLIS| PHARMAPROJECTS,2026-05-08T16:03:09.037Z,2026-05-08T16:03:09.037Z
6830906d-04c1-43cd-9a0f-5cecb0102d1e,ALD-R491,70a948fc-be34-4747-8345-930975c70fc8,,Suspended,,,Aluda Pharmaceuticals Inc,Exosomes| Oral formulation| Small molecule| Synthetic small molecule,Preclinical| Suspended,Autoimmune disease| COVID-19 treatment| Cancer| Coronavirus disease 19 infection| General cancer indications| Graft versus host disease| Idiopathic pulmonary fibrosis| Inflammatory bowel disease| Insulin dependent diabetes| Liver fibrosis| Lupus nephritis| Multiple sclerosis| Multiple sclerosis (MS) unspecified| Organ and tissue transplantation| Psoriasis| Pulmonary fibrosis| Systemic lupus erythematosus,Alimentary/Metabolic| Cancer| Dermatologic| Endocrine/Metabolic| Gastrointestinal| Immune| Infection| Rare Diseases| Respiratory,Regulatory T-cell (Treg) therapy| Vimentin modulator,Vimentin,US,EVALUATE| CORTELLIS| PHARMAPROJECTS,2026-05-08T16:03:09.156Z,2026-05-08T16:03:09.156Z
607645a5-16cf-42f9-8f5a-d82d4d4fd09e,ciforadenant,28153daa-ca55-44c7-8166-5f18c6e65b42,,Suspended,,,Angel Srl| Corvus Pharmaceuticals Inc| Ligand Research LLC| Vernalis plc,Immuno-oncology| Oral formulation| Small molecule| Synthetic small molecule,Phase 2 Clinical| Preclinical| Suspended,"Advanced solid tumor| Attention deficit hyperactivity disorder| Bladder tumor| Breast tumor| Cancer| Cancer, myeloma| Cancer, renal| Cancer, solid, unspecified| Colorectal tumor| Endometrioid carcinoma| Gastro-intestinal stromal tumours (GIST)| General blood malignancies| General cancer indications| Hormone refractory prostate cancer| Melanoma| Metastatic colorectal cancer| Metastatic ovary cancer| Metastatic pancreas cancer| Metastatic renal cell carcinoma| Multiple myeloma| Myelofibrosis| Non-Hodgkin lymphoma| Non-small-cell lung cancer| Pancreatic cancer| Parkinson's disease| Prostate cancer| Renal cell carcinoma| Sarcoma| Solid tumour indications| Squamous cell carcinoma| Stomach cancer| Triple-negative breast cancer| Uterine cervix tumor",Cancer| Neurology/Psychiatric| Rare Diseases,Adenosine A2a receptor agonist| Immune checkpoint agonist| Immuno-oncology therapy,Adenosine A2a receptor,China| UK| US,EVALUATE| CORTELLIS| PHARMAPROJECTS,2026-05-08T16:03:09.694Z,2026-05-08T16:03:09.694Z
6530cff3-5d9c-46c3-95fa-efa8861d32e4,NMRA-CK1d,9c58fcbb-5522-423d-afc9-c24b33d1e7b6,,Preclinical,,,Neumora Therapeutics Inc,Small molecule| Synthetic small molecule,Preclinical,Alzheimers disease| Amyotrophic lateral sclerosis,Neurology/Psychiatric| Rare Diseases,,,US,PHARMAPROJECTS,2026-05-08T16:03:09.795Z,2026-05-08T16:03:09.795Z
805c72f8-bc12-41f9-bd43-f1758f22835e,W-1302,62379748-a3ab-412a-8819-35ab2cbb8bfc,,Suspended,,,Institute of Materia Medica Chinese Academy of Medical Sciences & Peking Union Medical College| Jewim Pharmaceutical Inc,Small molecule| Synthetic small molecule| Tablet formulation,Phase 1 Clinical| Suspended,Alzheimers disease| Undisclosed| Vascular dementia,Neurology/Psychiatric| Unknown,Unidentified pharmacological activity,,China,CORTELLIS| PHARMAPROJECTS,2026-05-08T16:03:12.276Z,2026-05-08T16:03:12.276Z
462178ee-6772-4650-88a1-d06a35416f21,PRX-3140,b6cada8f-925c-44a4-bb91-2fee0418ca0f,,Suspended,,,EpiX Analytics LLC| Nanopharmaceutics Inc| Predix Pharmaceuticals Inc,Capsule formulation| Oral formulation| Small molecule| Synthetic small molecule,Phase 1 Clinical| Phase 2 Clinical| Suspended,"Alzheimers disease| Cognitive disorder| Diabetes, undisclosed Type| Post traumatic stress disorder| Undisclosed",Alimentary/Metabolic| Neurology/Psychiatric,5 Hydroxytryptamine 4 receptor agonist| 5-HT 4 receptor agonist| 5-HT4 (serotonin) receptor agonist| Brain derived neurotrophic factor ligand,5-HT 4 receptor| Brain derived neurotrophic factor ligand,US,EVALUATE| CORTELLIS| PHARMAPROJECTS,2026-05-08T16:03:09.093Z,2026-05-08T16:03:09.093Z
857921ff-adcb-42a3-ad78-7ee4c477829e,TJ0113,146b4646-32df-40fa-9a37-d929d952b63d,TJ-0113,Phase 2 Clinical,,,Nanjing PhecdaMed Co Ltd,Small molecule,Phase 1 Clinical| Phase 2 Clinical| Preclinical,"Alport syndrome| Depression| Hearing loss| Hearing loss/Deafness| Ischaemia, cerebral| Parkinson's disease| Sarcopenia| Stroke| Undisclosed",Alimentary/Metabolic| Cardiovascular| Genitourinary/Sexual Function| Musculoskeletal| Neurology/Psychiatric| Rare Diseases| Sensory Organs,Unidentified pharmacological activity| Unknown,,China,EVALUATE| PHARMAPROJECTS,2026-05-08T16:03:09.697Z,2026-05-08T16:03:09.697Z
458b873c-a035-41b6-8c29-9067a24837ae,HC[OP(D-Cha)WR] acetate,cf01ac34-cc58-4d8e-ab62-d285fee82fc6,,Suspended,,,Promics Pty Ltd| Teva BV,Oral formulation| Peptidomimetic| Small molecule| Synthetic small molecule,Preclinical| Suspended,Alzheimers disease| Amyotrophic lateral sclerosis| Crohns disease| Huntington's disease| Huntingtons chorea| Motor neurone disease| Parkinson's disease| Parkinsons disease| Ulcerative colitis,Alimentary/Metabolic| Gastrointestinal| Neurology/Psychiatric| Rare Diseases,C5a inhibitor| Complement C5a factor inhibitor| Complement Factor inhibitor| HLA gene modulator,Complement C5a factor| Complement Factor| HLA gene,Australia| Israel,CORTELLIS| PHARMAPROJECTS,2026-05-08T16:03:12.216Z,2026-05-08T16:03:12.216Z
77adcbc8-ba9e-46d9-9a69-72598d02b836,Rare Disease Research Project (NURD),1051c38c-bf91-4ac9-8887-ae9ae74890b2,,Preclinical,,,Neurodon Corp,Small molecule,Preclinical,Actinic keratosis| Amyotrophic lateral sclerosis| Huntington's disease,Neurology/Psychiatric,Unclassified,,US,EVALUATE,2026-05-08T16:03:09.153Z,2026-05-08T16:03:09.153Z
c3852b94-5d78-4ebc-b259-d4ac8951b107,NEU-627,85cb06ae-3dca-44b8-96f0-85d218d69a84,,Phase 1 Clinical,,,Neuron23 Inc,Small molecule| Systemic formulation unspecified,Phase 1 Clinical,General inflammatory disorders| Inflammatory disease| Multiple sclerosis| Multiple sclerosis (MS) unspecified| Nervous system inflammation,Immune| Musculoskeletal| Neurology/Psychiatric,Non receptor tyrosine kinase TYK2 inhibitor| Tyrosine kinase (TYK) 2 inhibitor| Tyrosine kinase 2 inhibitor,Non receptor tyrosine kinase TYK2,US,EVALUATE| CORTELLIS| PHARMAPROJECTS,2026-05-08T16:03:09.476Z,2026-05-08T16:03:09.476Z
63753184-c691-4a1b-ab6f-6876968a6bab,HiD-21,bbbe786f-beb9-433d-9843-47dd39132b41,,Suspended,,,HiDiamond Biotechnology Co Ltd| Quimatryx,Formulation powder| Infusion| Intravenous formulation| Small molecule| Synthetic small molecule,Phase 1 Clinical| Preclinical| Suspended,"Advanced solid tumor| Autoimmune disease| B-cell lymphoma| Cancer, haematological, unspecified| Cancer, myeloma| Cancer, solid, unspecified| Colorectal tumor| Diffuse large B-cell lymphoma| Follicle center lymphoma| General blood malignancies| General inflammatory disorders| Hematological neoplasm| Mantle cell lymphoma| Metastatic breast cancer| Metastatic non small cell lung cancer| Metastatic pancreas cancer| Metastatic prostate cancer| Multiple sclerosis| Pancreatic cancer| Skin cancer| Small lymphocytic lymphoma| Solid tumour indications| Triple-negative breast cancer",Cancer| Immune| Neurology/Psychiatric| Rare Diseases,Histone deacetylase (HDAC) inhibitor| Histone deacetylase 6 (HDAC6) inhibitor| Histone deacetylase 6 inhibitor| Histone deacetylase inhibitor| Histone deacetylase-6 inhibitor,Histone deacetylase-6,China| Spain,EVALUATE| CORTELLIS| PHARMAPROJECTS,2026-05-08T16:03:09.595Z,2026-05-08T16:03:09.595Z
7f4aaf38-6a66-4086-9f4f-6ac77ae93120,"apomorphine, Oncotelic Therapeutics",3dab48a4-853d-4d6b-be14-7c1580990e11,,Phase 2 Clinical,,,Oncotelic Inc,"Reformulation, inhalable| Small molecule| Synthetic small molecule",Phase 2 Clinical,"Erectile dysfunction| Parkinson's disease| Sexual dysfunction, female",Genitourinary/Sexual Function| Neurology/Psychiatric,Dopamine receptor agonist,,US,PHARMAPROJECTS,2026-05-08T16:03:11.673Z,2026-05-08T16:03:11.673Z
5628b76e-52ce-4af5-8902-2d3b5547ac6f,18F-3-F4AP,13f72d10-41be-4c27-a98a-2300cb3746d5,,Phase 1 Clinical,,,Massachusetts Medical Society,Infusion| Intravenous formulation| Radiolabeling| Small molecule,Phase 1 Clinical,Alzheimers disease| Demyelinating disease| Multiple sclerosis| Traumatic brain injury,Immune| Neurology/Psychiatric,Potassium channel modulator,Potassium channel,US,CORTELLIS,2026-05-08T16:03:11.836Z,2026-05-08T16:03:11.836Z
95672492-161d-452f-a14c-244a275a9fd8,huoling shengji granules,e1062776-f048-4ac1-8e7d-8964217556f2,,Phase 2 Clinical,,,Shanghai SPH Ruier Drugs Co Ltd,Granule| Natural product| Small molecule| Systemic formulation unspecified,Phase 2 Clinical,Amyotrophic lateral sclerosis,Neurology/Psychiatric,,,China,CORTELLIS,2026-05-08T16:03:11.836Z,2026-05-08T16:03:11.836Z
7aa7d57f-e8c9-4ece-a183-52f16a5b762a,CVL-2001,e825a73f-f287-44a3-9b66-26df920b5360,,Preclinical,,,Convelo Therapeutics Inc,Small molecule| Systemic formulation unspecified,Preclinical,Multiple sclerosis,Immune,Lanosterol-14 demethylase inhibitor,Lanosterol-14 demethylase,US,CORTELLIS,2026-05-08T16:03:11.894Z,2026-05-08T16:03:11.894Z
0ab154f9-ac66-4de5-bc8b-34be52df7179,HT-8457S,892a95af-bb66-4ff1-8156-4f353345fc3e,,Preclinical,,,Haiku Therapeutics Ltd,Small molecule| Systemic formulation unspecified,Preclinical,Parkinsons disease,Neurology/Psychiatric,Adenosine A2a receptor agonist| Metabotropic glutamate receptor 5 agonist,Adenosine A2a receptor| Metabotropic glutamate receptor 5,UK,CORTELLIS,2026-05-08T16:03:11.995Z,2026-05-08T16:03:11.995Z
5a6eb2d8-3c60-43e9-8fbe-787b5f8c43cd,"small soluble presenilin (PS)-1 peptides (Alzheimers disease), Cenna Biosciences",392d22f7-0a60-460c-84a5-58b486a80abc,,Suspended,,,Cenna Biosciences Inc,Peptide| Protein & peptide therapeutics,Discovery| Suspended,Alzheimers disease,Neurology/Psychiatric,Amyloid precursor protein antagonist| Beta amyloid modulator,,US,EVALUATE| CORTELLIS| PHARMAPROJECTS,2026-05-08T16:03:12.376Z,2026-05-08T16:03:12.376Z
b9397f04-e91b-4c19-8b6c-61c11a8a115e,Biogen-C4 Therapeutics Research Program,a5d12dbb-1a70-444a-8b17-c4f3262eeee7,"neurological disease therapy, Biogen",Preclinical,,,Biogen NV| The C4,Protein| Small molecule| Synthetic small molecule,Preclinical,Alzheimers disease| Parkinson's disease,Neurology/Psychiatric,Cereblon E3 ubiquitin ligase stimulant| E3 ubiquitin ligase regulator| Protein degrader,,US,EVALUATE| PHARMAPROJECTS,2026-05-08T16:03:08.596Z,2026-05-08T16:03:08.596Z
f879afdf-0d78-4989-b514-975e390f134f,IRL-1117,dff14650-d55d-4d51-858f-dbc52076c927,IRL1117,Preclinical,,,IRLAB Therapeutics AB,Once daily formulation| Oral formulation| Small molecule,Preclinical,Parkinson's disease| Parkinsons disease,Neurology/Psychiatric,Dopamine D1 receptor agonist| Dopamine receptor agonist,Dopamine D1 receptor| Dopamine D2 receptor,Sweden,EVALUATE| CORTELLIS| PHARMAPROJECTS,2026-05-08T16:03:08.937Z,2026-05-08T16:03:08.937Z
1a9ca82d-7e03-49e8-84d8-b719a09e51de,deferiprone,7077a831-d952-471c-a116-ed2ec929414d,Deferiprone SR,Launched,,,Apotex Inc| Aspen PharmaCare Holdings Ltd| Boston Scientific| Chiesi SAS| Emergent Group| Lapidot Medical Import and Marketing Ltd| Sanofi KK| Swedish Orphan Biovitrum AG,Small molecule,Launched| Phase 2 Clinical,Amyotrophic lateral sclerosis| Friedreich ataxia| HIV treatment| Iron poisoning| Other neurological indications| Parkinson's disease| Sickle cell anemia,Unknown,Iron chelator,,Canada| France| Israel| Italy| South Africa| Sweden| US,EVALUATE| CORTELLIS| PHARMAPROJECTS,2026-05-08T16:03:09.534Z,2026-05-08T16:03:09.534Z
1284160d-73d7-49dc-b91a-d6fdf977aa2a,Alzheimer's Disease Research Program,9ec59a82-c501-4560-993d-aba15a9652db,"Alzheimer’s disease therapy, Anima Biotech",Preclinical,,,Anima,Synthetic small molecule,Preclinical,Alzheimers disease,Neurology/Psychiatric,Beta amyloid modulator| Gene expression inhibitor| Leucine-rich repeat kinase 2 inhibitor| Tau aggregation inhibitor,,US,EVALUATE| PHARMAPROJECTS,2026-05-08T16:03:09.597Z,2026-05-08T16:03:09.597Z
ecd31d12-7c9b-43c0-95d1-266abf43b19b,AST-030,0ebd18b8-1505-4721-82dd-19fe1befb9ef,,Preclinical,,,Astrogen Inc,Small molecule| Systemic formulation unspecified| Unidentified,Preclinical,Idiopathic pulmonary fibrosis| Parkinson's disease| Parkinsons disease,Neurology/Psychiatric| Rare Diseases| Respiratory,Unclassified| Unidentified pharmacological activity,,South Korea,EVALUATE| CORTELLIS| PHARMAPROJECTS,2026-05-08T16:03:11.997Z,2026-05-08T16:03:11.997Z
76e45e75-0fa3-4a70-9632-2025160f2423,MRT-6160,71e2f5c8-5bb6-41cc-8e55-f162a267aaa1,,Phase 1 Clinical,,,Monte Rosa Therapeutics AG| Novartis AG,Capsule formulation| Molecular glue degrader| Small molecule| Synthetic small molecule| Tablet formulation,Phase 1 Clinical,"Autoimmune disease| Cancer, haematological, unspecified| Dermatological disease| General blood malignancies| General inflammatory disorders| Inflammatory bowel disease| Inflammatory disease| Multiple sclerosis| Myasthenia gravis| Neurological disease| Rheumatoid arthritis| Sjoegrens syndrome| Systemic lupus erythematosus| Ulcerative colitis",Cancer| Dermatologic| Gastrointestinal| Immune| Inflammatory| Neurology/Psychiatric,Cereblon E3 ubiquitin ligase stimulant| E3 ubiquitin ligase regulator| G protein-coupled receptor (GPCR) agonist| Protein cereblon modulator| Protein degrader| Proto oncogene vav inhibitor| VAV1 gene inhibitor,Protein cereblon| Proto oncogene vav,Switzerland| US,EVALUATE| CORTELLIS| PHARMAPROJECTS,2026-05-08T16:03:12.095Z,2026-05-08T16:03:12.095Z
cdeb1bb7-a183-4982-b0aa-46b4e200c83d,GB-5112,3c116bc7-a418-442b-bbd3-2b38f1795b90,"rivastigmine, G2GBIO",Preclinical,,,G2GBio Inc,Injectable controlled release formulation| Intramuscular formulation| Microparticle formulation| Microsphere formulation| Other modified-release| Reformulation| Small molecule| Sustained release formulation| Synthetic small molecule,Preclinical,Alzheimers disease| Parkinsons disease| Senile dementia,Neurology/Psychiatric,Acetylcholinesterase (AChE) stimulant| Acetylcholinesterase inhibitor| Butyrylcholinesterase inhibitor| Cholinesterase modulator,Acetylcholinesterase| Cholinesterase,South Korea,EVALUATE| CORTELLIS| PHARMAPROJECTS,2026-05-08T16:03:08.257Z,2026-05-08T16:03:08.257Z
b6e9d8fc-d03c-4915-9e32-0e0e138faab0,AL-050,5a3808df-eb29-4320-a954-2753c0487cd5,ADP050-ABC,Preclinical,,,Alector LLC,Biological| Protein| Protein & peptide therapeutics| Protein recombinant| Recombinant enzyme| Small molecule| Systemic formulation unspecified,Preclinical,Gaucher disease| Lewy body dementia| Parkinson's disease| Parkinsons disease,Alimentary/Metabolic| Endocrine/Metabolic| Neurology/Psychiatric| Rare Diseases,Glucocerebrosidase (GCase) regulator| Glucocerebrosidase (GCase) stimulant| Glucosylceramidase beta (GBA) stimulant| Glucosylceramidase modulator,Glucosylceramidase,US,EVALUATE| CORTELLIS| PHARMAPROJECTS,2026-05-08T16:03:08.476Z,2026-05-08T16:03:08.476Z
74507f9b-e95a-4378-9242-8392621444f9,MT2,997bdfb3-0c54-48be-80c4-76dd0df5ed2b,"MT-2, Mimetech",Preclinical,,,MimeTech Srl,Small molecule| Synthetic small molecule,Preclinical,Amyotrophic lateral sclerosis| Parkinson's disease,Cardiovascular| Neurology/Psychiatric| Rare Diseases,Sodium channel blocker| Unidentified pharmacological activity,,Italy,EVALUATE| PHARMAPROJECTS,2026-05-08T16:03:09.477Z,2026-05-08T16:03:09.477Z
323c70d3-69dd-4df7-b776-14f196400562,I-123-FP-CIT,fdd8911a-4608-4965-9637-de46d799c4d5,,Clinical,,,Siemens AG,Radiolabeling| Small molecule| Systemic formulation unspecified,Clinical,Parkinsons disease,Neurology/Psychiatric,,,US,CORTELLIS,2026-05-08T16:03:11.935Z,2026-05-08T16:03:11.935Z
15a59c53-96eb-4b9d-8094-5a60b81f393e,IGC-M3,88402e0c-55c1-4558-80d9-bb5ed37131c9,,Preclinical,,,IgC Bio Inc,Small molecule| Synthetic small molecule| Systemic formulation unspecified,Preclinical,"Agitation, Alzheimer's disease| Alzheimers disease",Neurology/Psychiatric,Beta amyloid modulator| Beta amyloid synthesis inhibitor,Beta amyloid,US,EVALUATE| CORTELLIS| PHARMAPROJECTS,2026-05-08T16:03:11.995Z,2026-05-08T16:03:11.995Z
af7b199e-b9c4-4442-b982-9a51ae3ac72f,bonsetinib,71eedf5c-df8e-436d-a432-676439d78589,,Phase 3 Clinical,,,Hangzhou Aojin Bio-pharmaceutical Co Ltd,Capsule formulation| Oral formulation| Small molecule,Phase 3 Clinical,B-cell lymphoma| Cold agglutinin disease| Graft versus host disease| Hidradenitis suppurativa| Multiple sclerosis| Neuromyelitis optica| Systemic lupus erythematosus| Thrombocytopenia| Urticaria,Cancer| Dermatologic| Hematologic| Immune| Neurology/Psychiatric,,,China,CORTELLIS,2026-05-08T16:03:12.214Z,2026-05-08T16:03:12.214Z
3ce133ab-f68d-48f2-8c19-f9a3b8aeb820,apabetalone,b2fb5dc5-8a83-45da-9fa1-075f2ed96d7a,Apabetalone,Suspended,,,Hepalink USA Inc| Medison Group| Resverlogix,Oral formulation| Small molecule| Synthetic small molecule| Tablet formulation,Phase 2 Clinical| Phase 3 Clinical| Preclinical| Suspended,"Alzheimers disease| Atherosclerosis| COVID-19 treatment| Calcification, cardiovascular| Chronic kidney disease| Cognitive disorder| Coronary artery disease| Coronavirus disease 19 infection| Dementia| End stage renal disease| Fabry disease| Facioscapulohumeral muscular dystrophy| General eye disorders| HIV treatment| Immunological disease, unspecified| Infection, HIV/AIDS| Infection, coronavirus, novel coronavirus| Inflammatory disease| Macular degeneration, age-related, unspecified| Neuroendocrine tumour| Neurofibromatosis| Neurological disease| Non-alcoholic steatohepatitis| Non-insulin dependent diabetes| Ocular disease| Other nephrological disorders| Other neurological indications| Paroxysmal nocturnal hemoglobinuria| Peripheral vascular disease| Post-COVID syndrome| Pulmonary artery hypertension| Pulmonary hypertension| Renal injury| Skin wounds| Vascular dementia",Alimentary/Metabolic| Cardiovascular| Endocrine/Metabolic| Genitourinary/Sexual Function| Hematologic| Immune| Infection| Musculoskeletal| Neurology/Psychiatric| Ocular| Other/Miscellaneous| Rare Diseases| Sensory Organs,APOA1 gene stimulator| BET protein inhibitor| Bromodomain & extraterminal domain (BET) bromodomain (BRD) inhibitor| Bromodomain containing protein 4 modulator| Bromodomain containing protein inhibitor,APOA1 gene| Bromodomain containing protein,Canada| China| Israel,EVALUATE| CORTELLIS| PHARMAPROJECTS,2026-05-08T16:03:08.715Z,2026-05-08T16:03:08.715Z
ab324b6e-2a8e-4c93-abff-44675b364c1f,direclidine,3e2e0183-6b8a-40ff-a534-22f8dda6a7f4,,Phase 3 Clinical,,,Neurocrine Biosciences Inc| Sosei Inc,Once daily formulation| Oral solution formulation| Small molecule| Synthetic small molecule,Phase 1 Clinical| Phase 2 Clinical| Phase 3 Clinical,"Alzheimers disease| Bipolar I disorder| Bipolar disorder| Dementia| Mania| Neurological disease| Psychosis, acute| Schizophrenia",Neurology/Psychiatric,Muscarinic M4 receptor agonist| Muscarinic acetylcholine receptor (M4) agonist,Muscarinic M4 receptor,Japan| UK| US,EVALUATE| CORTELLIS| PHARMAPROJECTS,2026-05-08T16:03:11.495Z,2026-05-08T16:03:11.495Z
9e7ed588-6fa2-4190-b42a-b813fc6c42e6,CRB-611,46b24a5d-b4a1-469a-b18a-a15aec6c9ceb,,Suspended,,,Celros Biotech Co Ltd,Small molecule| Synthetic small molecule,Phase 1 Clinical| Preclinical| Suspended,Alzheimers disease,Neurology/Psychiatric,NADPH oxidase (NOX) inhibitor| NADPH oxidase inhibitor,NADPH oxidase,South Korea,EVALUATE| CORTELLIS| PHARMAPROJECTS,2026-05-08T16:03:09.316Z,2026-05-08T16:03:09.316Z
12f4f33c-d518-4db6-9674-087ae0bb30c0,PMS-001,35f73f56-18ff-4603-8132-33039f0859e5,,Suspended,,,Qingdao Primedicine Pharmaceutical Co Ltd,Peptide| Small molecule,Phase 1 Clinical| Preclinical| Suspended,"Addiction, drug, unspecified| Alzheimers disease| Depression| Depression, major depressive disorder| Ischaemia, cerebral| Opiate dependence| Stroke",Cardiovascular| Neurology/Psychiatric| Toxicity/Intoxication,AMPA receptor agonist| Alpha-amino-3-hydroxy-5-methyl-4-isoxazole-propionic acid (AMPA) receptor potentiator| BRAG2 antagonist,,China,EVALUATE| CORTELLIS| PHARMAPROJECTS,2026-05-08T16:03:09.215Z,2026-05-08T16:03:09.215Z
705b056a-fbc3-48c5-8c56-5b56f0cb4b00,KS-101,28ff3308-6714-455c-951c-78ad0b1230ce,,Phase 1 Clinical,,,Klotho Sciences,Synthetic small molecule,Phase 1 Clinical,Alzheimers disease| Renal failure,Genitourinary/Sexual Function| Neurology/Psychiatric,Unidentified pharmacological activity,,South Korea,PHARMAPROJECTS,2026-05-08T16:03:09.755Z,2026-05-08T16:03:09.755Z
abc7e7e8-b7f1-4807-92bf-8ee3f2987b58,[18F]RO-6958948,4ac00c3d-e190-471f-af37-aaef2e4e9a01,,Phase 2 Clinical,,,F Hoffmann-La Roche Ltd,Intravenous formulation| Radiolabeling| Small molecule,Phase 2 Clinical,Alzheimers disease| Neurodegenerative disease,Neurology/Psychiatric,Tau kinase inhibitor,Tau protein,Switzerland,CORTELLIS,2026-05-08T16:03:11.934Z,2026-05-08T16:03:11.934Z
25a88c00-9b2e-48e1-9e9d-7bbbc0c587c7,"TMEM175 agonists, Mair Therapeutics",60e063d7-1079-4c84-9026-5438d7a06ebb,,Preclinical,,,Mair Therapeutics BV,Small molecule,Preclinical,Parkinson's disease,Neurology/Psychiatric,,,Netherlands,PHARMAPROJECTS,2026-05-08T16:03:11.677Z,2026-05-08T16:03:11.677Z
245c287f-ecb2-497b-a486-a9d099ff7eb5,S-221237,f4a2b447-31a6-44d8-889e-0b92fe71da23,OPM-201| S221237,Suspended,,,ONCODESIGN,Oral formulation| Small molecule| Synthetic small molecule,Phase 1 Clinical| Suspended,Parkinson's disease| Parkinsons disease,Cancer| Neurology/Psychiatric,Leucine rich serine threonine kinase 2 inhibitor| Leucine-rich repeat kinase 2 inhibitor| Leucine-rich repeat serine/threonine-protein kinase 2 inhibitor,Leucine rich serine threonine kinase 2,France,EVALUATE| CORTELLIS| PHARMAPROJECTS,2026-05-08T16:03:08.375Z,2026-05-08T16:03:08.375Z
2077d87f-b389-4744-a32d-5c0a3a6d5ca8,VYN-202,d0a8257f-c4aa-40bd-b0e2-df27ef51a5e6,VYN202,Phase 1 Clinical,,,Tay Therapeutics Ltd| Vyne Medical,Capsule formulation| Once daily formulation| Oral formulation| Small molecule| Synthetic small molecule,Phase 1 Clinical| Preclinical,Crohns disease| Dermatological disease| Fibrosis| General inflammatory disorders| Inflammatory disease| Multiple sclerosis| Plaque psoriasis| Psoriasis| Rheumatoid arthritis| Systemic lupus erythematosus| Ulcerative colitis,Dermatologic| Immune| Inflammatory| Musculoskeletal,BET protein inhibitor| Bromodomain & extraterminal domain (BET) bromodomain (BRD) inhibitor| Bromodomain containing protein 2 inhibitor| Bromodomain containing protein inhibitor,Bromodomain containing protein,UK| US,EVALUATE| CORTELLIS| PHARMAPROJECTS,2026-05-08T16:03:09.035Z,2026-05-08T16:03:09.035Z
4e4eb411-c9ce-491d-a5c2-5fcc006aff9d,"alpha 7 nAChR modulators (cognitive impairment), Bionomics",356dc64e-5e76-4ab6-89b0-73f7d72ff75b,"MK-4334, Merck & Co.",Suspended,,,Bionomics Ltd,Small molecule| Synthetic small molecule| Systemic formulation unspecified,Phase 1 Clinical| Preclinical| Suspended,"Alzheimers disease| Anxiety, unspecified| Attention deficit hyperactivity disorder| Cognitive disorder| Depression| Multiple sclerosis| Parkinson's disease| Schizophrenia",Neurology/Psychiatric,Alpha-4 nicotinic receptor agonist| Nicotinic ACh receptor alpha 7 subunit modulator,Nicotinic ACh receptor alpha 7 subunit,Australia,CORTELLIS| PHARMAPROJECTS,2026-05-08T16:03:11.616Z,2026-05-08T16:03:11.616Z
4235a36c-a081-486d-989f-d5ccb38b1667,GRE-213,24cf8f14-0898-4305-b575-a2f0b1091796,,Suspended,,,Grespo,Drug combination| Oral formulation| Small molecule| Synthetic small molecule,Preclinical| Suspended,Alzheimers disease| Central nervous system disease| Cognitive disorder| Other neurological indications| Parkinson's disease| Parkinsons disease,Neurology/Psychiatric,Unclassified| Unidentified pharmacological activity,,Sweden,EVALUATE| CORTELLIS| PHARMAPROJECTS,2026-05-08T16:03:12.055Z,2026-05-08T16:03:12.055Z
5e2db796-9b07-4b00-a3cc-7dbe4d365d10,BIIB-145,28fa3d6b-ba93-4ee6-9572-6893c443afb5,BIIB145,Phase 1 Clinical,,,Biogen NV,Degrader| Oral formulation| Small molecule| Synthetic small molecule,Phase 1 Clinical,Multiple sclerosis| Multiple sclerosis (MS) unspecified,Immune| Neurology/Psychiatric,BTK gene stimulator| Bruton tyrosine kinase inhibitor| Bruton’s tyrosine kinase (BTK) inhibitor,Btk tyrosine kinase,US,EVALUATE| CORTELLIS| PHARMAPROJECTS,2026-05-08T16:03:09.217Z,2026-05-08T16:03:09.217Z
b4a435d1-2e09-4691-a48d-f822fd0e25c6,MIPS-3114,244eacd8-dfcb-4ff8-9d2e-02644c21ae9c,,Preclinical,,,Monash Heart,Small molecule,Preclinical,Alzheimers disease| Cognitive disorder| Neurological disease,Neurology/Psychiatric,Muscarinic M4 receptor agonist,Muscarinic M4 receptor,Australia,CORTELLIS,2026-05-08T16:03:11.895Z,2026-05-08T16:03:11.895Z
6c1c4eb1-8112-4a3f-a62b-fd713b30afc7,Tau Modulator Project,70aa64f0-77a1-4eb8-9563-7af273031b14,,Preclinical,,,Innovative California Biosciences International,Small molecule,Preclinical,Alzheimers disease,Neurology/Psychiatric,Tau kinase inhibitor,,US,EVALUATE,2026-05-08T16:03:08.835Z,2026-05-08T16:03:08.835Z
bd44ca32-174e-41b9-b3c8-965502631922,IB08C179,7de8784f-d389-44d4-9a88-56d6a9323097,,Preclinical,,,Biomar Group A/S,Small molecule,Preclinical,Alzheimers disease| Other neurological indications,Neurology/Psychiatric,Unknown,,Spain,EVALUATE,2026-05-08T16:03:08.875Z,2026-05-08T16:03:08.875Z
4b78ca13-5153-4eda-9c93-afc03685f1ae,BT-409,fadbd7e7-f0b2-418f-8262-c06c6d01a782,,Phase 1 Clinical,,,Brenig Therapeutics Inc| Mwyngil Therapeutics Inc,Oral formulation| Small molecule,Phase 1 Clinical,Multiple sclerosis| Multiple sclerosis (MS) unspecified| Nervous system inflammation| Neuritis| Parkinson's disease| Parkinsons disease,Immune| Neurology/Psychiatric,NACHT LRR PYD domain protein 3 inhibitor| NLR family pyrin domain containing 3 (NLRP3) inflammasome inhibitor| NLR family pyrin domain containing 3 inhibitor,NACHT LRR PYD domain protein 3,US,EVALUATE| CORTELLIS| PHARMAPROJECTS,2026-05-08T16:03:09.417Z,2026-05-08T16:03:09.417Z
f8e6f490-f860-485f-8901-32bb3c613b19,OPT-LR42,dc688a59-4791-4d25-886a-625e4549ee68,,Preclinical,,,Bioptic Inc,Small molecule| Synthetic small molecule,Discovery| Preclinical,Parkinson's disease,Neurology/Psychiatric,Leucine-rich repeat kinase 2 inhibitor| Leucine-rich repeat serine/threonine-protein kinase 2 inhibitor,,US,EVALUATE| PHARMAPROJECTS,2026-05-08T16:03:09.755Z,2026-05-08T16:03:09.755Z
107682cb-77f0-44f3-a453-ffc8d86074e8,MT-031,d8693ef8-7ee7-4caf-aa26-814839a13511,,Preclinical,,,Technion Israel Institute of Technology,Oral formulation| Small molecule,Preclinical,Alzheimers disease| Dementia,Neurology/Psychiatric,Acetylcholinesterase inhibitor| Cholinesterase modulator| MAO A inhibitor,Acetylcholinesterase| Cholinesterase| MAO A,Israel,CORTELLIS,2026-05-08T16:03:11.835Z,2026-05-08T16:03:11.835Z
97f74561-1061-44e1-bf26-b9d99ea641c1,ELVN-001,0d765a51-7922-4000-8c95-f36174822027,,Phase 1 Clinical,,,Enliven Inc,Capsule formulation| Once daily formulation| Small molecule| Tablet formulation,Phase 1 Clinical,"Cancer, leukaemia, chronic myelogenous| Chronic myelocytic leukemia| Leukaemia, chronic myeloid (CML)| Parkinsons disease",Cancer| Neurology/Psychiatric| Rare Diseases,Bcr protein modulator| Bcr-Abl inhibitor| Bcr/Abl fusion protein inhibitor| Phosphotransferase inhibitor| Protein kinase inhibitor| Tyrosine protein kinase ABL1 modulator,Bcr protein| Protein kinase| Tyrosine protein kinase ABL1,US,EVALUATE| CORTELLIS| PHARMAPROJECTS,2026-05-08T16:03:12.314Z,2026-05-08T16:03:12.314Z
14f9df52-f3c7-4b0f-b63d-d1d0ad3f194d,S-898270,593d1aca-088b-4588-81dd-97da886c90cd,,Phase 1 Clinical,,,Shionogi Ltd,Oral formulation| Small molecule| Synthetic small molecule,Phase 1 Clinical| Preclinical,Alzheimers disease| Cognitive disorder| Dementia| Senile dementia,Neurology/Psychiatric,PDE 4d inhibitor| Phosphodiesterase 4 (PDE4) inhibitor| Phosphodiesterase 4 inhibitor,PDE 4d,Japan,EVALUATE| CORTELLIS| PHARMAPROJECTS,2026-05-08T16:03:08.935Z,2026-05-08T16:03:08.935Z
ff9823f4-ed27-4115-b343-49eea055561e,PSY-02,2f7799c6-5c0b-4c5c-9c48-30df418e8ab3,,Preclinical,,,Psy Therapeutics Inc,Small molecule| Synthetic small molecule,Discovery| Preclinical,Alzheimers disease| Neurological disease| Other neurological indications| Parkinson's disease,Neurology/Psychiatric,Tau aggregation inhibitor,,US,EVALUATE| PHARMAPROJECTS,2026-05-08T16:03:09.597Z,2026-05-08T16:03:09.597Z
67658925-10bd-49c0-a43b-8022052d0f7e,NDC-1308,d23db673-02cf-4667-aedc-f0098d6473ad,,Suspended,,,Endece LLC,Infusion| Intravenous formulation| Nanoparticle formulation injectable| Nasal formulation| Small molecule| Steroid| Synthetic small molecule,Preclinical| Suspended,"Alzheimers disease| COVID-19 complications| COVID-19 treatment| Cancer| Coronavirus disease 19 infection| Demyelinating disease| General cancer indications| Lung cancer| Multiple sclerosis| Multiple sclerosis (MS) unspecified| Neuromyelitis optica| Niemann Pick disease| Niemann Pick disease type C1| Osmotic demyelination syndrome| Other immune indications| Pancreatic cancer| Pneumonia| Respiratory distress syndrome| Transverse myelitis, acute",Cancer| Endocrine/Metabolic| Immune| Infection| Neurology/Psychiatric| Other/Miscellaneous| Rare Diseases| Respiratory| Sensory Organs,Apolipoprotein C2 agonist| Estrogen receptor agonist| Lipoprotein lipase modulator| Oestrogen receptor-beta agonist,Apolipoprotein C2| Lipoprotein lipase,US,EVALUATE| CORTELLIS| PHARMAPROJECTS,2026-05-08T16:03:11.495Z,2026-05-08T16:03:11.495Z
401d3ad3-11e1-4ef6-866c-67eb2ee9adcd,"repurposed clenbuterol hydrochloride (neurodegenerative disorders), CuraSen Therapeutics",df048621-3491-4713-9f15-4163e8d5a514,,Phase 2 Clinical,,,CuraSen Therapeutics Inc,Capsule formulation| Oral formulation| Small molecule,Phase 2 Clinical,Cognitive disorder| Lewy body dementia| Neurodegenerative disease| Parkinsons disease| Parkinsons disease dementia| Sleep disorder,Neurology/Psychiatric,Beta 2 adrenoceptor agonist,Beta 2 adrenoceptor,US,CORTELLIS,2026-05-08T16:03:12.214Z,2026-05-08T16:03:12.214Z
8fda83ae-090e-48cb-85b4-96335e44680a,WID-2301,7ab7ae1f-57a5-4487-b96a-cf5f1882e780,,Preclinical,,,Whan In Pharm,Synthetic small molecule,Preclinical,Parkinson's disease,Neurology/Psychiatric,Unidentified pharmacological activity,,South Korea,PHARMAPROJECTS,2026-05-08T16:03:11.556Z,2026-05-08T16:03:11.556Z
4ddf2c6f-d21f-4b6f-848f-a28b18148b68,DNL-422,0caa2d4e-d246-4d9d-9183-df7a86ad246e,,Preclinical,,,Denali Pharma| Secarna Pharmaceuticals GmbH & Co KG,"DNA & RNA therapeutics| Oligonucleotide antisense| Oligonucleotide, non-antisense, non-RNAi| Small molecule| Systemic formulation unspecified",Preclinical,Parkinson's disease| Parkinsons disease,Neurology/Psychiatric,Synuclein accumulation inhibitor| Synuclein inhibitor,Synuclein,Germany| US,EVALUATE| CORTELLIS| PHARMAPROJECTS,2026-05-08T16:03:11.996Z,2026-05-08T16:03:11.996Z
14fd0046-e0e0-4ec5-8c80-79bcc19d3cf8,AS-S603,4c54a7f3-3130-40c1-9ee6-1dce47e1b454,AS-603| S603,Phase 1 Clinical,,,Amyloid Solution Inc| Deargen| NYU Langone,Small molecule| Synthetic small molecule| Tablet formulation,Phase 1 Clinical,Alzheimers disease,Neurology/Psychiatric,Amyloid precursor protein (APP) inhibitor| Beta 2 adrenoceptor modulator| Beta amyloid modulator| Beta amyloid precursor protein antagonist| Tau aggregation inhibitor| Tau kinase inhibitor,Beta 2 adrenoceptor| Beta amyloid| Tau protein,South Korea| US,EVALUATE| CORTELLIS| PHARMAPROJECTS,2026-05-08T16:03:09.214Z,2026-05-08T16:03:09.214Z
cab6c8c4-5a54-4dc5-90db-3f4699bb619f,CB301,8204d962-76db-4615-9994-322ed3fa48e2,,Preclinical,,,CANTABio Pharmaceuticals Inc| NovAliX SAS,Small molecule,Preclinical,Alzheimers disease,Neurology/Psychiatric,Unclassified,,France| US,EVALUATE,2026-05-08T16:03:09.215Z,2026-05-08T16:03:09.215Z
176af71b-c6f3-4564-89ca-e35730f7602c,4B11-11,828f620a-fade-42d2-879e-447408213ead,,Preclinical,,,4B Ventures LLC,Small molecule| Synthetic small molecule,Discovery| Preclinical,Frontotemporal dementia,Neurology/Psychiatric| Rare Diseases,Unidentified pharmacological activity| Unknown,,China,EVALUATE| PHARMAPROJECTS,2026-05-08T16:03:09.755Z,2026-05-08T16:03:09.755Z
8be3ffff-5061-48f7-8ffd-d060ed76cc59,ponesimod,e47ffb1e-22d8-4936-ac82-cdad2304e646,,Suspended,,,Actelion Ltd| Johnson & Johnson| Laboratoires Juvisé Pharmaceuticals SAS| Sosei Inc| Vanda Pharmaceuticals Inc| Vaxxilon AG| Viatris Inc,Oral formulation| Small molecule| Synthetic small molecule| Tablet formulation,Launched| Phase 3 Clinical| Preclinical| Suspended,"General inflammatory disorders| Graft versus host disease| Liver failure| Lupus nephritis| Multiple sclerosis| Multiple sclerosis (MS) unspecified| Multiple sclerosis, progressive, relapsing| Multiple sclerosis, relapsing-remitting| Other immune indications| Plaque psoriasis| Psoriasis| Relapsing-Remitting MS (RRMS)| Sjoegrens syndrome| Systemic lupus erythematosus| Ulcerative colitis",Alimentary/Metabolic| Dermatologic| Gastrointestinal| Immune| Neurology/Psychiatric| Rare Diseases,Immunosuppressant| Sphingosine 1-phosphate (S1P) receptor 1 agonist| Sphingosine 1-phosphate (S1P) receptor 1 immunoregulator| Sphingosine 1-phosphate (S1P) receptor 1 regulator| Sphingosine 1-phosphate 1 receptor agonist| Sphingosine-1-phosphate receptor-1 agonist| Sphingosine-1-phosphate receptor-1 modulator,Sphingosine-1-phosphate receptor-1,France| Japan| Switzerland| US,EVALUATE| CORTELLIS| PHARMAPROJECTS,2026-05-08T16:03:11.776Z,2026-05-08T16:03:11.776Z
da96f079-152f-442b-88d3-c24335136f0f,Neurology Research Program,251c3424-900a-46ab-8775-4e21310e53f5,,Preclinical,,,Arvinas Inc,Small molecule,Preclinical,Parkinson's disease,Neurology/Psychiatric,Leucine-rich repeat serine/threonine-protein kinase 2 regulator,,US,EVALUATE,2026-05-08T16:03:08.315Z,2026-05-08T16:03:08.315Z
88414f15-3338-41be-b1c9-5e78c5562b89,Rasagiline Mesylate,00e54a4e-b05d-43c2-a9ff-77d043b2c7d3,Rasagiline,Phase 1 Clinical,,,Fosun Foundation,Small molecule,Phase 1 Clinical,Parkinson's disease,Neurology/Psychiatric,Monoamine oxidase B (MAOB) inhibitor,,China,EVALUATE,2026-05-08T16:03:08.655Z,2026-05-08T16:03:08.655Z
846c7593-ce0e-43ce-8f1e-c5be3b353370,Parkinson's Disease Research Project (SELRA),896947c5-af4f-4794-b90c-35ad893a7b87,,Preclinical,,,Selonterra LLC,"Gene therapy| Nucleic acid, vector type| Small molecule",Preclinical,Parkinson's disease,Neurology/Psychiatric,Unclassified| Unidentified pharmacological activity,,US,EVALUATE| PHARMAPROJECTS,2026-05-08T16:03:09.374Z,2026-05-08T16:03:09.374Z
e40d703b-170d-4562-8533-3dc21b37a580,GD-11,290a9574-7477-42ba-80de-740bf45d3e4b,,Phase 2 Clinical,,,GuDui BioPharma Technology Inc,Formulation powder| Infusion| Intravenous formulation| Small molecule,Phase 2 Clinical,Amyotrophic lateral sclerosis| Ischemic stroke,Neurology/Psychiatric,Glucose transporter modulator,Glucose transporter,China,CORTELLIS,2026-05-08T16:03:11.994Z,2026-05-08T16:03:11.994Z
e0f9c1ab-e921-40f0-8a5a-0f7da1c876db,YA-102,eae66460-c965-4ea4-a846-46acaf967e62,,Preclinical,,,Yoda Pharmaceuticals,Small molecule| Synthetic small molecule,Preclinical,Parkinson's disease,Neurology/Psychiatric,Unidentified pharmacological activity| Unknown,,Taiwan,EVALUATE| PHARMAPROJECTS,2026-05-08T16:03:08.434Z,2026-05-08T16:03:08.434Z
ba7f3ead-7f90-4df2-859c-6507e7102064,verdiperstat,b263b47c-05de-4a9f-8fe3-0e6d510434ed,,Suspended,,,AstraZeneca AB,Capsule formulation| Oral formulation| Small molecule| Sustained release formulation| Synthetic small molecule| Tablet formulation,Phase 3 Clinical| Suspended,Amyotrophic lateral sclerosis| Aphasia| Multiple system atrophy| Parkinson's disease,Neurology/Psychiatric| Rare Diseases,Myeloperoxidase modulator,Myeloperoxidase,UK,CORTELLIS| PHARMAPROJECTS,2026-05-08T16:03:11.897Z,2026-05-08T16:03:11.897Z
c86572fb-5527-418b-987c-e489f4b48845,GB-5001,a8926ba7-6d4e-44c3-b83b-9d66e9721ff8,GB-5001A,Phase 1 Clinical,,,G2GBio Inc| Huons Co Ltd,Injectable controlled release formulation| Intramuscular formulation| Microparticle formulation| Other modified-release| Small molecule| Subcutaneous formulation| Sustained release formulation| Synthetic small molecule,Phase 1 Clinical,Alzheimers disease| Dementia| Senile dementia,Neurology/Psychiatric,Acetylcholinesterase (AChE) stimulant| Acetylcholinesterase inhibitor,,South Korea,EVALUATE| CORTELLIS| PHARMAPROJECTS,2026-05-08T16:03:08.595Z,2026-05-08T16:03:08.595Z
6d70789c-0ab5-4d00-ae27-211972b34591,TTP-RA,459840c7-a6d9-431a-a3d1-ef1b199852f2,Azeliragon| azeliragon,Suspended,,,Cantex Pharmaceuticals Inc| Georgetown University| vTv Therapeutics Inc,Capsule formulation| Once daily formulation| Oral formulation| Small molecule| Synthetic small molecule| Tablet formulation,Phase 1 Clinical| Phase 2 Clinical| Phase 3 Clinical| Preclinical| Suspended,"Acute kidney injury| Acute myelogenous leukemia| Alzheimers disease| Asthma| Bone metastases| Brain tumor| Breast tumor| COVID-19 treatment| Cachexia| Cancer pain| Cognitive disorder| Diabetic nephropathy| General cancer indications| Glioblastoma| Infection, coronavirus, novel coronavirus| Influenza virus infection| Insulin dependent diabetes| Lung cancer| Metastatic brain cancer| Metastatic pancreas cancer| Pancreatic cancer| Radio/chemotherapy-induced cognitive dysfunction| Renal injury| Triple-negative breast cancer",Alimentary/Metabolic| Cancer| Endocrine/Metabolic| Genitourinary/Sexual Function| Infection| Musculoskeletal| Neurology/Psychiatric| Other/Miscellaneous| Rare Diseases| Respiratory,Advanced glycosylation product receptor antagonist| Receptor for advanced glycation endproducts (RAGE) antibody,Advanced glycosylation product receptor,US,EVALUATE| CORTELLIS| PHARMAPROJECTS,2026-05-08T16:03:09.035Z,2026-05-08T16:03:09.035Z
cab99ac7-639f-47a1-8b06-136a579f42dc,LY-03017,de3ed121-8d5e-4d7b-b9c3-f88a204776e1,,Phase 2 Clinical,,,Luye Innomind Pharma Shijiazhuang Co Ltd| Luye Medical,Capsule formulation| Oral formulation| Small molecule| Synthetic small molecule,Phase 1 Clinical| Phase 2 Clinical| Preclinical,"Alzheimers disease| Delusion| Hallucination| Parkinson's disease| Psychosis, Alzheimer's disease| Psychosis, Parkinson's disease| Psychosis, acute| Psychotic disorder| Schizophrenia",Neurology/Psychiatric,5 Hydroxytryptamine 2A receptor antagonist| 5 Hydroxytryptamine 2C receptor antagonist| 5-HT2A (serotonin) receptor agonist| 5-HT2C (serotonin) receptor agonist,,China| Hong Kong,EVALUATE| CORTELLIS| PHARMAPROJECTS,2026-05-08T16:03:11.615Z,2026-05-08T16:03:11.615Z
1594710e-4b03-4ac8-a927-aed146370c36,ML-021,d25b5775-cca6-4dec-bbff-7de4d447e292,,Preclinical,,,MapLight Therapeutics Inc,Small molecule| Synthetic small molecule| Systemic formulation unspecified,Preclinical,Parkinson's disease| Parkinsons disease,Neurology/Psychiatric,Muscarinic M4 receptor agonist| Muscarinic acetylcholine receptor (M4) antagonist,Muscarinic M4 receptor,US,EVALUATE| CORTELLIS| PHARMAPROJECTS,2026-05-08T16:03:08.259Z,2026-05-08T16:03:08.259Z
b6c8da0e-3d86-4b08-a0e7-486e8a934d65,RSQ-786,b1fb126d-76b5-32e9-8239-f63a34e766f5,Bumetanide,Phase 2 Clinical,,,B&A Therapeutics,Small molecule,Phase 2 Clinical,Parkinson's disease,Neurology/Psychiatric,Sodium/potassium chloride co-transporter isoform 1 (NKCC1) blocker,,France,EVALUATE,2026-05-08T16:03:09.215Z,2026-05-08T16:03:09.215Z
8bbe6275-6b96-49ac-9a52-fdad95ddc128,"mGlu2 NAM (oral, Alzheimer's disease/depression/stroke/Parkinson's disease), Addex Therapeutics",ab617f32-89fd-4346-8bb1-a33925322598,ADX-92639,Suspended,,,Addex Therapeutics Ltd,Oral formulation| Small molecule| Synthetic small molecule,Preclinical| Suspended,"Alzheimers disease| Cognitive disorder| Depression| Depression, major depressive disorder| Ischaemia, cerebral| Parkinsons disease| Stroke",Cardiovascular| Neurology/Psychiatric,Glutamate 5 receptor antagonist| Metabotropic glutamate receptor 2 agonist,Metabotropic glutamate receptor 2,Switzerland,CORTELLIS| PHARMAPROJECTS,2026-05-08T16:03:09.694Z,2026-05-08T16:03:09.694Z
ec7777fa-eeb7-48b9-aa78-37e38b13301c,"synuclein nitrase inhibitor, Nitrase Therapeutics",a1dfe0a0-c15a-4da4-892b-ef2c47fa7f74,,Preclinical,,,Nitrase Therapeutics Inc,Small molecule| Synthetic small molecule,Discovery| Preclinical,Parkinson's disease,Neurology/Psychiatric,Synuclein accumulation inhibitor| Synuclein inhibitor,,US,EVALUATE| PHARMAPROJECTS,2026-05-08T16:03:11.557Z,2026-05-08T16:03:11.557Z
6a1096fb-6691-4542-8e00-eb74791e638c,"complement C6 inhibitors (multiple sclerosis), Complement Pharma",f26c836c-dfaa-443d-9633-3efaa4c61b38,,Preclinical,,,Regenesance BV,Small molecule,Preclinical,Multiple sclerosis,Immune,Complement factor C6 inhibitor,Complement factor C6,Netherlands,CORTELLIS,2026-05-08T16:03:12.374Z,2026-05-08T16:03:12.374Z
502b735a-9f46-4e96-8823-60489d91f02e,NA-901,89629a5a-7c86-4dc5-94ee-ce332cb509e1,,Phase 3 Clinical,,,Biomed Industries,Small molecule| Unidentified,Phase 2 Clinical| Phase 3 Clinical,"Alzheimers disease| Depression| Depression, major depressive disorder",Neurology/Psychiatric,Unclassified| Unidentified pharmacological activity,,US,EVALUATE| PHARMAPROJECTS,2026-05-08T16:03:09.374Z,2026-05-08T16:03:09.374Z
a51e6f0d-eeb0-44ef-bb82-71c95a08ec5c,"liposomal curcumin (iv, cancer/COVID-19), Sign Path Pharma",9c5e638b-77d9-4ca0-a6aa-1f42ea87f67a,Lipocurc,Suspended,,,Anderson Heart PC| SignPath Pharma| University of North Texas,Infusion| Intravenous formulation| Liposome formulation| Nanoparticle formulation| Plant| Plant extract| Small molecule| Sustained release formulation,Phase 2 Clinical| Preclinical| Suspended,"Astrocytoma| Brain tumor| COVID-19 treatment| Cancer| Cancer, mesothelioma| Cancer, myeloma| Cancer, solid, unspecified| Colorectal tumor| Coronavirus disease 19 infection| General cancer indications| Glioblastoma| Glioma| Gliosarcoma| Insulin dependent diabetes| Liver tumor| Metastasis| Multiple myeloma| Neurological disease| Non-insulin dependent diabetes| Non-small-cell lung cancer| Pancreatic cancer| Parkinson's disease| Sepsis| Solid tumour indications",Cancer| Hematologic| Infection| Neurology/Psychiatric| Rare Diseases,Cyclooxygenase 2 modulator| Immunostimulant| JNK stimulant| Nuclear factor kappa B modulator| Osteopontin ligand| Sphingomyelinase phosphodiesterase stimulant,Nuclear factor kappa B,US,EVALUATE| CORTELLIS| PHARMAPROJECTS,2026-05-08T16:03:09.694Z,2026-05-08T16:03:09.694Z
c37b21d6-dedb-4dc3-b8c2-2db3ce68aae4,Neurodegenerative Diseases Research Project,a493ab06-a1de-4311-b080-eff414b8b0fd,"neurodegenerative disease therapy, Mitochem Therapeutics",Preclinical,,,MitoChem Therapeutics,Synthetic small molecule,Preclinical,"Acute kidney injury| Alzheimers disease| Amyotrophic lateral sclerosis| Diabetes, undisclosed Type| Ischaemia, general| Muscular dystrophy| Parkinson's disease",Alimentary/Metabolic| Cardiovascular| Genitourinary/Sexual Function| Musculoskeletal| Neurology/Psychiatric| Rare Diseases,Unidentified pharmacological activity,,US,EVALUATE| PHARMAPROJECTS,2026-05-08T16:03:11.676Z,2026-05-08T16:03:11.676Z
aabd5440-b95a-40d5-af12-b69b74433250,KPO-1143,8a55707b-d9fb-432d-9db7-bcbe558b2cad,,Suspended,,,KinoPharma Inc,Small molecule| Synthetic small molecule| Systemic formulation unspecified,Preclinical| Suspended,Alzheimers disease,Neurology/Psychiatric,DYRK-1 alpha protein kinase inhibitor| Tau aggregation inhibitor| Tau kinase inhibitor,DYRK-1 alpha protein kinase| Tau protein,Japan,CORTELLIS| PHARMAPROJECTS,2026-05-08T16:03:12.276Z,2026-05-08T16:03:12.276Z
6a27ac5f-31ed-4bf1-9c76-cf2f326ce4aa,P021,edb91ed9-3894-4792-9400-92ed7793e2fe,,Preclinical,,,Phanes Biotech LLC,Small molecule,Preclinical,Alzheimers disease,Neurology/Psychiatric,Brain derived neurotrophic factor (BDNF) stimulant| Glycogen synthase kinase 3 beta (GSK3b) regulator| Leukaemia inhibitory factor (LIF) regulator,,US,EVALUATE,2026-05-08T16:03:08.937Z,2026-05-08T16:03:08.937Z
bd5d7468-2d1c-4271-b8d3-054e827dd2e2,BTK SH2 domain inhibitors,b34fe3fc-b837-441d-b1bf-be00268141c2,,Preclinical,,,Recludix Pharma Inc,Small molecule,Discovery| Preclinical,Multiple sclerosis (MS) unspecified| Rheumatoid arthritis| Urticaria,Immune,Bruton’s tyrosine kinase (BTK) inhibitor,,US,EVALUATE,2026-05-08T16:03:09.094Z,2026-05-08T16:03:09.094Z
e451b749-67d7-47cf-a6bc-1e83b3542191,"avicursen (inhaled, asthma), Antisense Therapeutics",a18ac608-2d6d-43fa-a257-563d42cb0b17,"avicursen (subcutaneous, multiple sclerosis/stem cell transplant), Antisense Therapeutics",Suspended,,,Ionis Ireland Ltd| Percheron Spine LLC,"Antisense therapy| DNA & RNA therapeutics| Imaging agent| Inhalant formulation| Nucleic acid, vector type| Oligonucleotide antisense| Small molecule| Subcutaneous formulation| mRNA therapy",Phase 2 Clinical| Suspended,"Asthma| Becker muscular dystrophy| Bone marrow transplantation| Diagnosis, infection| Dystrophy, limb-girdle muscular, type 2C| Limb girdle muscular dystrophy| Multiple sclerosis| Multiple sclerosis, relapsing-remitting| Post-COVID syndrome| Relapsing-Remitting MS (RRMS)| Secondary-Progressive MS (SPMS)| Stem cell mobilization",Hematologic| Immune| Infection| Inflammatory| Musculoskeletal| Neurology/Psychiatric| Other/Miscellaneous| Rare Diseases| Respiratory,Alpha-4 integrin antisense| Alpha4beta7 integrin antagonist| Gene expression inhibitor| ITGA4 gene inhibitor| ITGB1 gene inhibitor| Integrin alpha-4/beta-1 agonist,ITGA4 gene| ITGB1 gene,Australia| US,EVALUATE| CORTELLIS| PHARMAPROJECTS,2026-05-08T16:03:11.995Z,2026-05-08T16:03:11.995Z
be2b3c74-99d3-48be-aac2-7ba0ce977df3,ANK-700,9b9f53c5-e2dc-4012-8904-1d5b7cffaf1f,,Phase 1 Clinical,,,Anokion SA,Biological| Infusion| Intravenous formulation| Peptide| Protein recombinant| Small molecule,Phase 1 Clinical,"Allergy| Autoimmune disease| Multiple sclerosis| Multiple sclerosis (MS) unspecified| Multiple sclerosis, relapsing-remitting| Other immune indications",Immune| Neurology/Psychiatric,Immunosuppressant| Unknown,,Switzerland,EVALUATE| CORTELLIS| PHARMAPROJECTS,2026-05-08T16:03:08.834Z,2026-05-08T16:03:08.834Z
5a02eae7-4f6a-4e98-b6d2-7e1675213911,SHRN3,db31aa98-1570-4933-8143-40ae57f2a60d,SHRN-3,Preclinical,,,Shivanka Research LLC,Small molecule| Synthetic small molecule,Preclinical,Parkinson's disease,Neurology/Psychiatric,Dopamine receptor agonist| Dopamine receptor potentiator,,US,EVALUATE| PHARMAPROJECTS,2026-05-08T16:03:09.535Z,2026-05-08T16:03:09.535Z
04edd817-edee-4f1f-80cd-0d6265ed3a35,FVE-101,5a3283d5-1a34-4b55-b0df-4a7d0753fafa,,Preclinical,,,Five AI Ltd,Small molecule| Synthetic small molecule,Preclinical,"Dyskinesia, levodopa-induced| Other neurological indications| Parkinson's disease| Traumatic brain injury",Neurology/Psychiatric,Unidentified pharmacological activity| Unknown,,US,EVALUATE| PHARMAPROJECTS,2026-05-08T16:03:09.636Z,2026-05-08T16:03:09.636Z
1750bb33-8e2a-40b9-9917-2f095e17c3f6,Ibutamoren,2c5afecd-b95c-4647-a3e3-448bc2a9e400,"ibutamoren, Ammonett Pharma",Suspended,,,Ammonett Pharma LLC| Lumos Inc| Merck & Co Inc,Capsule formulation| Once daily formulation| Peptide| Small molecule| Synthetic small molecule| Tablet formulation,Phase 2 Clinical| Phase 3 Clinical| Suspended,"Adult growth hormone deficiency| Age-related frailty| Alcoholic fatty liver disease| Alzheimers disease| Fetal growth restriction| Fibromyalgia| Growth hormone deficiency| Growth hormone disorders| Metabolic dysfunction-associated steatohepatitis| Metabolic dysfunction-associated steatotic liver disease| Non-alcoholic steatohepatitis| Prader-Willi syndrome| Sarcopenia| Sex-chromosome abnormality, Turner's syndrome| Short stature in children| Turners syndrome",Alimentary/Metabolic| Dermatologic| Endocrine/Metabolic| Gastrointestinal| Genitourinary/Sexual Function| Hormonal (excluding sex hormones)| Musculoskeletal| Neurology/Psychiatric| Other/Miscellaneous| Rare Diseases,Ghrelin ligand| Growth hormone receptor agonist| Growth hormone releasing factor agonist| Growth hormone secretagogue receptor agonist| Growth hormone-releasing hormone (GHRH) receptor agonist| Unidentified pharmacological activity| Unknown,Ghrelin ligand| Growth hormone ligand,US,EVALUATE| CORTELLIS| PHARMAPROJECTS,2026-05-08T16:03:09.794Z,2026-05-08T16:03:09.794Z
6673dd68-09e0-428c-8409-dc2c05de54cf,etrinabdione,08778232-a970-4106-bed9-4a82fcb08454,,Suspended,,,Emerald| Emerald Biotechnology España| Emerald Health Biotechnology España SLU,Oral formulation| Oral liquid formulation| Semisynthetic small molecule| Small molecule| Synthetic small molecule,Preclinical| Suspended,"Alzheimers disease| Amyotrophic lateral sclerosis| Fibrosis| Huntington's disease| Multiple sclerosis, progressive, secondary| Multiple sclerosis, relapsing-remitting| Parkinson's disease| Peripheral vascular disease| Scleroderma",Cardiovascular| Immune| Inflammatory| Musculoskeletal| Neurology/Psychiatric| Rare Diseases,Cannabinoid CB2 receptor agonist| Hypoxia inducible factor modulator| PPAR gamma agonist| Peroxisome proliferator-activated receptor gamma (PPAR-gamma) agonist| Unidentified pharmacological activity,Cannabinoid CB2 receptor| Hypoxia inducible factor| PPAR gamma,US,CORTELLIS| PHARMAPROJECTS,2026-05-08T16:03:11.497Z,2026-05-08T16:03:11.497Z
7e09905e-5130-401b-8e7c-063237e87236,"Parkinson's disease therapy, NRG Therapeutics",8a1bb25f-239a-4dfd-919a-74ee3ccab71a,,Preclinical,,,NRG Oncology,Synthetic small molecule,Preclinical,Amyotrophic lateral sclerosis| Parkinson's disease,Neurology/Psychiatric| Rare Diseases,Unidentified pharmacological activity,,UK,PHARMAPROJECTS,2026-05-08T16:03:11.674Z,2026-05-08T16:03:11.674Z
287ebc15-b775-4705-bec3-497b358702ef,Anti-aggregation Agent Program,c3770131-bc56-47e9-9154-d9f5dc64ee9c,,Preclinical,,,Icahn School of Medicine at Mount Sinai,Small molecule,Preclinical,Alzheimers disease,Neurology/Psychiatric,Amyloid beta A4 binding protein inhibitor,,US,EVALUATE,2026-05-08T16:03:08.315Z,2026-05-08T16:03:08.315Z
9346e68b-d05a-4c31-aec6-49269a141110,Parkinson's Research Project,69956a5e-9bb7-46aa-9aeb-e54ff8a8e37a,,Preclinical,,,FAR Research,Small molecule,Preclinical,Parkinson's disease,Neurology/Psychiatric,Nuclear factor erythroid 2-related factor (Nrf2) stimulant,,US,EVALUATE,2026-05-08T16:03:08.774Z,2026-05-08T16:03:08.774Z
775c6be6-652c-4956-8be4-43b72289b1b8,NMRA-GCase,1224b9cb-89e2-48db-b7f8-60e8ec28a622,,Preclinical,,,Amgen SA| Neumora Therapeutics Inc,Small molecule| Synthetic small molecule| Systemic formulation unspecified,Preclinical,Other neurological indications| Parkinson's disease| Parkinsons disease,Neurology/Psychiatric,Glucocerebrosidase (GCase) regulator| Glucosylceramidase modulator,Glucosylceramidase,US,EVALUATE| CORTELLIS| PHARMAPROJECTS,2026-05-08T16:03:09.214Z,2026-05-08T16:03:09.214Z
fb2d70cc-4ddb-48f4-a671-e369ad05ca51,Alzheimer's disease therapeutics,4d1297bf-763a-40d2-a85b-786402343287,"Alzheimer's disease therapeutics, Icosa Pharma",Preclinical,,,Icosa Pharma,Small molecule,Preclinical,Alzheimers disease,Neurology/Psychiatric,Unidentified pharmacological activity,,Canada,EVALUATE| PHARMAPROJECTS,2026-05-08T16:03:11.494Z,2026-05-08T16:03:11.494Z
50c0f943-7299-4d54-8ffe-09012319494e,Neurological Undisclosed Research Program (NID),55d33a01-953e-4d53-ab33-a80f0e059b77,,Preclinical,,,Nido Surgical Inc,Small molecule,Preclinical,Amyotrophic lateral sclerosis| Other neurological indications| Undisclosed,Neurology/Psychiatric,Unclassified,,US,EVALUATE,2026-05-08T16:03:08.374Z,2026-05-08T16:03:08.374Z
4b05f7bd-a872-404d-b8c8-ac606cb85b26,nilotinib,8f7d8a32-f668-4ee7-b28d-ac4e1d46f441,"nilotinib, KeifeRx| repurposed nilotinib (Alzheimer’s Disease/Lewy Body Dementia/Huntington’s Disease), Georgetown University/KeifeRx",Phase 3 Clinical,,,Georgetown University| KeifeRx LLC,Capsule formulation| Oral formulation| Small molecule| Synthetic small molecule,Phase 1 Clinical| Phase 2 Clinical| Phase 3 Clinical,Alzheimers disease| Huntington's disease| Huntingtons chorea| Lewy body dementia| Parkinson's disease,Neurology/Psychiatric| Rare Diseases,ABL gene inhibitor| Bcr-Abl inhibitor| Beta amyloid synthesis inhibitor| C-kit inhibitor| Platelet-derived growth factor receptor agonist| Protein tyrosine kinase inhibitor,Beta amyloid| Protein tyrosine kinase,US,EVALUATE| CORTELLIS| PHARMAPROJECTS,2026-05-08T16:03:09.753Z,2026-05-08T16:03:09.753Z
ece54030-ba9d-4687-884d-fee1d1aea4b7,GBA1 gene programme,8d08d40e-d0ee-410e-a173-0ad65636b724,,Preclinical,,,Gain Medical Co Ltd,Small molecule,Preclinical,Gaucher disease| Parkinson's disease,Unknown,Glucocerebrosidase (GCase) stimulant,,US,EVALUATE,2026-05-08T16:03:08.655Z,2026-05-08T16:03:08.655Z
710d9768-09b7-48be-9006-42c9d2ee1662,NT-13,19ccb447-4e58-4f74-979b-5de68d568d55,apimostinel,Suspended,,,Gate Inc| Naurex Inc,Intravenous formulation| Oral formulation| Peptide| Quick release formulation| Small molecule| Synthetic small molecule,Phase 2 Clinical| Suspended,"Alzheimers disease| Anxiety, unspecified| Bipolar disorder| Cognitive disorder| Depression| Depression, major depressive disorder| Ischaemia, cerebral| Major depressive disorder| Neuropathic pain| Psychosis, unspecified| Schizophrenia",Cardiovascular| Neurology/Psychiatric,Glycine NMDA associated agonist| Glycine partial agonist| N-methyl-D-aspartate (NMDA) receptor regulator| NMDA receptor agonist| NMDA receptor partial agonist,Glycine receptor| NMDA receptor,US,EVALUATE| CORTELLIS| PHARMAPROJECTS,2026-05-08T16:03:11.616Z,2026-05-08T16:03:11.616Z
59340c34-03f5-4d4d-8794-efbe4990eccd,BEN-34712,180e3c21-28d5-442d-a5a7-380b0ced2aa0,,Preclinical,,,BenevolentBio,Oral formulation| Small molecule,Preclinical,Amyotrophic lateral sclerosis,Neurology/Psychiatric,Retinoic acid receptor agonist,Retinoic acid receptor alpha| Retinoic acid receptor beta,UK,CORTELLIS,2026-05-08T16:03:11.935Z,2026-05-08T16:03:11.935Z
445d456a-986c-4934-b1c4-27f6aad365e9,emestedastat,61f62e8e-d66b-41c1-b83d-0ea30e5bfd33,Xanamem,Suspended,,,Actinogen Medical Ltd| Edinburgh Centre,CNS formulation| Capsule formulation| Film coating| Once daily formulation| Small molecule| Tablet formulation,Phase 2 Clinical| Phase 3 Clinical| Preclinical| Suspended,"Alzheimers disease| Bipolar disorder| Cognitive disorder| Dementia| Depression| Depression, major depressive disorder| Diabetes, undisclosed Type| Epilepsy| Fragile X syndrome| Major depressive disorder| Myocardial infarction| Myocardial infarction, acute (AMI)| Other neurological indications| Parkinson's disease| Post traumatic stress disorder| Schizophrenia| Sex-chromosome abnormality, fragile X syndrome",Alimentary/Metabolic| Cardiovascular| Neurology/Psychiatric| Rare Diseases,11 Beta hydroxysteroid dehydrogenase inhibitor| 11-Beta hydroxysteroid dehydrogenase 1 inhibitor| 11-beta-hydroxysteroid dehydrogenase 1 (HSD1) inhibitor,11-Beta hydroxysteroid dehydrogenase 1,Australia| UK,EVALUATE| CORTELLIS| PHARMAPROJECTS,2026-05-08T16:03:08.376Z,2026-05-08T16:03:08.376Z
dd4d8a1f-66f1-45db-a90e-1077e68fe3b0,"RST-01, ReST Therapeutics SAS",e3a5d829-9610-45d2-96f1-21c1ff0f624e,Fluoroethylnormemantine| fluoroethylnormemantine,Suspended,,,Rest Devices Inc| University of Toulouse,Small molecule| Synthetic small molecule| Systemic formulation unspecified,Preclinical| Suspended,Alzheimers disease| Post traumatic stress disorder,Neurology/Psychiatric,Ionotropic glutamate receptor agonist| N-methyl-D-aspartate (NMDA) receptor antagonist| NMDA receptor agonist,Ionotropic glutamate receptor| NMDA receptor,France,EVALUATE| CORTELLIS| PHARMAPROJECTS,2026-05-08T16:03:08.537Z,2026-05-08T16:03:08.537Z
02199ca3-6bcb-469b-bd56-be7571ad8cf8,Path-002,9673bb4e-d0ba-4bb8-a17a-ac97ce046fd2,,Preclinical,,,PATH,Small molecule,Preclinical,Alzheimers disease,Neurology/Psychiatric,Unidentified pharmacological activity| Unknown,,US,EVALUATE| PHARMAPROJECTS,2026-05-08T16:03:08.936Z,2026-05-08T16:03:08.936Z
4cf7d9bb-5858-4a0c-ad98-c43827b9830a,SNT-4728,1d596958-15ba-47b2-9f34-610f99b99698,PXS-4728| PXS-4728A,Suspended,,,Boehringer Ingelheim KG| Syntara LLC,Oral formulation| Small molecule| Synthetic small molecule| Tablet formulation,Phase 2 Clinical| Suspended,Asthma| Chronic obstructive airway disease| Diabetic retinopathy| Encephalitis| General respiratory disorders| Idiopathic pulmonary fibrosis| Inflammatory disease| Non-alcoholic steatohepatitis| Other neurological indications| Other sleep disorders| Parkinson's disease| Parkinsons disease| Sleep disorder,Alimentary/Metabolic| Cancer| Gastrointestinal| Immune| Inflammatory| Musculoskeletal| Neurology/Psychiatric| Ocular| Rare Diseases| Respiratory| Sensory Organs,Membrane copper amine oxidase inhibitor| Monoamine oxidase B inhibitor| Vascular adhesion protein-1 (VAP-1) inhibitor,Membrane copper amine oxidase,Australia| Germany,EVALUATE| CORTELLIS| PHARMAPROJECTS,2026-05-08T16:03:08.715Z,2026-05-08T16:03:08.715Z
a6a0cbfc-476b-4754-9197-9324f760ce73,TPT-0201,cb6dd9fc-5541-4318-b74d-19dcbce10e9e,,Preclinical,,,Tetra GmbH,Small molecule| Systemic formulation unspecified,Preclinical,Alzheimers disease| Cognitive disorder| Undisclosed,Neurology/Psychiatric,Fatty acid amide hydrolase (FAAH) inhibitor| Fatty acid amide hydrolase inhibitor| Monoacylglycerol lipase (MGLL) inhibitor| Monoacylglycerol lipase inhibitor| Monoglyceride lipase inhibitor,Fatty acid amide hydrolase| Monoglyceride lipase,Denmark,EVALUATE| CORTELLIS| PHARMAPROJECTS,2026-05-08T16:03:09.216Z,2026-05-08T16:03:09.216Z
31b2179b-943b-4adf-afc8-4519b8e7bb49,TM-700,38f85079-607f-407d-8d6b-423af39e1b65,ILB,Suspended,,,TikoMed AB,Infusion| Intravenous formulation| Oligosaccharide| Protein| Small molecule| Synthetic small molecule| Systemic formulation unspecified,Phase 2 Clinical| Preclinical| Suspended,"Amyotrophic lateral sclerosis| COVID-19 treatment| Glaucoma| Ischaemia, cerebral| Ischaemia, limb| Islet cell transplant rejection| Multiple sclerosis| Myocardial infarction| Myocardial infarction, acute (AMI)| Neurological disease| Organ transplant rejection| Pancreatic islet transplantation| Peripheral vascular disease| Stroke| Traumatic brain injury",Cardiovascular| Immune| Neurology/Psychiatric| Rare Diseases| Sensory Organs,Carnitine palmitoyltransferase (CPT) inhibitor| Cyclo-oxygenase (COX) inhibitor| Immunosuppressant| Unidentified pharmacological activity,,Sweden,EVALUATE| CORTELLIS| PHARMAPROJECTS,2026-05-08T16:03:09.535Z,2026-05-08T16:03:09.535Z
4c398390-c3fa-4eb2-9c14-405fb066762b,Lu-AF28996,b3f93fa7-6578-4180-8f12-8f6726f40245,,Phase 1 Clinical,,,H Lundbeck AB,Capsule formulation| Oral solution formulation| Prodrug| Small molecule,Phase 1 Clinical,Parkinsons disease,Neurology/Psychiatric,Dopamine D1 receptor agonist| Dopamine receptor agonist,Dopamine D1 receptor| Dopamine D2 receptor,Denmark,CORTELLIS,2026-05-08T16:03:11.935Z,2026-05-08T16:03:11.935Z
c8492b76-1b8c-43f3-848c-a8738981c073,ACE-2223,cd428994-a1d0-4863-b1ac-4a8e0e7d194d,,Preclinical,,,Acelot Inc,Formulation solid oral| Oral liquid formulation| Small molecule| Systemic formulation unspecified,Preclinical,Amyotrophic lateral sclerosis| Neurodegenerative disease,Neurology/Psychiatric,TAR DNA binding protein 43 modulator,TAR DNA binding protein 43,US,CORTELLIS,2026-05-08T16:03:12.155Z,2026-05-08T16:03:12.155Z
f51a67ab-f614-48ea-a38d-aa4ebc8e5e2c,NP-399,cd047bf2-b6ff-4455-8d06-fd7be8444ac7,,Preclinical,,,Neuropn Therapeutics,Oral formulation| Small molecule,Preclinical,Parkinsons disease,Cancer| Neurology/Psychiatric,Epoxide hydrolase-2 inhibitor,Epoxide hydrolase-2,US,CORTELLIS,2026-05-08T16:03:12.274Z,2026-05-08T16:03:12.274Z
c51009bb-f1a8-4cef-af1b-d7d5def22d2f,PRM-914,154b787e-352c-4856-a226-763708030787,,Preclinical,,,Pramana Inc,Once daily formulation| Oral formulation| Small molecule,Preclinical,Alzheimers disease| Hypoglycemia,Endocrine/Metabolic| Neurology/Psychiatric,G protein-coupled receptor (GPCR) agonist| G protein-coupled receptor 119 (GPR119) agonist| G-protein coupled receptor-119 agonist| GPR119 agonist,G-protein coupled receptor-119,Canada,EVALUATE| CORTELLIS| PHARMAPROJECTS,2026-05-08T16:03:09.256Z,2026-05-08T16:03:09.256Z
f06251c8-ffbc-41d6-b150-6bd909c6b628,LP-143,0e1c6675-0528-4ba6-b53a-3ce71fe7b268,LP143,Suspended,,,Longboard Pharmaceuticals Inc| Lundbeck NV| Pfizer Inc| The Arena Group,Oral formulation| Small molecule| Synthetic small molecule,Preclinical| Suspended,Amyotrophic lateral sclerosis| Parkinson's disease,Neurology/Psychiatric| Rare Diseases,Cannabinoid (CB) receptor type 2 (CB2) agonist| Cannabinoid CB2 receptor agonist,Cannabinoid CB2 receptor,Denmark| US,EVALUATE| CORTELLIS| PHARMAPROJECTS,2026-05-08T16:03:08.774Z,2026-05-08T16:03:08.774Z
6dbf9fa7-47dc-449f-be33-d90106c6bbae,Tau Modulator Research Program,cb7a88bf-31bf-467b-894c-f1d7fe8f4146,,Preclinical,,,APRINOIA Therapeutics Inc,Small molecule,Preclinical,Alzheimers disease| Frontotemporal dementia| Progressive supranuclear palsy,Neurology/Psychiatric,Tau aggregation inhibitor,,Japan,EVALUATE,2026-05-08T16:03:09.536Z,2026-05-08T16:03:09.536Z
90707a05-f0f2-4f3f-b90c-82fc8d91085b,"radiolabeled alpha-synuclein PET tracers (Parkinson's disease/multiple system atrophy), Abbvie",a0e697dc-e1f9-4707-9a11-8e3924333195,,Preclinical,,,AbbVie BV,Radiolabeling| Small molecule| Systemic formulation unspecified,Preclinical,Multiple system atrophy| Parkinsons disease,Neurology/Psychiatric,Synuclein inhibitor,Synuclein,US,CORTELLIS,2026-05-08T16:03:12.053Z,2026-05-08T16:03:12.053Z
3e72de33-58be-4eac-af73-ccceae70182f,CP-1050,b9bed36b-09e8-46ec-9b71-4f83f2520d43,,Suspended,,,Meiji Seika (USA) Inc,Oral formulation| Small molecule| Synthetic small molecule,Phase 1 Clinical| Suspended,"Multiple sclerosis| Multiple sclerosis, relapsing-remitting",Immune| Neurology/Psychiatric,Sphingosine 1-phosphate 1 receptor agonist| Sphingosine-1-phosphate receptor-1 agonist,Sphingosine-1-phosphate receptor-1,Japan,CORTELLIS| PHARMAPROJECTS,2026-05-08T16:03:12.274Z,2026-05-08T16:03:12.274Z
5b35258a-02f7-474c-a2f2-9e7c88bdb488,LTX-002,b5507ab3-cfa4-47b4-8bd8-50baee5866a6,LTx002,Phase 3 Clinical,,,Leal Health Inc| LiberaTx,DNA & RNA therapeutics| Infusion| Intravenous formulation| Nucleic acid technology| Oligonucleotide antisense| RNA| Small molecule,Phase 3 Clinical| Preclinical,Alzheimers disease| Amyotrophic lateral sclerosis| Motor neurone disease| Parkinson's disease| Parkinsons disease| Peripheral neuropathy,Neurology/Psychiatric| Rare Diseases,SPTLC1 gene inhibitor| Serine palmitoyltransferase inhibitor| Unknown,SPTLC1 gene,Singapore| US,EVALUATE| CORTELLIS| PHARMAPROJECTS,2026-05-08T16:03:08.436Z,2026-05-08T16:03:08.436Z
a635d89e-f7d1-4bdc-8c21-350a5d95f693,"Dyrk1a inhibitor, KinoPharma",1bf6eb99-f446-4308-b66c-ce7e0c8d8f46,,Preclinical,,,KinoPharma Inc,Synthetic small molecule,Preclinical,Alzheimers disease,Neurology/Psychiatric,Dual specificity TP-regulated kinase 1 inhibitor,,Japan,PHARMAPROJECTS,2026-05-08T16:03:09.596Z,2026-05-08T16:03:09.596Z
e67d884e-eb78-447d-a1ea-63fc464d9ba6,CU-71,dc939ef5-5722-4178-9aef-5ff8b8b594dd,,Suspended,,,CURACLE Co Ltd,Small molecule| Synthetic small molecule,Preclinical| Suspended,"Alzheimers disease| Dementia, cerebrovascular| Vascular dementia| Vascular endothelial dysfunction",Cardiovascular| Neurology/Psychiatric,Unidentified pharmacological activity| Unknown,,South Korea,EVALUATE| PHARMAPROJECTS,2026-05-08T16:03:08.656Z,2026-05-08T16:03:08.656Z
3440536b-0c09-4307-82cf-b778dd457b01,"DM3190, Digmbio",db3c68fc-8450-4486-9a73-3a5c5ff0e34a,DM-3190,Preclinical,,,DIGMBIO Inc,Small molecule,Preclinical,Parkinson's disease,Neurology/Psychiatric,Unidentified pharmacological activity| Unknown,,South Korea,EVALUATE| PHARMAPROJECTS,2026-05-08T16:03:09.154Z,2026-05-08T16:03:09.154Z
163e5460-bb19-46f0-801b-936c27a9860d,BMS-986196,90580d47-5b8b-4576-b2c4-fe10d9a2e53b,,Phase 1 Clinical,,,Bristol-Myers Squibb AB,Intravenous formulation| Oral formulation| Radiolabeling| Small molecule,Phase 1 Clinical,Multiple sclerosis,Immune,BTK gene stimulator,Btk tyrosine kinase,US,CORTELLIS,2026-05-08T16:03:12.213Z,2026-05-08T16:03:12.213Z
8e65beb5-6bcb-4bd8-a2a1-310fb35f3c2e,DPL-002,c9f74a89-fb72-4ad8-8006-e33edf57626f,,Preclinical,,,DPL NV LLC,Enteric coated capsule formulation| Small molecule,Preclinical,Amyotrophic lateral sclerosis,Neurology/Psychiatric,,,US,CORTELLIS,2026-05-08T16:03:12.316Z,2026-05-08T16:03:12.316Z
31c7e356-4334-4fff-9fd1-e74de09a9e39,"CV-01, CUREVERSE",7aa415aa-c17b-40e4-be39-eee1f208891c,,Phase 1 Clinical,,,Cureverse Co Ltd,Synthetic small molecule,Phase 1 Clinical,Alzheimers disease,Neurology/Psychiatric,Unidentified pharmacological activity,,South Korea,PHARMAPROJECTS,2026-05-08T16:03:11.616Z,2026-05-08T16:03:11.616Z
cd2193f1-84e3-4c89-a78b-3a248ae615ee,STM-003,10fc5f73-885a-441a-8e3e-019e7156aa4a,,Preclinical,,,Suntec Medical Inc,Biological| Small molecule| Systemic formulation unspecified,Preclinical,"Alzheimers disease| Cancer, neuroendocrine, unspecified| Cancer, renal| Cancer, solid, unspecified| Insulin dependent diabetes",Alimentary/Metabolic| Cancer| Endocrine/Metabolic| Neurology/Psychiatric| Rare Diseases,Microglial modulator,,US,EVALUATE| CORTELLIS| PHARMAPROJECTS,2026-05-08T16:03:11.894Z,2026-05-08T16:03:11.894Z
e13764ec-c58a-4640-befa-cc855b07cb3c,benfotiamine,b5ece47b-b0eb-40b8-9b7b-ea9aceb31e6c,,Phase 2 Clinical,,,Fudan University,Oral formulation| Small molecule| Tablet formulation,Phase 2 Clinical,Alzheimers disease,Neurology/Psychiatric,Beta amyloid synthesis inhibitor| Glycogen synthase kinase-3 alpha modulator| Glycogen synthase kinase-3 beta modulator,Beta amyloid| Glycogen synthase kinase-3 alpha| Glycogen synthase kinase-3 beta,China,CORTELLIS,2026-05-08T16:03:12.055Z,2026-05-08T16:03:12.055Z
7240c430-dd3a-4e80-ae40-e8830f66d855,JDB-175,8ac776e0-8a05-4e6b-9ba9-eb7a6e1968f1,,Suspended,,,Jumbo Drug Bank Co Ltd,Small molecule| Synthetic small molecule| Tablet formulation,Phase 1 Clinical| Suspended,Diffuse large B-cell lymphoma| Multiple sclerosis,Cancer| Immune| Neurology/Psychiatric| Rare Diseases,BTK gene stimulator| Bruton tyrosine kinase inhibitor,Btk tyrosine kinase,China,CORTELLIS| PHARMAPROJECTS,2026-05-08T16:03:12.095Z,2026-05-08T16:03:12.095Z
d326fc68-7f80-4cc6-83b5-59a8843c0d0c,3BT-1,4c83d2a3-0b4e-4502-9ad1-852d25619cb0,,Preclinical,,,Threebrooks Therapeutics,Small molecule| Synthetic small molecule,Discovery| Preclinical,Alzheimers disease,Neurology/Psychiatric,Unidentified pharmacological activity| Unknown,,South Korea,EVALUATE| PHARMAPROJECTS,2026-05-08T16:03:11.493Z,2026-05-08T16:03:11.493Z
15003b5c-20a2-433f-b8e6-077e07f59ae3,Biogen-Neomorph Alzheimer’s Disease Research Project,ed63bd82-c0ba-433f-9d27-05b6b740cc6f,"Alzheimer's disease therapy, Neomorph",Suspended,,,Biogen NV| Neomorph Inc,"Monoclonal antibody, other| Small molecule| Synthetic small molecule",Preclinical| Suspended,Alzheimers disease,Neurology/Psychiatric,Beta amyloid modulator| Protein degrader,,US,EVALUATE| PHARMAPROJECTS,2026-05-08T16:03:08.436Z,2026-05-08T16:03:08.436Z
ba5aa85a-5309-44d8-af54-b402d4e5d1c8,CU-00048,e4dd3662-abbc-478d-9b98-9e933c28a5b6,,Suspended,,,Acurex Biosciences Corp,Small molecule| Synthetic small molecule| Systemic formulation unspecified,Preclinical| Suspended,"Amyotrophic lateral sclerosis| Epilepsy| Essential tremor| Pain| Parkinson's disease| Parkinsons disease| Seizures, general",Neurology/Psychiatric| Rare Diseases,Calcium channel inhibitor T-type| T-type calcium channel blocker,Calcium channel T-type,US,EVALUATE| CORTELLIS| PHARMAPROJECTS,2026-05-08T16:03:09.754Z,2026-05-08T16:03:09.754Z
016f4747-9d84-4b9c-8719-b745f30d71ec,"duvelisib (cancer/cytokine release syndrome/COVID-19), Secura Bio",bc2a8ecf-6e91-4364-95db-758e729686ee,duvelisib,Suspended,,,CSPC Pharmaceutical Group Co Ltd| Intellikine LLC| Secura Bio Inc| Takeda GmbH| Verastem Inc,Capsule formulation| Small molecule| Synthetic small molecule,Launched| Phase 2 Clinical| Phase 3 Clinical| Preclinical| Suspended,"Adult T-cell lymphoma| Advanced solid tumor| Allergy| Anaplastic large cell lymphoma| Angioimmunoblastic T-cell lymphoma| Asthma| B-cell lymphoma| COVID-19 complications| COVID-19 treatment| Cancer| Cancer, haematological, unspecified| Cancer, lymphoma, follicular| Cancer, lymphoma, unspecified| Cancer, solid, unspecified| Chronic obstructive airway disease| Cutaneous T-cell lymphoma| Follicle center lymphoma| General blood malignancies| Head injury| Helper T-cell follicular lymphoma| Hodgkins disease| Leukaemia, acute lymphocytic (ALL)| Lymphoma| Mantle cell lymphoma| Marginal zone lymphoma| Multiple sclerosis| Natural killer/T-cell lymphoma (NKTL)| Non-Hodgkin lymphoma| Peripheral T-cell lymphoma| Pneumonia| Psoriasis| Rheumatoid arthritis| Small lymphocytic lymphoma| Stage III melanoma| Stage IV melanoma| Systemic lupus erythematosus| T-cell lymphoma| Transplant rejection",Cancer| Dermatologic| Immune| Infection| Inflammatory| Neurology/Psychiatric| Other/Miscellaneous| Rare Diseases| Respiratory,PI3 kinase delta inhibitor| PI3 kinase gamma inhibitor| Phosphatidylinositol 3-kinase (PI3K) subunit delta inhibitor| Phosphatidylinositol 3-kinase (PI3K) subunit gamma inhibitor| Phosphoinositide-3 kinase delta inhibitor| Phosphoinositide-3 kinase gamma inhibitor,Phosphoinositide-3 kinase delta| Phosphoinositide-3 kinase gamma,China| Japan| US,EVALUATE| CORTELLIS| PHARMAPROJECTS,2026-05-08T16:03:11.717Z,2026-05-08T16:03:11.717Z
6bde33f2-9124-4edb-a293-5022e8554302,vutiglabridin,cf5b3f18-bfd3-4135-bf94-a66c4792aa77,HSG4112,Phase 2 Clinical,,,Glaceum Inc,Oral formulation| Small molecule| Synthetic small molecule,Phase 1 Clinical| Phase 2 Clinical,"Arthritis, osteo| Macular degeneration, age-related, unspecified| Metabolic dysfunction-associated steatohepatitis| Non-alcoholic steatohepatitis| Obesity| Osteoarthritis| Parkinson's disease| Parkinsons disease",Alimentary/Metabolic| Gastrointestinal| Inflammatory| Musculoskeletal| Neurology/Psychiatric| Other/Miscellaneous| Sensory Organs,Unclassified| Unidentified pharmacological activity,Neuropeptide receptor,South Korea,EVALUATE| CORTELLIS| PHARMAPROJECTS,2026-05-08T16:03:09.375Z,2026-05-08T16:03:09.375Z
f4d7b493-2404-4997-9e99-79d606fa4911,NRDN-201,277bb4ae-531c-40a3-bce2-fb82c81d07f7,,Preclinical,,,Neurodon Corp,Small molecule| Synthetic small molecule| Systemic formulation unspecified,Preclinical,Alzheimers disease| Parkinson's disease| Parkinsons disease,Neurology/Psychiatric,ATPase modulator| Sarco endoplasmic calcium ATPase stimulator| Sarcoplasmic/endoplasmic reticulum calcium ATPase 2a (SERCA2a) agonist,Sarco endoplasmic calcium ATPase,US,EVALUATE| CORTELLIS| PHARMAPROJECTS,2026-05-08T16:03:09.795Z,2026-05-08T16:03:09.795Z
9c3a64c8-0729-4a5d-a9df-8e8ea9628aeb,radotinib,bca1e721-e005-49fa-9eda-fd075211a757,,Suspended,,,Abdi Ibrahim Ilac Sanayi Ve Ticaret Anonim Sirketi| Daewoong| Il-Yang Pharmaceutical Co Ltd| R-Pharm,Capsule formulation| Small molecule| Synthetic small molecule,Launched| Phase 2 Clinical| Suspended,"COVID-19 treatment| Cancer, leukaemia, chronic myelogenous| Chronic myelocytic leukemia| Coronavirus disease 19 infection| Infection, coronavirus, novel coronavirus| Leukaemia, acute myeloid (AML)| Leukaemia, chronic myeloid (CML)| Leukemia| Parkinson's disease| Parkinsons disease| Solid tumour indications",Cancer| Infection| Neurology/Psychiatric| Rare Diseases,Bcr protein inhibitor| Bcr-Abl inhibitor| Bcr/Abl fusion protein inhibitor| Synuclein inhibitor| Tyrosine protein kinase ABL1 inhibitor,Bcr protein| Tyrosine protein kinase ABL1,Russian Federation| South Korea| Turkey,EVALUATE| CORTELLIS| PHARMAPROJECTS,2026-05-08T16:03:11.775Z,2026-05-08T16:03:11.775Z
519d06fd-e87a-41fc-a3cb-f14ee63f64e0,"reformulated bucillamine (iv, ischemia reperfusion injury/acute respiratory distress syndrome/intoxication), Revive Therapeutics",3675f014-69d6-480e-a97a-14cc26813800,Bucillamine,Clinical,,,Revive Med Spa| Xenexus Pharmaceuticals Pty Ltd,Injectable formulation| Intravenous formulation| Oral formulation| Small molecule| Synthetic small molecule| Systemic formulation unspecified| Tablet formulation,Clinical| Phase 2 Clinical| Phase 3 Clinical| Preclinical,"Alzheimers disease| COVID-19 treatment| Coronavirus disease 19 infection| Cystinuria| Gout| Hyperuricaemia/Gout| Hyperuricemia| Infection, coronavirus, novel coronavirus| Infection, unspecified| Infectious disease| Influenza virus infection| Intoxication| Liver transplantation| Non-alcoholic steatohepatitis| Poison intoxication| Post COVID-19 condition| Post-COVID syndrome| Reperfusion injury| Respiratory distress syndrome| Traumatic brain injury| Undisclosed| Wilson disease",Alimentary/Metabolic| Cardiovascular| Gastrointestinal| Genitourinary/Sexual Function| Infection| Inflammatory| Musculoskeletal| Neurology/Psychiatric| Other/Miscellaneous| Rare Diseases| Respiratory| Toxicity/Intoxication,Cyclo-oxygenase (COX) inhibitor| Cyclooxygenase inhibitor| Immunosuppressant| Reducing agent| Xanthine oxidase inhibitor,Xanthine oxidase,Australia| Canada,EVALUATE| CORTELLIS| PHARMAPROJECTS,2026-05-08T16:03:09.376Z,2026-05-08T16:03:09.376Z
a84d02b9-8dce-476b-86eb-fae0cfa6819b,"riluzole (taste-masked microcapsules, Optimum, motor neurone disease), Adare Pharmaceuticals",f41d8fca-7fb1-4429-bad2-bff3b8e2a6cb,ORB-111,Suspended,,,Adare Development I LP| Orbis Inc,Formulation oral taste-masking| Microcapsule formulation| Oral formulation| Small molecule| Synthetic small molecule,Preclinical| Suspended,Amyotrophic lateral sclerosis,Neurology/Psychiatric| Rare Diseases,Cyclo-oxygenase 1 (COX-1) inhibitor| Dopamine receptor agonist| Glutamate antagonist| Glutamate release inhibitor| Voltage-gated sodium channel antagonist,,US,EVALUATE| CORTELLIS| PHARMAPROJECTS,2026-05-08T16:03:09.377Z,2026-05-08T16:03:09.377Z
14633114-aaeb-43a6-94b1-8280b19edfe9,tertomotide,fe30e948-c11f-410e-80fd-b0880969990c,,Launched,,,GemVax & Kael Co Ltd| GemVax AS| Hanyang Hospital| Samsung Health,Intradermal formulation| Peptide| Small molecule| Subcutaneous formulation| Vaccine,Launched| Phase 2 Clinical| Phase 3 Clinical,"Alzheimers disease| Amyotrophic lateral sclerosis| Benign prostatic hyperplasia (BPH)| Cancer, melanoma| Cancer, solid, unspecified| Colorectal tumor| General inflammatory disorders| Hearing loss| Infection, coronavirus, novel coronavirus| Liver tumor| Melanoma| Non-small-cell lung cancer| Pancreatic cancer| Progressive supranuclear palsy| Prostate cancer| Prostate hyperplasia| Prostate tumor| Renal cell carcinoma| Small lymphocytic lymphoma",Cancer| Genitourinary/Sexual Function| Immune| Infection| Neurology/Psychiatric| Rare Diseases| Sensory Organs,Anti-human telomerase reverse transcriptase (hTERT) cytotoxic T-lymphocyte (CTL) stimulant| Immuno-oncology therapy| Immunostimulant| T cell stimulant| T-Cell stimulant| Telomerase inhibitor,Telomerase,Norway| South Korea,EVALUATE| CORTELLIS| PHARMAPROJECTS,2026-05-08T16:03:12.154Z,2026-05-08T16:03:12.154Z
714d7839-7d19-4526-b1b1-bb388cd9898a,PLA2G15 inhibitor,9de14000-e502-4679-9488-c28258b2e981,"PLA2G15 inhibitor, Scenic Biotech",Preclinical,,,Scenic Biotech BV,Small molecule| Synthetic small molecule,Preclinical,Batten disease| Batten's disease| Frontotemporal dementia| Niemann Pick disease,Neurology/Psychiatric| Rare Diseases,Phospholipase A2 (PLA2) inhibitor,,Netherlands,EVALUATE| PHARMAPROJECTS,2026-05-08T16:03:08.596Z,2026-05-08T16:03:08.596Z
ba3f2319-29e9-4429-ac7a-872b7beb68d9,Anti-CSF1R Program,123bd503-ac62-42ff-8118-aa728335b14a,"anti-CSF1R therapy, Modulo Bio",Preclinical,,,Modulo Bio Inc,Small molecule,Preclinical,Amyotrophic lateral sclerosis| Frontotemporal dementia,Neurology/Psychiatric| Rare Diseases,Colony stimulating factor (CSF) modulator| Macrophage colony stimulating factor antagonist,,US,EVALUATE| PHARMAPROJECTS,2026-05-08T16:03:09.254Z,2026-05-08T16:03:09.254Z
3880cb94-3b50-4b05-9205-ad02b2519739,tideglusib,48863a15-28de-4d8c-9bf6-511f2799f90b,,Suspended,,,Amo Gmbh| Noscira| Noscira SA en Liquidación,Formulation powder| Oral formulation| Oral suspension formulation| Small molecule| Synthetic small molecule,Phase 3 Clinical| Preclinical| Suspended,"Alzheimers disease| Arrhythmogenic right ventricular cardiomyopathy| Autism| Autism spectrum disorders (ASD)| Becker muscular dystrophy| Cardiomyopathy, arrhythmogenic, unspecified| Dystrophy, myotonic muscular| General cardiovascular indications| Myotonic dystrophy| Other neurological indications| Progressive supranuclear palsy",Cardiovascular| Musculoskeletal| Neurology/Psychiatric| Rare Diseases,Amyloid protein deposition inhibitor| Glycogen synthase kinase 3 (GSK3) inhibitor| Glycogen synthase kinase 3 beta (GSK3b) regulator| Glycogen synthase kinase-3 beta inhibitor| Protein kinase inhibitor| Tau kinase inhibitor,Beta amyloid| Glycogen synthase kinase-3| Glycogen synthase kinase-3 beta,Spain| UK,EVALUATE| CORTELLIS| PHARMAPROJECTS,2026-05-08T16:03:09.694Z,2026-05-08T16:03:09.694Z
85daf68b-bf98-4b45-a328-f3cf368b5e3d,VRN-04,6470107c-fdf3-4486-993a-9e920ec9ed48,,Suspended,,,Anvia Therapeutics Inc| Voronoi Inc,Oral formulation| Small molecule,Discovery| Preclinical| Suspended,"Acute lung injury| Alzheimers disease| Amyotrophic lateral sclerosis| Autoimmune disease| General inflammatory disorders| Inflammatory bowel disease| Macular degeneration, age-related, unspecified| Multiple sclerosis| Parkinson's disease| Psoriasis| Rheumatoid arthritis",Alimentary/Metabolic| Dermatologic| Gastrointestinal| Immune| Neurology/Psychiatric| Rare Diseases| Respiratory| Sensory Organs,RIP-1 kinase inhibitor| Receptor interacting protein 1 (RIP1) kinase inhibitor| Receptor-interacting serine/threonine kinase 1 inhibitor| Serine/threonine-protein kinase inhibitor,RIP-1 kinase,South Korea| US,EVALUATE| CORTELLIS| PHARMAPROJECTS,2026-05-08T16:03:11.553Z,2026-05-08T16:03:11.553Z
bcf6bab0-3d19-4d72-abf8-f41a52b90456,Parkinson's Disease Program (UTNDK),097ce605-7040-4fc2-8eba-64d8a8fc5d17,,Preclinical,,,Dakota Bio LLC,Small molecule,Preclinical,Parkinson's disease,Neurology/Psychiatric,Unclassified,,US,EVALUATE,2026-05-08T16:03:08.435Z,2026-05-08T16:03:08.435Z
d6859db9-e917-4ee6-900f-3ff8ac085420,NoNO-SC,b3179b82-df9f-492a-a635-b28223c5452e,,Preclinical,,,NoNO Inc,Small molecule,Preclinical,"Alzheimers disease| Dementia, cerebrovascular| General eye disorders| Stroke",Cardiovascular,Postsynaptic density protein 95 (PSD-95) inhibitor,,Canada,EVALUATE,2026-05-08T16:03:08.874Z,2026-05-08T16:03:08.874Z
49e6e704-21ae-4d56-9b3e-1d8f7bf6e89a,"oxaloacetic acid (amyotrophic lateral sclerosis, Alzheimer's disease, Parkinson's disease, glioblastoma, hepatocellular carcinoma, cognitive disorder, premenstrual dysphoric disorder, refractory epilepsy), Terra Biological/ MetVital",00d389f6-6ca6-489a-9d6f-f3b7865814ae,"Anhydrous Enol-Oxaloacetate| anhydrous enol-oxaloacetate, Metvital",Suspended,,,MetVital Inc| Terra Nova,Oral formulation| Small molecule| Synthetic small molecule,Launched| Phase 1 Clinical| Phase 2 Clinical| Preclinical| Suspended,"Alzheimers disease| Amyotrophic lateral sclerosis| Brain tumor| Breast tumor| Chronic fatigue syndrome| Cognitive disorder| Epilepsy| Facial wrinkles/Nasolabial folds| Glioblastoma| Glioma| Hepatoma, liver cancer| Liver tumor| Myasthenia gravis| Other metabolic indications| Post-COVID syndrome| Premenstrual dysphoric disorder| Traumatic brain injury",Cancer| Gastrointestinal| Genitourinary/Sexual Function| Neurology/Psychiatric| Other/Miscellaneous| Rare Diseases,5'-AMP-activated protein kinase inducer| AMP activated protein kinase modulator| Amino acid transporter stimulant| Cystine/glutamate transporter activator,AMP activated protein kinase,US,EVALUATE| CORTELLIS| PHARMAPROJECTS,2026-05-08T16:03:09.156Z,2026-05-08T16:03:09.156Z
8041c0a4-1604-4223-a2b7-e3ba202fd700,YA-101,0a6ba9e5-ad10-434e-8ccf-e896f7266b18,,Suspended,,,Yoda Pharmaceuticals,Small molecule,Phase 2 Clinical| Suspended,Alzheimers disease| Multiple system atrophy| Other neurological indications| Schizophrenia,Neurology/Psychiatric| Rare Diseases,N-methyl-D-aspartate (NMDA) receptor agonist| NLR family pyrin domain containing 3 stimulant,,Taiwan,EVALUATE| PHARMAPROJECTS,2026-05-08T16:03:11.615Z,2026-05-08T16:03:11.615Z
bbc23b0a-bafe-4377-af02-a783ccb7c50f,"repurposed trimetazidine (amyotrophic lateral sclerosis), Woolsey",812448ef-b51b-4d74-afb0-a7af023d171d,,Discovery,,,Woolsey Pharmaceuticals,Small molecule| Systemic formulation unspecified,Discovery,Amyotrophic lateral sclerosis,Neurology/Psychiatric,,,,EVALUATE| CORTELLIS,2026-05-08T16:03:12.376Z,2026-05-08T16:03:12.376Z
1a5b235a-0018-41ad-ab9d-4b1cc5506e61,"PDR-001 (alpha-synuclein degrader/oral, Parkinson's disease), Prodegre Pharmaceutical",db0407b1-d440-44c1-abda-3463791ecc69,,Preclinical,,,Prodegre (Shanghai) Pharmaceutical Co Ltd,Degrader| Oral formulation| Small molecule,Preclinical,Parkinsons disease,Neurology/Psychiatric,Synuclein inhibitor| Ubiquitin ligase inhibitor,Synuclein| Ubiquitin ligase,China,CORTELLIS,2026-05-08T16:03:11.897Z,2026-05-08T16:03:11.897Z
e2990022-432f-4271-a47f-8680c179b364,ercanetide,eaf71bbd-6d2e-47ad-8d98-6b95e3bde30c,NNZ-2591,Phase 3 Clinical,,,Acadia University| Auckland Eye Limited| Neuren Pharmaceuticals Ltd| U.S. Pain Foundation,Oral solution formulation| Peptide| Small molecule,Phase 1 Clinical| Phase 2 Clinical| Phase 3 Clinical| Preclinical,"Amnesia| Angelman syndrome| Autism| Autism spectrum disorders (ASD)| Fragile X syndrome| Multiple sclerosis| Multiple sclerosis (MS) unspecified| Neurological disease| Neuropathy| Other neurological indications| Parkinson's disease| Parkinsons disease| Peripheral neuropathy| Phelan McDermid syndrome| Pitt Hopkins syndrome| Pitt-Hopkins syndrome| Prader-Willi syndrome| Rett syndrome| Sex-chromosome abnormality, fragile X syndrome| Stroke| Traumatic brain injury| Undisclosed",Alimentary/Metabolic| Endocrine/Metabolic| Musculoskeletal| Neurology/Psychiatric| Other/Miscellaneous| Rare Diseases,Apoptosis stimulant| Insulin-like growth factor 1 (IGF1) regulator,,Australia| New Zealand| US,EVALUATE| CORTELLIS| PHARMAPROJECTS,2026-05-08T16:03:09.095Z,2026-05-08T16:03:09.095Z
edb76463-4a0a-4177-9f84-ead0287a10f0,ABN-101,4887330c-6d13-4dfd-9bf0-2b3bf724a50b,ABN101,Suspended,,,Abion Llc,Biological| Powder formulation inhalant| Protein recombinant| Recombinant interferon| Small molecule,Preclinical| Suspended,COVID-19 prophylaxis| Multiple sclerosis| Multiple sclerosis (MS) unspecified| Respiratory tract infection| Viral respiratory tract infection,Immune| Infection| Neurology/Psychiatric,Interferon (IFN) beta regulator| Interferon beta 1 agonist| Interferon beta ligand,Interferon gene,South Korea,EVALUATE| CORTELLIS| PHARMAPROJECTS,2026-05-08T16:03:09.316Z,2026-05-08T16:03:09.316Z
462d977e-2953-4e1f-ac71-66fde4eb9bbf,"amyotrophic lateral sclerosis therapy, Graviton Bioscience",40ced946-65a9-4b8e-9562-b149ddc269ef,,Preclinical,,,Graviton Bioscience BV,Synthetic small molecule,Preclinical,Amyotrophic lateral sclerosis,Neurology/Psychiatric| Rare Diseases,Rho-associated kinase 2 inhibitor,,US,PHARMAPROJECTS,2026-05-08T16:03:11.613Z,2026-05-08T16:03:11.613Z
9b0f89af-52b7-4c14-b927-d57fc7fd8993,NBI-1117570,64409140-2e26-45bb-8ff0-88df1dfc5a78,,Phase 2 Clinical,,,Neurocrine Biosciences Inc| Sosei Inc,Oral formulation| Small molecule| Synthetic small molecule,Phase 1 Clinical| Phase 2 Clinical| Preclinical,"Alzheimers disease| Cognitive disorder| Dementia| Neurological disease| Other neurological indications| Psychosis, acute| Psychosis, unspecified| Psychotic disorder| Schizophrenia",Neurology/Psychiatric,Muscarinic M1 receptor agonist| Muscarinic M4 receptor agonist| Muscarinic acetylcholine receptor (M1) agonist| Muscarinic acetylcholine receptor (M4) agonist,Muscarinic M1 receptor| Muscarinic M4 receptor,Japan| UK| US,EVALUATE| CORTELLIS| PHARMAPROJECTS,2026-05-08T16:03:11.615Z,2026-05-08T16:03:11.615Z
b4ffd467-06b6-48c5-9a2a-b1329b5c044d,icanbelimod,5e197e31-fb7d-49d3-8ba3-c6ddd44d459a,,Phase 2 Clinical,,,Suzhou Connect Biopharmaceuticals Ltd,Capsule formulation| Oral formulation| Small molecule,Phase 2 Clinical,Atopic dermatitis| Autoimmune disease| Crohns disease| Multiple sclerosis| Psoriasis| Rheumatoid arthritis| Ulcerative colitis,Dermatologic| Gastrointestinal| Immune,Sphingosine-1-phosphate receptor-1 agonist| Sphingosine-1-phosphate receptor-5 modulator,Sphingosine-1-phosphate receptor-1| Sphingosine-1-phosphate receptor-5,China,CORTELLIS,2026-05-08T16:03:12.274Z,2026-05-08T16:03:12.274Z
d1737dc8-b121-415c-8763-be9f39c5851f,INM-901,7cca7460-c177-4019-95af-48e28e52b76b,,Preclinical,,,InMed Inc,Small molecule| Systemic formulation unspecified,Preclinical,Alzheimers disease,Neurology/Psychiatric,Cannabinoid (CB) receptor type 1 (CB1) agonist| Cannabinoid (CB) receptor type 2 (CB2) agonist| Cannabinoid CB2 receptor agonist| Cannabinoid receptor agonist| PPAR agonist,Cannabinoid CB1 receptor| Cannabinoid CB2 receptor| PPAR,Canada,EVALUATE| CORTELLIS| PHARMAPROJECTS,2026-05-08T16:03:08.715Z,2026-05-08T16:03:08.715Z
f1ecffbe-f22a-4099-b619-8ec47dd173f6,MIT-003,01eaeb1f-20ce-4d84-a8bf-e9d1e7a91456,,Preclinical,,,MitoImmune Therapeutics Inc,Oral formulation| Small molecule| Synthetic small molecule,Preclinical,Alzheimers disease| Parkinson's disease| Parkinsons disease,Neurology/Psychiatric,Ferroptosis inhibitor,,South Korea,EVALUATE| CORTELLIS| PHARMAPROJECTS,2026-05-08T16:03:08.994Z,2026-05-08T16:03:08.994Z
a44559a7-b179-412e-9e2d-75ba8a1bcb17,"NURR1 modulators (Parkinson’s disease), 153 Therapeutics",fb27c0c3-1728-4adf-8c58-db3f646703ab,,Preclinical,,,153 Korea Co Ltd,Small molecule| Systemic formulation unspecified,Preclinical,Parkinsons disease,Neurology/Psychiatric,Orphan nuclear receptor NURR1 modulator,Orphan nuclear receptor NURR1,US,CORTELLIS,2026-05-08T16:03:12.096Z,2026-05-08T16:03:12.096Z
afaabc10-3694-474b-97b7-2611cf869559,"nilotinib (Rightsize/nanoparticle, cancer), XSpray",167e6a54-436b-4220-9ade-21f208c948e2,nilotinib,Launched,,,Novartis AG,Small molecule| Synthetic small molecule,Launched,"Cancer, leukaemia, chronic myelogenous| Cancer, leukaemia, unspecified| Cancer, melanoma| Gastrointestinal stromal tumor| Leukaemia, acute lymphocytic (ALL)| Mastocytosis| Pulmonary hypertension",Cancer| Cardiovascular| Immune| Rare Diseases,ABL gene inhibitor| Bcr-Abl inhibitor| C-kit inhibitor| Platelet-derived growth factor receptor agonist| Platelet-derived growth factor receptor alpha kinase inhib| Platelet-derived growth factor receptor beta kinase inhib,,Switzerland,EVALUATE| CORTELLIS| PHARMAPROJECTS,2026-05-08T16:03:12.433Z,2026-05-08T16:03:12.433Z
77e5c0c8-2117-47fa-8ca9-cc42cad16c13,"dronabinol + cannabidiol (inhalation product, pain), PhytoPain/ Alternavida",18f75899-d7f8-4600-847b-f4a064b862af,nabiximols,Suspended,,,Gw Medical LLC,Plant| Small molecule,Launched| Phase 2 Clinical| Preclinical| Suspended,"Brain tumor| Cancer pain| Cerebral palsy| Diabetic neuropathy| Multiple sclerosis| Neuromyelitis optica| Neuropathic pain| Neuropathy| Pain, nociceptive, general| Post traumatic stress disorder| Radio/chemotherapy-induced mucositis| Spasticity| Spinal cord injury",Alimentary/Metabolic| Cancer| Musculoskeletal| Neurology/Psychiatric| Rare Diseases| Sensory Organs,Cannabinoid CB2 receptor agonist| Cannabinoid receptor agonist,,UK,CORTELLIS| PHARMAPROJECTS,2026-05-08T16:03:11.776Z,2026-05-08T16:03:11.776Z
cfeb9d91-cbbb-4778-8edd-e7b46b63aa6e,PCT-3012,44be1f7f-84de-4895-a9fb-51f87697b94e,,Suspended,,,PolyCore Therapeutics LLC,Small molecule| Synthetic small molecule,Discovery| Preclinical| Suspended,"Alzheimers disease| Attention deficit disorder/hyperactivity (ADD/ADHD)| Attention deficit hyperactivity disorder| Dyskinesia, levodopa-induced| Huntington's disease| Huntingtons chorea| Movement disorder| Parkinson's disease| Parkinsons disease",Neurology/Psychiatric| Rare Diseases,Dopamine D3 receptor agonist| Guanine nucleotide binding protein modulator,Dopamine D3 receptor| Guanine nucleotide binding protein,US,EVALUATE| CORTELLIS| PHARMAPROJECTS,2026-05-08T16:03:09.157Z,2026-05-08T16:03:09.157Z
db9ecb64-47c7-4e29-81f9-a02f432019e1,BSC-3201,3bd9d084-6083-4557-8b4a-4f1cd34aa739,,Preclinical,,,Bisichem Co Ltd| LifeX Labs LLC,Small molecule| Synthetic small molecule,Preclinical,Parkinson's disease,Neurology/Psychiatric,Nuclear receptor related 1 protein (NURR1) agonist| Nurr1 agonist,,South Korea| US,EVALUATE| PHARMAPROJECTS,2026-05-08T16:03:08.653Z,2026-05-08T16:03:08.653Z
61a9db61-e2f8-49df-b121-e2552e733d20,ANAVEX-1-41,4fe77794-9daf-439b-8cee-579cb3cf55d1,ANAVEX 1-41,Preclinical,,,Anavex Canada Ltd,Small molecule| Synthetic small molecule,Preclinical,"Alzheimers disease| Amyotrophic lateral sclerosis| Depression| Ischaemia, cerebral| Neurodegenerative disease| Parkinson's disease| Parkinsons disease| Stroke",Cardiovascular| Neurology/Psychiatric,Chloride channel modulator| Muscarinic M1 receptor agonist| Muscarinic M2 receptor agonist| Muscarinic M3 receptor agonist| Muscarinic acetylcholine (mAChR) receptor agonist| Opioid receptor sigma agonist 1| Sigma receptor agonist| Sodium channel modulator,Chloride channel| Muscarinic M1 receptor| Muscarinic M2 receptor| Opioid receptor sigma 1| Sodium channel,US,EVALUATE| CORTELLIS| PHARMAPROJECTS,2026-05-08T16:03:08.715Z,2026-05-08T16:03:08.715Z
3663cf46-165a-4363-a459-0bbcaf787ab9,CRB-113,0fe952a3-1009-41a9-8bad-677d358aa9f3,,Suspended,,,Celros Biotech Co Ltd,Small molecule| Synthetic small molecule,Phase 1 Clinical| Preclinical| Suspended,Parkinson's disease| Parkinsons disease,Neurology/Psychiatric,NADPH oxidase (NOX) inhibitor| NADPH oxidase inhibitor,NADPH oxidase,South Korea,EVALUATE| CORTELLIS| PHARMAPROJECTS,2026-05-08T16:03:08.934Z,2026-05-08T16:03:08.934Z
853d10fe-ece0-4a7e-8eb3-5a5be9ddd682,FB-101,e2d381d6-da38-452a-98ae-8bc80b960362,1ST-102,Phase 1 Clinical,,,1st Holdings Inc,Capsule formulation| Oral formulation| Small molecule| Synthetic small molecule| Systemic formulation unspecified,Phase 1 Clinical| Preclinical,Alzheimers disease| Amyotrophic lateral sclerosis| Neurodegenerative disease| Parkinson's disease| Parkinsons disease,Neurology/Psychiatric| Rare Diseases,ABL gene inhibitor| Bcr-Abl inhibitor| Bcr/Abl fusion protein inhibitor| Tyrosine kinase (TYK) inhibitor| Tyrosine protein kinase ABL1 inhibitor,Tyrosine protein kinase ABL1,South Korea,EVALUATE| CORTELLIS| PHARMAPROJECTS,2026-05-08T16:03:09.094Z,2026-05-08T16:03:09.094Z
de81fd60-ded1-4b1d-abf2-cfd90044aef5,HBI-137,2e6e67fa-4ece-4370-aea2-8a206dc33380,"HBI-002| carbon monoxide (oral), Hillhurst Biopharmaceuticals",Suspended,,,Hillhurst Biopharmaceuticals Inc,Formulation other| Intravenous formulation| Oral solution formulation| Rectal formulation| Small molecule| Synthetic small molecule,Phase 2 Clinical| Preclinical| Suspended,"Blood clotting disorder| General cardiovascular indications| Injury| Ischemic stroke| Kidney transplantation| Multiple sclerosis (MS) unspecified| Multiple sclerosis, progressive, unspecified| Organ transplant rejection| Parkinson's disease| Parkinsons disease| Radio/chemotherapy-induced cardiotoxicity| Sickle cell anemia| Skin transplant rejection| Traumatic brain injury",Cardiovascular| Hematologic| Immune| Neurology/Psychiatric| Other/Miscellaneous| Rare Diseases,Heme oxygenase (HO) stimulant,,US,EVALUATE| CORTELLIS| PHARMAPROJECTS,2026-05-08T16:03:09.095Z,2026-05-08T16:03:09.095Z
4a6f4433-404f-4f27-949d-b300b48996bd,C-Terminal-Alpha-Synuclein Research Program,c7edf5e0-7052-42dd-94b0-94697bbded14,,Preclinical,,,Innovative California Biosciences International,Small molecule,Preclinical,Parkinson's disease,Neurology/Psychiatric,Alpha-synuclein accumulation regulator,,US,EVALUATE,2026-05-08T16:03:08.476Z,2026-05-08T16:03:08.476Z
e6b026b4-dc39-4b65-8424-78cfcd6efdd1,"carbidopa/levodopa (oral controlled release formulation, parkinson's disease), Laxxon Medical",97301db3-1906-4cff-a2e2-30495e22069c,LXM-5| LXM.5,Preclinical,,,Laxxon Medical AG,Fixed-dose combination| Oral controlled release formulation| Other reformulation| Small molecule| Synthetic small molecule,Preclinical,Parkinson's disease| Parkinsons disease,Neurology/Psychiatric,Dopa decarboxylase modulator| Dopamine receptor agonist| Dopamine receptor potentiator,Dopa decarboxylase| Dopamine receptor,Switzerland| US,EVALUATE| CORTELLIS| PHARMAPROJECTS,2026-05-08T16:03:09.034Z,2026-05-08T16:03:09.034Z
32aa0366-494a-4c90-896f-d3b718ac9a9d,ETI-1004,cbac2771-36eb-40bf-887d-b9af8f40f0ca,,Suspended,,,Epitracker,Small molecule| Synthetic small molecule,Preclinical| Suspended,Alzheimers disease| Dementia,Neurology/Psychiatric,Prostaglandin E2 receptor agonist| Prostaglandin receptor E2 (PGE2) agonist| T helper cell 1 (Th1) stimulant| Tumour necrosis factor alpha (TNFa) inhibitor,,US,EVALUATE| PHARMAPROJECTS,2026-05-08T16:03:09.036Z,2026-05-08T16:03:09.036Z
eda371f1-de4b-418d-b763-45d2d090e7de,resiniferatoxin,92c4cb60-2802-4215-afdd-2d0533dfb739,"resiniferatoxin (intrathecal, cancer pain/osteoarthritis pain/Parkinsons disease/pain), Sorrento/NIH",Suspended,,,Afferon Corp| National Institutes of Health| Sorrento Therapeutics Inc,Intra-articular formulation| Intrathecal formulation| Local formulation unspecified| Natural product| Protein & peptide therapeutics| Small molecule| Transdermal formulation,Phase 2 Clinical| Phase 3 Clinical| Suspended,"Arthralgia| Cancer pain| Cardiovascular disease| General cardiovascular indications| Inflammation, urinary tract| Neuropathic pain| Osteoarthritis| Overactive bladder| Pain| Pain, cancer-induced| Pain, moderate to severe| Pain, musculoskeletal, arthritis| Parkinson's disease| Parkinsons disease| Urinary incontinence",Cardiovascular| Gastrointestinal| Genitourinary/Sexual Function| Immune| Inflammatory| Musculoskeletal| Neurology/Psychiatric,TRP cation channel V agonist| TRP cation channel V1 stimulator| Transient receptor potential vanilloid-1 (TRPV-1) agonist| Vanilloid receptor 1 agonist,Vanilloid VR1 receptor| Vanilloid receptor,US,EVALUATE| CORTELLIS| PHARMAPROJECTS,2026-05-08T16:03:12.054Z,2026-05-08T16:03:12.054Z
4def30c4-4e34-4448-af34-2f8fa3e47fec,PD-2015,d7fdca63-a32e-4670-8203-4f7cb4685dbb,PD2015,Suspended,,,P2D Biosciences,Oral formulation| Small molecule| Synthetic small molecule,Preclinical| Suspended,Alzheimers disease| Frontotemporal dementia,Neurology/Psychiatric,TNF agonist| Tumour necrosis factor alpha (TNFa) inhibitor| Tumour necrosis factor alpha antagonist,TNF gene,US,EVALUATE| CORTELLIS| PHARMAPROJECTS,2026-05-08T16:03:08.714Z,2026-05-08T16:03:08.714Z
82be984d-fc7b-4e7c-b39e-4222f9f35a74,Amporins,7bda9c72-3d93-4bc1-ab8f-8b905157cedc,,Preclinical,,,Amporin Pharmaceuticals,Small molecule,Discovery| Preclinical,Alzheimers disease| Amyotrophic lateral sclerosis| Parkinson's disease,Neurology/Psychiatric| Rare Diseases,Unidentified pharmacological activity| Unknown,,Switzerland,EVALUATE| PHARMAPROJECTS,2026-05-08T16:03:11.614Z,2026-05-08T16:03:11.614Z
effa57a2-eb54-44d7-b09c-81968d5d06e3,SST-001,5770bd3d-7dc8-4a04-a6c5-011523302025,,Phase 1 Clinical,,,SynuSight Biotech (Shanghai) Co Ltd,Imaging| Imaging agent| In vivo diagnostics| Radiolabeling| Small molecule| Synthetic small molecule| Systemic formulation unspecified,Phase 1 Clinical,"Alzheimers disease| Diagnosis, CNS| Diagnosis, unspecified| Lewy body dementia| Multiple system atrophy| Other imaging| Parkinson's disease| Parkinsons disease| Sleep disorder",Neurology/Psychiatric| Other/Miscellaneous| Unknown,Radiation emitter| Radioemitter| Synuclein inhibitor,Synuclein,China,EVALUATE| CORTELLIS| PHARMAPROJECTS,2026-05-08T16:03:11.894Z,2026-05-08T16:03:11.894Z
53a1852a-f3c9-4fee-90c0-165308e134b0,EIF2b Research Program,1b52ff72-7534-4621-b7ac-d7f9f8246544,,Phase 1 Clinical,,,Bristol-Myers Squibb AB,Small molecule,Phase 1 Clinical,Alzheimers disease| Other neurological indications,Neurology/Psychiatric,Eukaryotic translation initiation factor 2B inhibitor,,US,EVALUATE,2026-05-08T16:03:08.653Z,2026-05-08T16:03:08.653Z
00e6ff16-1d3d-459b-bbea-d112c1504a10,GD-11,d61d3f33-4d3e-4cf9-a4a5-ce1a1a23450c,,Suspended,,,Jiangsu Wangao Pharmaceutical,Synthetic small molecule,Phase 3 Clinical| Suspended,"Amyotrophic lateral sclerosis| Ischaemia, cerebral",Cardiovascular| Neurology/Psychiatric| Rare Diseases,Unidentified pharmacological activity,,China,PHARMAPROJECTS,2026-05-08T16:03:11.617Z,2026-05-08T16:03:11.617Z
957154cc-dd8d-49f1-9930-f1dc54537f8a,ACI-21018,17c7374e-060e-4c78-af2b-9a52fd2fadd0,,Preclinical,,,AC Immune SA,Oral formulation| Small molecule,Preclinical,Parkinsons disease,Neurology/Psychiatric,Synuclein inhibitor,Synuclein,Switzerland,CORTELLIS,2026-05-08T16:03:12.055Z,2026-05-08T16:03:12.055Z
250e97aa-3c16-4fb7-9c9e-648bbbd7495e,ATH-1105,8edef7ad-5212-4414-9a84-33036a41d26e,,Phase 1 Clinical,,,LeonaBio Inc,Once daily formulation| Oral solution formulation| Small molecule,Phase 1 Clinical| Preclinical,Alzheimers disease| Amyotrophic lateral sclerosis| Cognitive disorder| Frontotemporal dementia| Neurodegenerative disease| Neurological disease| Parkinsons disease,Neurology/Psychiatric| Rare Diseases,Hepatocyte growth factor (HGF) stimulant| Hepatocyte growth factor ligand,Hepatocyte growth factor ligand,US,EVALUATE| CORTELLIS| PHARMAPROJECTS,2026-05-08T16:03:08.654Z,2026-05-08T16:03:08.654Z
d1c330f2-ab14-4ec7-8dad-1ef6e5c7a3b0,ALS Research Program (TRVNTS),2e4ecd71-7601-4d8c-814a-3a65fced84b8,"amyotrophic lateral sclerosis therapy, Treventis",Preclinical,,,Treventis Corp,Small molecule| Synthetic small molecule,Preclinical,Amyotrophic lateral sclerosis,Neurology/Psychiatric| Rare Diseases,TDP-43 inhibitor| Unclassified,,Canada,EVALUATE| PHARMAPROJECTS,2026-05-08T16:03:09.215Z,2026-05-08T16:03:09.215Z
ff377b53-a954-42ed-8036-3866e5345ca2,11C-UCB-J,f8e98a6b-c4e7-40f1-8d7c-2ae4e2c6bd1e,,Phase 1 Clinical,,,UCB SA,Intravenous formulation| Radiolabeling| Small molecule,Phase 1 Clinical,Alzheimers disease| Huntingtons chorea,Neurology/Psychiatric,Synaptic vesicle glycoprotein 2A modulator,Synaptic vesicle glycoprotein 2A,Belgium,CORTELLIS,2026-05-08T16:03:12.056Z,2026-05-08T16:03:12.056Z
f39da6a2-0b81-4fc2-8998-cf07ae95ff67,BLX-0279,d46bbf69-d77f-4896-8332-f5103e6bfe52,,Suspended,,,BioLexis Pte Ltd,Oral formulation| Small molecule| Unidentified,Preclinical| Suspended,Alzheimers disease| Amyotrophic lateral sclerosis| Huntington's disease,Neurology/Psychiatric| Rare Diseases,Histone deacetylase 6 (HDAC6) inhibitor| Histone deacetylase 6 inhibitor| Histone deacetylase-6 inhibitor,Histone deacetylase-6,US,EVALUATE| CORTELLIS| PHARMAPROJECTS,2026-05-08T16:03:08.317Z,2026-05-08T16:03:08.317Z
99df2873-b984-4833-a89a-80fdcac94f58,"traneurocin (Alzheimer's disease/ COVID-19/ major depressive disorder), NeuroActiva",8f1d5071-68f2-4898-90fc-ec63712b902e,NA-831| traneurocin,Suspended,,,Biomed Industries| NeuroActiva Inc,Natural product| Oral formulation| Peptide| Small molecule| Synthetic small molecule,Phase 2 Clinical| Phase 3 Clinical| Suspended,"Alzheimers disease| COVID-19 prophylaxis| COVID-19 treatment| Coronavirus disease 19 infection| Depression| Depression, major depressive disorder| Infection, coronavirus, novel coronavirus| Ischaemia, cerebral| Major depressive disorder| Multiple sclerosis| Neurological disease| Polio prophylaxis| Traumatic brain injury",Cardiovascular| Infection| Neurology/Psychiatric,AMPA receptor agonist| Unclassified| Unidentified pharmacological activity,AMPA receptor,US,EVALUATE| CORTELLIS| PHARMAPROJECTS,2026-05-08T16:03:08.437Z,2026-05-08T16:03:08.437Z
8404a917-6b8f-43f1-897f-37b7ec941212,sofnobrutinib,fa40b976-e10a-457e-b122-d2ccee091670,Sofnobrutinib,Phase 1 Clinical,,,Carna Health| Evotec (UK) Ltd,Capsule formulation| Oral formulation| Small molecule| Synthetic small molecule| Tablet formulation,Phase 1 Clinical| Preclinical,"Autoimmune disease| General inflammatory disorders| Immunological disease, unspecified| Inflammatory disease| Multiple sclerosis (MS) unspecified| Other immune indications| Rheumatoid arthritis| Systemic lupus erythematosus| Urticaria",Dermatologic| Immune| Musculoskeletal,BTK gene stimulator| Bruton tyrosine kinase inhibitor| Bruton’s tyrosine kinase (BTK) inhibitor,Btk tyrosine kinase,Germany| Japan,EVALUATE| CORTELLIS| PHARMAPROJECTS,2026-05-08T16:03:08.555Z,2026-05-08T16:03:08.555Z
ec49d3d7-c1bb-4141-b0eb-fbf06be792b0,"AK-119 (topical, psoriasis/atopic dermatitis with pruritus/acne vulgaris/alopecia areata), Akaal Pharma",2743756b-ed70-4856-9544-77e6f42929f8,"AK-119, Akaal Pharma",Phase 2 Clinical,,,Akaal Pharma LLP,Dermatological formulation| Small molecule| Synthetic small molecule,Phase 1 Clinical| Phase 2 Clinical| Preclinical,Acne| Alopecia areata| Atopic dermatitis| Autoimmune disease| Diabetic retinopathy| Multiple sclerosis| Neuropathy| Pruritus| Psoriasis,Dermatologic| Immune| Neurology/Psychiatric| Sensory Organs,Sphingosine 1-phosphate 1 receptor agonist| Sphingosine-1-phosphate receptor-1 agonist| Sphingosine-1-phosphate receptor-1 modulator,Sphingosine-1-phosphate receptor-1,Australia,CORTELLIS| PHARMAPROJECTS,2026-05-08T16:03:09.594Z,2026-05-08T16:03:09.594Z
e93fda01-d3c7-4e8c-9330-f22db6b863b4,DDL-920,a9669b63-fb7e-4100-9be3-6e63ee6e6e12,,Preclinical,,,UCLA Health Auxiliary,Oral formulation| Small molecule,Preclinical,Alzheimers disease,Neurology/Psychiatric,GABA A receptor alpha-1 subunit modulator| GABA A receptor beta-2 subunit modulator| GABA A receptor delta subunit modulator| Parvalbumin inhibitor,GABA A receptor alpha-1 subunit| GABA A receptor beta-2 subunit| GABA A receptor delta subunit| Parvalbumin,US,CORTELLIS,2026-05-08T16:03:12.315Z,2026-05-08T16:03:12.315Z
4b00da6f-0007-43cf-9c8d-5a9cc32b124a,Cancer Research Project (UTLVL),f2d78486-43a6-4e5b-be18-0ce6ea76841e,Cancer Research Project,Preclinical,,,Parkside Family Dental,Small molecule,Discovery| Preclinical,General blood malignancies| General cancer indications| Inflammatory bowel disease| Multiple sclerosis (MS) unspecified| Prostate cancer,Cancer,Unclassified,,US,EVALUATE,2026-05-08T16:03:08.260Z,2026-05-08T16:03:08.260Z
fae53ceb-7e46-4042-92dc-49020c537050,NI-308,2a66dced-7796-4d79-b18a-5c46a6dfd137,NI008,Suspended,,,Neurimmune Holding AG,Biological| Human monoclonal antibody| Humanized antibody| Monoclonal antibody| Small molecule| Systemic formulation unspecified,Preclinical| Suspended,Amyotrophic lateral sclerosis| Frontotemporal dementia,Neurology/Psychiatric| Rare Diseases,C9orf72 gene inhibitor| Immunostimulant| Unclassified| Unknown,C9orf72 gene| Immunoglobulin,Switzerland,EVALUATE| CORTELLIS| PHARMAPROJECTS,2026-05-08T16:03:09.316Z,2026-05-08T16:03:09.316Z
b7bdca09-0d7b-425c-888a-2f50318d6125,DF-005,f5755dd4-7cfa-4304-a3a9-ae89f1c9f496,,Suspended,,,Drug Farm,Small molecule| Synthetic small molecule,Discovery| Preclinical| Suspended,Alzheimers disease| Atherosclerosis,Cardiovascular| Neurology/Psychiatric,Unclassified| Unidentified pharmacological activity,,China| Taiwan,EVALUATE| PHARMAPROJECTS,2026-05-08T16:03:11.556Z,2026-05-08T16:03:11.556Z
d260a0b9-422f-48ba-89a3-9e579b81dcaf,obicetrapib,a1c8661f-c7c4-4de2-8cd2-7ac3a0ac87a5,,Launched,,,Menarini France| NewAmsterdam Pharma BV| Tanabe Pharma GmbH,Once daily formulation| Small molecule| Synthetic small molecule| Tablet formulation,Launched| Phase 2 Clinical| Phase 3 Clinical,"Alimentary/metabolic disease, unspecified| Alzheimers disease| Atherosclerosis| Cardiovascular disease| Diabetes mellitus| Heterozygous familial hypercholesterolaemia| Hypercholesterolemia| Hyperlipidemia| Hyperlipoproteinemia type II| Lipid metabolism disorder| Metabolic syndrome X| Myocardial infarction| Non-insulin dependent diabetes| Stroke",Alimentary/Metabolic| Cardiovascular| Endocrine/Metabolic| Neurology/Psychiatric,Apolipoprotein agonist| Cholesterol ester transfer protein inhibitor| Cholesteryl ester transfer protein (CETP) inhibitor,Apolipoprotein B| Cholesterol ester transfer protein,Italy| Japan| Netherlands,EVALUATE| CORTELLIS| PHARMAPROJECTS,2026-05-08T16:03:11.717Z,2026-05-08T16:03:11.717Z
9035e97b-4279-4b9c-93b4-55a00153a94e,Ellorarxine,cb2e7e17-1877-460a-b5da-e04d11c31a8c,,Preclinical,,,Nevrargenics Limited,Small molecule| Synthetic small molecule,Discovery| Preclinical,Alzheimers disease| Amyotrophic lateral sclerosis| Frontotemporal dementia| Multiple sclerosis (MS) unspecified| Neurological disease| Parkinson's disease,Neurology/Psychiatric,Retinoic acid receptor (RAR) regulator| Unidentified pharmacological activity,,UK,EVALUATE| PHARMAPROJECTS,2026-05-08T16:03:08.373Z,2026-05-08T16:03:08.373Z
e3967dad-3636-4a73-abbb-5224ad3d74b4,Parkinson’s Disease Research Project,f6701706-81c9-4d0a-8ded-a89875483384,,Phase 2 Clinical,,,InBrain Pharma SAS,Small molecule,Phase 2 Clinical,Parkinson's disease,Neurology/Psychiatric,Unclassified,,France,EVALUATE,2026-05-08T16:03:08.654Z,2026-05-08T16:03:08.654Z
d2bc981d-f151-43c8-b86c-8bfbcf6a53c6,TLG-005P,e90a55a4-e002-422b-81b4-1d9ae7be01c1,,Preclinical,,,Tsubota Lab Co Ltd,Small molecule,Preclinical,Parkinson's disease,Neurology/Psychiatric,Unidentified pharmacological activity,,Japan,PHARMAPROJECTS,2026-05-08T16:03:11.494Z,2026-05-08T16:03:11.494Z
f16ba0a5-f266-4f14-8cd4-755fc46df313,"RPh-201 (topical, wound healing), Regenera",f828a6c9-a392-4b38-8399-1d2302354230,"RPh-201 (sc, neurodegenerative disease), Regenera",Suspended,,,Regenera GmbH,Dermatological formulation| Emulsion dermatological| Natural product| Plant| Small molecule| Subcutaneous formulation,Phase 3 Clinical| Suspended,"Alzheimers disease| Ischaemia, cerebral| Neurodegenerative disease| Neuropathy, ischaemic optic| Non-arteritic anterior ischemic optic neuropathy| Optic nerve disorder| Traumatic brain injury| Vascular dementia| Wound healing",Cardiovascular| Dermatologic| Neurology/Psychiatric| Sensory Organs,Unidentified pharmacological activity,,Israel,CORTELLIS| PHARMAPROJECTS,2026-05-08T16:03:11.934Z,2026-05-08T16:03:11.934Z
6039d2f5-9f24-41bf-bf9f-170e7657bc59,BIO-018,883b4062-ac42-4ee9-9935-feaadd709303,,Suspended,,,Biom LLC,Plant extract| Small molecule| Synthetic small molecule| Systemic formulation unspecified,Preclinical| Suspended,"Alzheimers disease| CDKL5 deficiency| Dementia, AIDS-related| Epilepsy| HIV associated dementia| Other neurological indications",Neurology/Psychiatric| Rare Diseases,5 Hydroxytryptamine 1A receptor agonist| 5-HT 1a receptor agonist| 5-HT1A (serotonin) receptor agonist| Cannabinoid (CB) receptor type 2 (CB2) agonist| Cannabinoid CB2 receptor agonist,5-HT 1a receptor| Cannabinoid CB2 receptor,US,EVALUATE| CORTELLIS| PHARMAPROJECTS,2026-05-08T16:03:11.994Z,2026-05-08T16:03:11.994Z
b4d169bd-74fd-460e-b240-a02d3807534a,BWS-3,37e8249f-3500-43a5-ad2f-8a8654af190c,,Suspended,,,Argo Co Ltd,Infusion| Intravenous formulation| RNA interference| Small molecule| small interfering RNA (siRNA),Preclinical| Suspended,Alzheimers disease,Neurology/Psychiatric,Unidentified pharmacological activity| Unspecified gene modulator,Gene target,China,CORTELLIS| PHARMAPROJECTS,2026-05-08T16:03:11.996Z,2026-05-08T16:03:11.996Z
b35f7173-62fc-4c02-9c86-95fc387d933a,LB-15,fa6182c1-2935-47be-a00f-f691876b8276,,Preclinical,,,Universitat de Barcelona,Small molecule| Systemic formulation unspecified,Preclinical,Alzheimers disease,Neurology/Psychiatric,Histone lysine methyltransferase EHMT2 inhibitor,Histone lysine methyltransferase EHMT2,Spain,CORTELLIS,2026-05-08T16:03:11.996Z,2026-05-08T16:03:11.996Z
164871d1-bea1-4835-9210-13b65a3999cf,BVA-201,5c6d878a-3e1e-49c3-97d6-220642478da7,BVA201,Suspended,,,Biovista Inc,Oral formulation| Small molecule| Synthetic small molecule,Discovery| Preclinical| Suspended,Multiple sclerosis| Multiple sclerosis (MS) unspecified,Immune| Neurology/Psychiatric,Reducing agent| Unknown,,US,EVALUATE| CORTELLIS| PHARMAPROJECTS,2026-05-08T16:03:09.257Z,2026-05-08T16:03:09.257Z
6e34d2a5-6d61-4372-add8-e569b69a1ec5,"deferiprone (oral, acute kidney injury/chronic kidney disease), CorMedix",a4b24077-be0e-4efb-a372-e9db1227403a,deferiprone,Suspended,,,ApoPharma Inc| BTG Ltd,Film coating| Intravenous formulation| Oral formulation| Oral sustained release formulation| Small molecule| Synthetic small molecule| Tablet formulation,Launched| Suspended,"Friedreich ataxia| Haemochromatosis, secondary| Hallervorden-Spatz syndrome| Infection, HIV/AIDS| Iron overload| Neurodegenerative disease| Parkinsons disease| Sickle cell anemia",Alimentary/Metabolic| Endocrine/Metabolic| Hematologic| Infection| Neurology/Psychiatric| Rare Diseases,Chelating agent| Reducing agent,,US,CORTELLIS| PHARMAPROJECTS,2026-05-08T16:03:12.376Z,2026-05-08T16:03:12.376Z
b8e9e94e-b085-4b7e-800d-0214f643f458,JPH-034,6b271a35-292d-4714-9d4b-20a60816820c,JPH034,Suspended,,,J-Pharma Co Ltd| Osaka University| Osaka University Hospital,CNS formulation| Oral formulation| Small molecule| Synthetic small molecule,Phase 1 Clinical| Phase 2 Clinical| Preclinical| Suspended,Brain tumor| Glioma| Multiple sclerosis| Multiple sclerosis (MS) unspecified| Pancreatic cancer| Solid tumour indications,Cancer| Immune| Neurology/Psychiatric| Rare Diseases,L-type amino acid transporter 1 (LAT1) inhibitor| L-type amino acid transporter 1 modulator,L-type amino acid transporter 1,Japan,EVALUATE| CORTELLIS| PHARMAPROJECTS,2026-05-08T16:03:08.596Z,2026-05-08T16:03:08.596Z
c324bd6f-60d6-4dce-970e-24ca1a01ff03,HEC-122505MsOH,e1dc67c5-b72e-4fd5-8b8a-7c5d55ff8bce,HEC-122505 MsOH,Suspended,,,Sunshine Lake Pharma Co,Oral formulation| Small molecule| Synthetic small molecule| Tablet formulation,Phase 1 Clinical| Suspended,Parkinson's disease,Neurology/Psychiatric,MAO B inhibitor| Monoamine oxidase B inhibitor,MAO B,China,CORTELLIS| PHARMAPROJECTS,2026-05-08T16:03:11.556Z,2026-05-08T16:03:11.556Z
d7bfca05-9e61-42b9-989a-70e7ba4d8306,"TYK2 inhibitor (brain penetrant, systemic inflammation/neuritis), Neuron23",1fa48be8-1d8e-4c81-a55f-873cb5d8def6,,Preclinical,,,Origenis GmbH,Small molecule| Systemic formulation unspecified,Preclinical,Inflammatory disease| Multiple sclerosis| Neuritis,Immune| Inflammatory| Neurology/Psychiatric,Non receptor tyrosine kinase TYK2 inhibitor,Non receptor tyrosine kinase TYK2,Germany,CORTELLIS,2026-05-08T16:03:12.157Z,2026-05-08T16:03:12.157Z
65121c39-1f9d-469e-abcb-24933e1b1c03,EPH-101,c30f9b42-1896-4715-8769-5d2497fcbc21,,Preclinical,,,Alcyone Therapeutics Inc| Biogen NV,Small molecule| Synthetic small molecule| Systemic formulation unspecified,Preclinical,Alzheimers disease| Amyotrophic lateral sclerosis| Frontotemporal dementia,Neurology/Psychiatric| Rare Diseases,EphA receptor kinase inhibitor| Epha4 tyrosine kinase receptor inhibitor| Ephrin (Eph) receptor antagonist,Epha4 tyrosine kinase receptor,US,EVALUATE| CORTELLIS| PHARMAPROJECTS,2026-05-08T16:03:08.477Z,2026-05-08T16:03:08.477Z
547dff2c-85bc-4ee8-8e06-32877bfc68d5,"sailuotong, China Shineway Pharmaceutical",d8384453-bbcb-43c6-85a9-768f6904f317,,Phase 3 Clinical,,,Hunan Shineway Enterprise Co Ltd,Synthetic small molecule,Phase 3 Clinical,Alzheimers disease| Vascular dementia,Neurology/Psychiatric,Unidentified pharmacological activity,,Hong Kong,PHARMAPROJECTS,2026-05-08T16:03:11.674Z,2026-05-08T16:03:11.674Z
64673fd1-c298-4044-abd9-e46d49958af5,NI-004,6f6fd904-3465-414e-a6ee-ce34fea595d0,NI004,Suspended,,,NSC Therapeutics GmbH| Neurimmune Holding AG,Biological| Human monoclonal antibody| Parenteral formulation unspecified| Protein recombinant| Small molecule| Synthetic small molecule,Phase 1 Clinical| Phase 2 Clinical| Suspended,"Alzheimers disease| Dementia, Parkinson's disease| Lewy body dementia",Neurology/Psychiatric,Immunostimulant| Muscarinic M1 receptor agonist| Muscarinic acetylcholine (mAChR) receptor agonist| Muscarinic acetylcholine (mAChR) receptor regulator| Muscarinic acetylcholine receptor (M1) agonist| Muscarinic receptor agonist,Immunoglobulin,Austria| Switzerland,EVALUATE| CORTELLIS| PHARMAPROJECTS,2026-05-08T16:03:08.557Z,2026-05-08T16:03:08.557Z
e3c201a1-02f3-46e6-9a7f-6de7a66ee09b,PNA6,e8d9b21b-cfa1-4619-8bb1-d23a8961d195,,Preclinical,,,ProNeurogen Inc,Small molecule,Preclinical,Multiple sclerosis (MS) unspecified| Parkinson's disease,Neurology/Psychiatric,Angiotensin receptor agonist,,US,EVALUATE,2026-05-08T16:03:08.996Z,2026-05-08T16:03:08.996Z
7c53b309-b175-4323-8503-536d31e5e354,"J-147 (Alzheimer's disease/aging), Salk Institute/Abrexa",2ddd59fe-0025-42f1-8d8d-98989dde9795,J-147,Suspended,,,Abrexa Pharmaceuticals Inc| Salk Cancer Center,Oral formulation| Small molecule| Synthetic small molecule,Preclinical| Suspended,"Alzheimers disease| Ischaemia, cerebral",Cardiovascular| Neurology/Psychiatric| Other/Miscellaneous,5-Lipoxygenase inhibitor| Adenosinetriphosphate synthase inhibitor| Serine/threonine kinase stimulant,5-Lipoxygenase,US,CORTELLIS| PHARMAPROJECTS,2026-05-08T16:03:09.695Z,2026-05-08T16:03:09.695Z
f87da4dc-a2dd-401b-9237-81b8cd91435a,GP-119,5718ea04-6763-4d0c-8603-b390e17e2f6c,,Preclinical,,,Gliapharm Sa,Oral formulation| Small molecule| Synthetic small molecule,Preclinical,Alzheimers disease| Amyotrophic lateral sclerosis| Glucose transporter type 1 deficiency syndrome| Other metabolic indications| Rare neurological disease| Unidentified indication,Alimentary/Metabolic| Neurology/Psychiatric| Rare Diseases,Glial cell therapy| Unidentified pharmacological activity,,Switzerland,EVALUATE| CORTELLIS| PHARMAPROJECTS,2026-05-08T16:03:11.493Z,2026-05-08T16:03:11.493Z
59aa6c9d-7a87-478f-b76b-50de17d8be6d,"TDP-43 targeting therapy, Voyager Therapeutics/Transition Bio",668f86fc-38dd-42db-9e4e-e3ac0c6caed2,,Preclinical,,,Transition Bio Inc,Small molecule,Preclinical,Amyotrophic lateral sclerosis| Frontotemporal dementia,Neurology/Psychiatric| Rare Diseases,Unidentified pharmacological activity,,US,PHARMAPROJECTS,2026-05-08T16:03:11.615Z,2026-05-08T16:03:11.615Z
b694dbe8-e1c8-432d-bd96-cefbab2fdf52,florzolotau (18F),2d281041-72f9-4832-9cfb-10dffd8b139a,,Phase 3 Clinical,,,APRINOIA Therapeutics Inc| Bristol-Myers Squibb AB| Keio University,Imaging agent| In vivo diagnostics| Intravenous formulation| Radiolabeling| Small molecule| Synthetic small molecule,Phase 2 Clinical| Phase 3 Clinical,"Alzheimers disease| Dementia| Diagnosis, CNS| Frontotemporal dementia| Neurodegenerative disease| Other neurological indications| Progressive supranuclear palsy| Psychiatric disorder",Neurology/Psychiatric| Unknown,"Beta radiation emitter| Radioemitter, beta| Tau kinase inhibitor",Tau protein,Japan| Taiwan| US,EVALUATE| CORTELLIS| PHARMAPROJECTS,2026-05-08T16:03:11.835Z,2026-05-08T16:03:11.835Z
dd56343d-d39f-4982-abc0-09551856cb42,ZXBT-1158,f3c69925-7bf4-47c9-9279-3d62e07312f9,,Phase 1 Clinical,,,Dongguan Zhengxing-Beite Medicine Technology Co Ltd,Capsule formulation| Oral formulation| Small molecule,Phase 1 Clinical,Autoimmune disease| B-cell lymphoma| Central nervous system tumor| Lymphoma| Multiple sclerosis| Systemic lupus erythematosus,Cancer| Immune,BTK gene stimulator,Btk tyrosine kinase,China,CORTELLIS,2026-05-08T16:03:11.936Z,2026-05-08T16:03:11.936Z
5a954b68-a3bf-410d-a8fe-4b9dd1b9916b,ML-007C-MA,2cfd879c-5e30-42b6-b5a8-2d1435031c1b,"ML-007 + muscarinic antagonist, MapLight Therapeutics",Phase 2 Clinical,,,MapLight Therapeutics Inc,Drug combination| Fixed-dose combination| Oral sustained release formulation| Small molecule| Tablet formulation,Phase 1 Clinical| Phase 2 Clinical,"Alzheimers disease| Delusion| Dyskinesia, unspecified| Hallucination| Other neurological indications| Psychosis, Alzheimer's disease| Psychotic disorder| Schizophrenia| Undisclosed",Neurology/Psychiatric,Dopamine D1 receptor agonist| Dopamine receptor agonist| Muscarinic M1 receptor agonist| Muscarinic M4 receptor agonist| Muscarinic acetylcholine receptor (M1) agonist| Muscarinic acetylcholine receptor (M4) agonist| Muscarinic receptor agonist,Muscarinic M1 receptor| Muscarinic M4 receptor| Muscarinic receptor,US,EVALUATE| CORTELLIS| PHARMAPROJECTS,2026-05-08T16:03:09.253Z,2026-05-08T16:03:09.253Z
7c028937-37ff-44d1-9257-3721e94d0a06,"estetrol (topical, wound healing), Mithra",6d102d8c-35be-4205-a9b9-eb243a22332f,Estelle,Suspended,,,Adcock Ingram Ltd| Apotex Inc| Dexcel Ltd| Fuji Corp Co Ltd| Gedeon Richter UK Ltd| Hyundai Bioscience USA| Lotus AI LLC| Lupin Ltd| Mayne Pharma Llc| Mithra Trust| Pantarhei Oncology| Rafa Laboratories Ltd,Animal| Dermatological formulation| Drug combination| Fixed-dose combination| Intravenous formulation| Natural product| Oral formulation| Protein & peptide therapeutics| Small molecule| Steroid| Synthetic small molecule| Tablet formulation,Launched| Phase 2 Clinical| Phase 3 Clinical| Suspended,"Atrophic vaginitis| Brain disease| Brain hypoxia-ischemia| Breast tumor| COVID-19 treatment| Contraception| Contraceptive, female| Coronavirus disease 19 infection| Dysmenorrhea| Endometriosis| Epilepsy, encephalopathy, neonatal| General cardiovascular indications| Hormone replacement therapy| Hot flashes| Menopausal symptoms, unspecified| Menopause| Migraine| Multiple sclerosis (MS) unspecified| Osteoporosis| Other neurological indications| Prostate cancer| Prostate tumor| Sexual dysfunction, female| Sjogren's disease| Sjögren's syndrome| Solid tumour indications| Vulva disease| Wound closure",Cancer| Cardiovascular| Dermatologic| Genitourinary/Sexual Function| Immune| Infection| Musculoskeletal| Neurology/Psychiatric| Rare Diseases,Androgen receptor agonist| Angiotensin converting enzyme 2 modulator| Estrogen receptor agonist| Mineralocorticoid receptor agonist| Oestrogen receptor-alpha agonist| Progesterone receptor agonist| Selective estrogen receptor modulator,Angiotensin converting enzyme 2| Estrogen receptor,Australia| Belgium| Canada| Hungary| India| Israel| Japan| Netherlands| South Africa| South Korea| Taiwan,EVALUATE| CORTELLIS| PHARMAPROJECTS,2026-05-08T16:03:08.555Z,2026-05-08T16:03:08.555Z
de3d20ab-8931-4d3f-95df-d0fbd10418b1,PAV-615,8af43302-7e3e-4b0e-9aaf-597a60e03be3,,Preclinical,,,Prosetta Biosciences Inc,Small molecule,Preclinical,Amyotrophic lateral sclerosis| Frontotemporal dementia,Neurology/Psychiatric| Rare Diseases,Unidentified pharmacological activity| Unknown,,US,EVALUATE| PHARMAPROJECTS,2026-05-08T16:03:09.536Z,2026-05-08T16:03:09.536Z
2798bc90-c68e-42da-a3c3-eecd2f88080b,ARV-102,b527ec99-344a-4752-b904-09999f18282f,,Phase 1 Clinical,,,Arvinas Inc,Oral formulation| Proteolysis targeting chimera agent| Small molecule| Synthetic small molecule,Phase 1 Clinical,Neurodegenerative disease| Parkinson's disease| Parkinsons disease| Progressive supranuclear palsy,Neurology/Psychiatric| Rare Diseases,E3 ubiquitin ligase regulator| Leucine rich serine threonine kinase 2 inhibitor| Leucine-rich repeat kinase 2 inhibitor| Leucine-rich repeat serine/threonine-protein kinase 2 inhibitor| Protein degrader| Ubiquitin ligase inhibitor,Leucine rich serine threonine kinase 2| Ubiquitin ligase,US,EVALUATE| CORTELLIS| PHARMAPROJECTS,2026-05-08T16:03:09.536Z,2026-05-08T16:03:09.536Z
9f96924a-1173-42df-ad80-770c5139497b,LG-37619,26657579-50d7-4878-b37f-a3b7fd1a111c,,Preclinical,,,Longieva Therapeutics,Small molecule| Synthetic small molecule,Discovery| Preclinical,Parkinson's disease,Neurology/Psychiatric,Cannabinoid (CB) receptor type 2 (CB2) agonist| Cannabinoid CB2 receptor agonist,,US,EVALUATE| PHARMAPROJECTS,2026-05-08T16:03:09.636Z,2026-05-08T16:03:09.636Z
4c672511-f25a-4f64-90f1-a96d2feb68e3,landipirdine,049f5351-264d-4475-994d-93952222c323,,Suspended,,,Acorda Therapeutics Inc| Roche Ltd,Oral formulation| Small molecule| Synthetic small molecule,Phase 2 Clinical| Suspended,"Alzheimers disease| Cognitive disorder| Dementia, Parkinson's disease| Parkinsons disease dementia| Schizophrenia",Neurology/Psychiatric,5 Hydroxytryptamine 2A receptor antagonist| 5 Hydroxytryptamine 6 receptor antagonist| 5-HT 2a receptor antagonist| 5-HT 6 receptor antagonist,5-HT 2a receptor| 5-HT 6 receptor,Switzerland| US,CORTELLIS| PHARMAPROJECTS,2026-05-08T16:03:12.216Z,2026-05-08T16:03:12.216Z
860ca118-9f8a-45a8-b5a3-a81d1f4edfa8,laquinimod,74791584-1534-4d49-a610-de9f87a4c30f,,Suspended,,,Active Biotech| Active Biotech AB,Capsule formulation| Ophthalmic formulation| Oral formulation| Small molecule| Synthetic small molecule| Tablet formulation,Phase 1 Clinical| Phase 3 Clinical| Suspended,"Crohns disease| General eye disorders| General inflammatory disorders| Guillain Barre syndrome| Huntington's disease| Huntingtons chorea| Insulin dependent diabetes| Lupus nephritis| Macular degeneration| Multiple myeloma| Multiple sclerosis| Multiple sclerosis, progressive, primary| Multiple sclerosis, relapsing-remitting| Primary-Progressive MS (PPMS)| Relapsing-Remitting MS (RRMS)| Rheumatoid arthritis| Scleroderma| Systemic lupus erythematosus| Uveitis| Wet age related macular degeneration| Wet age-related macular degeneration (AMD)",Alimentary/Metabolic| Cancer| Gastrointestinal| Immune| Neurology/Psychiatric| Ocular| Rare Diseases| Sensory Organs,Aryl hydrocarbon receptor agonist| Brain derived neurotrophic factor (BDNF) stimulant| Immunosuppressant,Aryl hydrocarbon receptor,Sweden,EVALUATE| CORTELLIS| PHARMAPROJECTS,2026-05-08T16:03:09.594Z,2026-05-08T16:03:09.594Z
b54c2e9e-6237-4849-bf53-1f348b37872b,J-4,23f48557-9447-415b-89c0-3faeb80e7d30,,Suspended,,,Academia Sinica| National Taiwan University,Capsule formulation| Formulation powder| Oral formulation| Small molecule,Phase 1 Clinical| Suspended,Alzheimers disease| Epilepsy,Neurology/Psychiatric,Equilibrative nucleoside transporter 1 inhibitor,Equilibrative nucleoside transporter 1,Taiwan,CORTELLIS,2026-05-08T16:03:12.096Z,2026-05-08T16:03:12.096Z
decaf48d-51d7-4c87-8279-08f3880fa7f4,nicotinamide riboside chloride + pterostilbene,a8bfd80d-92d0-432d-a1f5-7ce870ac1fce,EH301,Suspended,,,Elysium Health Inc,Drug combination| Oral formulation| Small molecule| Synthetic small molecule,Phase 1 Clinical| Phase 2 Clinical| Suspended,Acute kidney injury| Amyotrophic lateral sclerosis| Other dermatoses| Renal injury,Genitourinary/Sexual Function| Neurology/Psychiatric| Rare Diseases,NAD-dependent deacetylase sirtuin inhibitor| Nicotinamide adenine dinucleotide (NAD) metabolism stimulant| Unidentified pharmacological activity,,US,EVALUATE| CORTELLIS| PHARMAPROJECTS,2026-05-08T16:03:08.933Z,2026-05-08T16:03:08.933Z
8f26a7bf-a470-42f0-8eb2-83433d57c5b0,CNR-401,ef04077a-97c9-4c90-b6df-245d13fdfc3a,,Phase 1 Clinical,,,Canurta Inc,Buccal formulation systemic| Oral liquid formulation| Small molecule,Phase 1 Clinical,Alzheimers disease| Amyotrophic lateral sclerosis| Frontotemporal dementia| Motor neurone disease,Neurology/Psychiatric| Rare Diseases,Fatty acid amide hydrolase inhibitor| Monoglyceride lipase inhibitor| Unidentified pharmacological activity| Unknown,Fatty acid amide hydrolase| Monoglyceride lipase,Canada,EVALUATE| CORTELLIS| PHARMAPROJECTS,2026-05-08T16:03:09.033Z,2026-05-08T16:03:09.033Z
3e6e4629-102e-4071-b827-48b9e2ab9c05,BIA 31,b1493f74-9b44-4fae-b92b-7d0461dfc065,,Preclinical,,,Bial Foundation,Small molecule,Preclinical,Parkinson's disease,Neurology/Psychiatric,Unclassified,,Portugal,EVALUATE,2026-05-08T16:03:08.317Z,2026-05-08T16:03:08.317Z
bf8141bd-eca9-46c7-9cc5-e550491f6a2f,Deraphan,66f23702-d21f-4788-b988-c28616f0d8ec,EXV-802,Phase 3 Clinical,,,Exciva GmbH,Capsule formulation| Drug combination| Small molecule,Phase 3 Clinical,Aggression| Agitation| Alzheimers disease| Dementia| Psychiatric disorder,Neurology/Psychiatric,5 Hydroxytryptamine 2A receptor agonist| 5 Hydroxytryptamine 2C receptor agonist| 5-HT 2a receptor antagonist| 5-HT 2c receptor antagonist| 5-HT2A (serotonin) receptor inverse agonist| Cytochrome P450 2D6 inhibitor| Cytochrome P450 inhibitor| Immunosuppressant| Interferon alpha antagonist| N-methyl-D-aspartate (NMDA) receptor antagonist| NMDA receptor agonist| Opioid receptor mu agonist| Sigma receptor agonist,5-HT 2a receptor| 5-HT 2c receptor| Cytochrome P450 2D6| NMDA receptor,Germany,EVALUATE| CORTELLIS| PHARMAPROJECTS,2026-05-08T16:03:08.435Z,2026-05-08T16:03:08.435Z
275a43fe-896e-4d52-a989-ad09775b72e2,"ILB, Tikomed",ccd22705-a057-4efc-ace5-1cae21c8506c,,Phase 2 Clinical,,,TikoMed AB,Infusion| Small molecule| Subcutaneous formulation,Phase 2 Clinical,Alzheimers disease| Amyotrophic lateral sclerosis| Coronavirus disease 19 infection| Dengue virus infection| Glaucoma| SARS coronavirus infection| Scar tissue| Stroke| Traumatic brain injury| Yellow fever virus infection| Zika virus infection,Dermatologic| Infection| Neurology/Psychiatric| Ocular,Mitochondrial antiviral signal protein inhibitor,Mitochondrial antiviral signal protein,Sweden,CORTELLIS,2026-05-08T16:03:11.937Z,2026-05-08T16:03:11.937Z
282db6a2-6b82-4b27-a3ec-6aaa75803e23,"D-lactic acid + glycolic acid (drug combination, amyotrophic lateral sclerosis), Neurevo",6da7705a-041b-4e3f-a747-85f5bb964558,,Suspended,,,NEUREVO GmbH,Drug combination| Small molecule| Synthetic small molecule| Systemic formulation unspecified,Clinical| Suspended,Amyotrophic lateral sclerosis,Neurology/Psychiatric| Rare Diseases,Unidentified pharmacological activity,,Germany,CORTELLIS| PHARMAPROJECTS,2026-05-08T16:03:12.156Z,2026-05-08T16:03:12.156Z
27c5cc18-3a21-4560-a269-c0ece452547f,Bionomics-Merck Undisclosed Cognition Research Project,5ecad150-864a-4d41-81e2-e661f04b8670,,Phase 1 Clinical,,,Merck & Co Inc| Neuphoria Pty Ltd,Small molecule,Phase 1 Clinical,Alzheimers disease,Neurology/Psychiatric,Potassium channel blocker,,US,EVALUATE,2026-05-08T16:03:08.596Z,2026-05-08T16:03:08.596Z
5944543e-4b61-4d8c-b4e0-2532d49921ba,CT-526,ed6a9ad9-37f6-4840-984b-e7b3d34fa512,,Suspended,,,Cogentis Therapeutics Inc,Biological| Peptide| Small molecule| Synthetic small molecule| Systemic formulation unspecified,Preclinical| Suspended,Alzheimers disease| Frontotemporal dementia,Neurology/Psychiatric| Rare Diseases,Cyclin-dependent kinase 5 (CDK5) inhibitor| Cyclin-dependent kinase-4 inhibitor| Cyclin-dependent kinase-5 modulator,Cyclin-dependent kinase-5,US,EVALUATE| CORTELLIS| PHARMAPROJECTS,2026-05-08T16:03:09.094Z,2026-05-08T16:03:09.094Z
db0082d7-a53b-4d0c-90f4-a747ad171d2a,ZT-200,70f4c286-eb54-42a5-a0ba-6470001467d1,,Preclinical,,,Zefit,Small molecule| Synthetic small molecule,Preclinical,Parkinson's disease,Neurology/Psychiatric,Unidentified pharmacological activity| Unknown,,South Korea,EVALUATE| PHARMAPROJECTS,2026-05-08T16:03:09.254Z,2026-05-08T16:03:09.254Z
c4fc67a9-92da-4237-a30c-5d38e4cb2e1e,CPT-021,5d41b26a-3759-4d3f-b09a-6f0bd158b613,,Suspended,,,Enabled Therapeutics,Small molecule| Synthetic small molecule,Preclinical| Suspended,"Alzheimers disease| COVID-19 treatment| Epilepsy| Epilepsy, generalized, unspecified| Traumatic brain injury",Neurology/Psychiatric,GABA receptor agonist| Gamma-aminobutyric acid (GABA) receptor agonist| Glutamate 5 receptor antagonist| Glycine receptor agonist| Metabotropic glutamate receptor 5 (MGLUR5) antagonist,,US,EVALUATE| PHARMAPROJECTS,2026-05-08T16:03:11.674Z,2026-05-08T16:03:11.674Z
be21922d-3749-4568-b18b-46de5bb0b754,TP-04-HN-106,fd12cda9-c14f-41b5-bc45-7dd22f2ec005,,Phase 2 Clinical,,,Talengen Institute of Life Sciences Co Ltd,Infusion| Intravenous formulation| Miscellaneous| Small molecule,Phase 1 Clinical| Phase 2 Clinical,Amyotrophic lateral sclerosis,Neurology/Psychiatric,Unknown,,China,EVALUATE| CORTELLIS,2026-05-08T16:03:11.936Z,2026-05-08T16:03:11.936Z
26397480-034a-421b-80d3-4878645587b5,Alzheimer Disease Research Project,11b4c275-af37-428e-9062-1188df8c7df1,,Preclinical,,,SynZyme Technologies LLC,Small molecule,Preclinical,Alzheimers disease,Neurology/Psychiatric,Unclassified,,US,EVALUATE,2026-05-08T16:03:08.877Z,2026-05-08T16:03:08.877Z
fb130e93-5203-4a79-84e2-32718b5aaf68,ezeprogind,02d479ef-2d73-446c-9e88-19b541b55d8b,Ezeprogind,Suspended,,,AlzProtect,Oral solution formulation| Small molecule| Synthetic small molecule,Phase 1 Clinical| Phase 2 Clinical| Preclinical| Suspended,Alzheimers disease| Amyotrophic lateral sclerosis| Frontotemporal dementia| Motor neurone disease| Neurodegenerative disease| Parkinson's disease| Parkinsons disease| Progressive supranuclear palsy,Neurology/Psychiatric| Rare Diseases,Amyloid precursor protein (APP) inhibitor| Beta amyloid modulator| Beta amyloid precursor protein antagonist| Granulin ligand modulator| PC cell derived growth factor (PCDGF) modulator| PC cell-derived growth factor agonist| Tau aggregation inhibitor| Tau kinase inhibitor,Granulin ligand| Tau protein,France,EVALUATE| CORTELLIS| PHARMAPROJECTS,2026-05-08T16:03:09.096Z,2026-05-08T16:03:09.096Z
611d9247-7801-48d5-89cd-10827b567d63,SAM0021,32638810-1979-4887-a2ff-ab8538879eee,SAM-0021,Suspended,,,Samsara Inc,Small molecule| Synthetic small molecule,Discovery| Preclinical| Suspended,Charcot Marie Tooth disease| Charcot–Marie–Tooth disease| Parkinson's disease| von Gierkes disease,Alimentary/Metabolic| Neurology/Psychiatric| Rare Diseases,Alpha-synuclein accumulation cell therapy| Beclin 1 modulator| Protein modulator,,UK,EVALUATE| PHARMAPROJECTS,2026-05-08T16:03:09.795Z,2026-05-08T16:03:09.795Z
3cad8d31-c16c-462f-9c75-cfa4f3def259,11C-BF-227,a792c74d-a7c7-4ee8-b963-3f6a546c6461,,Clinical,,,Tohoku University,Radiolabeling| Small molecule| Systemic formulation unspecified,Clinical,Parkinsons disease,Neurology/Psychiatric,,,Japan,CORTELLIS,2026-05-08T16:03:12.154Z,2026-05-08T16:03:12.154Z
f7014849-68b4-445d-ae4d-45f28de020a3,VG-081821AC,18902dfc-04b8-49de-a179-b42bf49fd5e2,VG-081821| VG081821,Phase 2 Clinical,,,Zhejiang Vimgreen Pharma Ltd,Small molecule| Tablet formulation,Phase 2 Clinical| Preclinical,Metabolic dysfunction-associated steatohepatitis| Non-alcoholic steatohepatitis| Parkinson's disease| Parkinsons disease,Alimentary/Metabolic| Gastrointestinal| Neurology/Psychiatric,Adenosine A2a receptor agonist,Adenosine A2a receptor,China,EVALUATE| CORTELLIS| PHARMAPROJECTS,2026-05-08T16:03:08.596Z,2026-05-08T16:03:08.596Z
cd281fad-5ce6-4e2e-b4ac-fcbdff8273e1,NST-0076,cdcaefd6-853f-4107-9ad1-240b84a0e7b5,NST0076,Suspended,,,Neuron Bio SA,Small molecule| Synthetic small molecule,Preclinical| Suspended,"Alzheimers disease| Cognitive disorder| Epilepsy| Fragile X syndrome| Sex-chromosome abnormality, fragile X syndrome",Neurology/Psychiatric| Rare Diseases,Unclassified| Unidentified pharmacological activity,,Spain,EVALUATE| CORTELLIS| PHARMAPROJECTS,2026-05-08T16:03:08.875Z,2026-05-08T16:03:08.875Z
3f1a7654-1eda-4945-83f6-ce6e31914c3d,TRSB-001,c1327bec-103f-4d84-a441-c6d747e3d87a,,Phase 1 Clinical,,,Transpire Inc,"Reformulation, inhalable| Synthetic small molecule",Phase 1 Clinical,"Psychosis, Parkinson's disease",Neurology/Psychiatric,Unidentified pharmacological activity,,US,PHARMAPROJECTS,2026-05-08T16:03:09.793Z,2026-05-08T16:03:09.793Z
6db66b65-7ff9-4e2b-911a-cd2e5c0a1141,[18F]-FB-610,8f2bd9ec-f7d5-4be6-8355-4b086837fe6f,,Preclinical,,,Vrije Universiteit van Amsterdam,Intravenous formulation| Radiolabeling| Small molecule,Preclinical,Neurodegenerative disease| Parkinsons disease,Neurology/Psychiatric,Tyrosine protein kinase ABL1 inhibitor,Tyrosine protein kinase ABL1,Netherlands,CORTELLIS,2026-05-08T16:03:12.053Z,2026-05-08T16:03:12.053Z
bd9a528d-e132-4a82-9877-f7c9703cd0a4,REX-4019,71a8a74c-4613-4d07-8a28-472cd9249aaf,,Preclinical,,,Recludix Pharma Inc,Oral formulation| Small molecule,Preclinical,Cancer| Inflammatory disease| Multiple sclerosis,Cancer| Immune| Inflammatory,SH2 domain containing protein inhibitor| STAT-3 inhibitor,SH2 domain containing protein| STAT-3,US,CORTELLIS,2026-05-08T16:03:12.315Z,2026-05-08T16:03:12.315Z
52282979-2769-4d05-92f7-e26e76f5e7a7,ANAVEX 3-71,de2ecf53-491a-400e-aeba-2570b09b6861,ANAVEX-3-71,Phase 2 Clinical,,,Anavex Canada Ltd| Israel Institute for Biological Research,Small molecule| Synthetic small molecule| Tablet formulation,Phase 1 Clinical| Phase 2 Clinical,Alzheimers disease| Frontotemporal dementia| Neurological disease| Parkinson's disease| Parkinsons disease| Schizophrenia,Neurology/Psychiatric| Rare Diseases,Beta amyloid modulator| Muscarinic M1 receptor agonist| Muscarinic acetylcholine receptor (M1) agonist| Muscarinic acetylcholine receptor (M1) regulator| Opioid receptor sigma agonist 1| Sigma receptor agonist,Beta amyloid| Muscarinic M1 receptor| Opioid receptor sigma 1,Israel| US,EVALUATE| CORTELLIS| PHARMAPROJECTS,2026-05-08T16:03:08.314Z,2026-05-08T16:03:08.314Z
20e6d8ee-a167-458e-8c05-64330e13f99d,RG6289,0b11e7c3-526d-4aab-9cab-b9e56f7a0280,RO7269162| nivegacetor,Phase 2 Clinical,,,Roche Ltd,Small molecule,Phase 2 Clinical,Alzheimers disease,Neurology/Psychiatric,Gamma secretase complex regulator| Gamma secretase inhibitor| Secretase inhibitor,,Switzerland,EVALUATE| PHARMAPROJECTS,2026-05-08T16:03:09.153Z,2026-05-08T16:03:09.153Z
d0f895c0-9b60-484d-a6ef-0176a16ac86d,AEV-003,c2f6ca67-c29a-44d5-af8f-7ede75696201,AEV003,Suspended,,,AevisBio Inc,Small molecule| Synthetic small molecule,Preclinical| Suspended,Alzheimers disease| Other neurological indications| Parkinson's disease| Stroke| Traumatic brain injury,Neurology/Psychiatric,Unclassified| Unidentified pharmacological activity,,South Korea,EVALUATE| CORTELLIS| PHARMAPROJECTS,2026-05-08T16:03:09.213Z,2026-05-08T16:03:09.213Z
55b4a364-4c37-486f-86d5-bb924a107ba7,INI-0602,8dd1168a-37b4-4c16-a258-479b1d6c292d,,Preclinical,,,Kyushu University,Small molecule| Systemic formulation unspecified,Preclinical,Multiple sclerosis| Multiple system atrophy| Obesity,Immune| Neurology/Psychiatric| Other/Miscellaneous,Gap junction alpha-1 protein inhibitor| Gap junction beta-1 protein inhibitor| Gap junction protein modulator,Gap junction alpha-1 protein| Gap junction beta-1 protein| Gap junction protein,Japan,CORTELLIS,2026-05-08T16:03:12.054Z,2026-05-08T16:03:12.054Z
1755997b-be68-46d6-9205-4a411e0cea18,PNA-5,44d9ac5d-9c8b-4af2-b41f-4070053a28c1,,Preclinical,,,ProNeurogen Inc| University of Arizona,Peptide| Small molecule| Subcutaneous formulation,Preclinical,"Cognitive disorder| Dementia, cerebrovascular| Neuropathic pain| Pain| Pain, cancer-induced| Parkinsons disease| Traumatic brain injury",Neurology/Psychiatric,Angiotensin receptor agonist| Interleukin-1 (IL-1) antibody| Mas-related G-protein coupled receptor agonist,Mas-related G-protein coupled receptor,US,EVALUATE| CORTELLIS,2026-05-08T16:03:12.156Z,2026-05-08T16:03:12.156Z
46756c7c-45d3-481f-9428-235367d3fe09,Path-004,e5148804-0d97-452c-b1cd-bd3f12be4e00,,Preclinical,,,PATH,Small molecule,Preclinical,Alzheimers disease,Neurology/Psychiatric,Unidentified pharmacological activity| Unknown,,US,EVALUATE| PHARMAPROJECTS,2026-05-08T16:03:08.258Z,2026-05-08T16:03:08.258Z
0794f806-339f-4a04-a981-eee5d85bdcce,ACU-D2,f99c11bd-afb2-4cae-9038-65d354b72117,,Suspended,,,Accuitis Pharmaceuticals Inc| Emory University,Small molecule| Synthetic small molecule,Preclinical| Suspended,Alzheimers disease| Parkinson's disease| Psoriasis| Retinitis pigmentosa| Scleroderma,Dermatologic| Neurology/Psychiatric,NAD-dependent deacetylase sirtuin-3 inhibitor| TNF agonist| Transcription factor NF-kappaB inhibitor,TNF gene,US,EVALUATE| CORTELLIS| PHARMAPROJECTS,2026-05-08T16:03:08.835Z,2026-05-08T16:03:08.835Z
f55d25de-9257-4f36-b976-94d47ccb8b1c,Alnitak,64f63157-7b75-477f-bd55-32347242ad17,,Preclinical,,,Aqilion AB,Small molecule| Synthetic small molecule,Discovery| Preclinical,Alzheimers disease| Autoimmune disease| Cancer| Crohns disease| Cystic fibrosis| Hidradenitis suppurativa| Hyperuricaemia/Gout| Inflammatory bowel disease| Inflammatory disease| Multiple sclerosis (MS) unspecified| Neurological disease| Osteoarthritis| Parkinson's disease| Rheumatoid arthritis| Sjögren's syndrome| Stroke| Systemic lupus erythematosus| Ulcerative colitis,Cancer| Gastrointestinal| Immune| Musculoskeletal| Neurology/Psychiatric,Mitogen-activated protein kinase (MAPK) inhibitor| Mitogen-activated protein kinase 7 (MAP3K7) inhibitor| Mitogen-activated protein kinase kinase kinase 5 inhibitor| Transforming growth factor (TGF) beta 1 inhibitor| Transforming growth factor beta 1 antagonist,,Sweden,EVALUATE| PHARMAPROJECTS,2026-05-08T16:03:09.475Z,2026-05-08T16:03:09.475Z
04e751e6-49ea-4468-b693-b248519e3639,Multiple sclerosis therapy,24dfb97d-33b0-4e08-8032-0d9ed191f4ef,,Preclinical,,,Progentos Therapeutics Inc,Small molecule,Preclinical,Multiple sclerosis (MS) unspecified,Neurology/Psychiatric,Oligodendrocyte progenitor cell stimulant,,US,EVALUATE,2026-05-08T16:03:09.476Z,2026-05-08T16:03:09.476Z
e7393caa-95d4-4fc2-adda-b1674a23456a,BIA 30,1aa28dde-ba59-4eeb-a3e8-ebc2903731fd,,Preclinical,,,Bial Foundation,Small molecule,Preclinical,Parkinson's disease,Neurology/Psychiatric,Unclassified,,Portugal,EVALUATE,2026-05-08T16:03:08.258Z,2026-05-08T16:03:08.258Z
c396f436-0ca0-4044-87d4-627f98c2d4dd,AVR-201,c8c85982-6aea-4517-9c63-9b3b82f6bc5f,,Preclinical,,,Avro Life Sciences Inc,Small molecule,Preclinical,Amyotrophic lateral sclerosis,Neurology/Psychiatric,Unclassified,,Canada,EVALUATE,2026-05-08T16:03:09.214Z,2026-05-08T16:03:09.214Z
b3c75cba-5fb3-47ea-a411-a0fd8e669630,"rasagiline mesylate {transdermal patch, parkinson disease), Shanghai Shiling Pharmaceutical",12454311-1a76-4bec-b6fe-5940038bf88a,,Preclinical,,,Leader Medica Srl,Patch formulation| Small molecule| Transdermal formulation,Preclinical,Parkinsons disease,Neurology/Psychiatric,MAO B inhibitor,MAO B,China,CORTELLIS,2026-05-08T16:03:12.317Z,2026-05-08T16:03:12.317Z
fcca7c3e-bccd-4762-a406-a55475dfa7f9,STP-2,be404c15-0b22-408f-a214-85b7e1a439f2,SFX-01,Phase 3 Clinical,,,Lalilab Inc| PharmAgra Labs Inc| Seville Medical Inc| Stalicla SA| TheraCryf Plc| Zhejiang Raybow Pharmaceutical Co Ltd,Enteric coated capsule formulation| Oral controlled release formulation| Plant| Small molecule| Unidentified,Phase 1 Clinical| Phase 2 Clinical| Phase 3 Clinical| Preclinical,"Acute myelogenous leukemia| Autism| Autism spectrum disorders (ASD)| Brain hemorrhage| Brain tumor| Breast tumor| COAD/COPD| COVID-19 complications| Cardiovascular disease| Chronic kidney disease| Colorectal tumor| Coronavirus disease 19 infection| End stage renal disease| General haematological indications| Glioblastoma| Glioma| Infection, unspecified| Ischaemia, cerebral| Ischemic stroke| Leukaemia, acute lymphocytic (ALL)| Leukemia| Macular degeneration, age-related, unspecified| Metabolic dysfunction-associated steatohepatitis| Metabolic dysfunction-associated steatotic liver disease| Metastatic breast cancer| Multiple sclerosis| Multiple sclerosis (MS) unspecified| Multiple sclerosis, relapsing-remitting| Neurological disease| Osteoarthritis| Other neurological indications| Prostate cancer| Prostate tumor| Respiratory distress syndrome| Rhabdomyosarcoma| Schizophrenia| Solid tumour indications| Subarachnoid haemorrhage| Triple-negative breast cancer",Cancer| Cardiovascular| Gastrointestinal| Genitourinary/Sexual Function| Hematologic| Immune| Infection| Inflammatory| Neurology/Psychiatric| Other/Miscellaneous| Rare Diseases| Respiratory| Sensory Organs,Kelch like ECH associated protein 1 modulator| Nuclear erythroid 2-related factor 2 modulator| Nuclear factor erythroid 2-related factor (Nrf2) stimulant| Protein tyrosine phosphatase-2C inhibitor| STAT transcription factor 3 inhibitor| Signal transducer and activator of transcription 3 (STAT3) inhibitor| Transcription factor Nrf2 inhibitor| Wnt pathway stimulant| Wnt/beta-catenin signalling pathway inhibitor,Kelch like ECH associated protein 1| Nuclear erythroid 2-related factor 2| Protein tyrosine phosphatase-2C,China| Spain| Switzerland| UK| US,EVALUATE| CORTELLIS| PHARMAPROJECTS,2026-05-08T16:03:08.556Z,2026-05-08T16:03:08.556Z
bd506074-39ce-4a90-b457-0106320c3d3c,"cromoglicic acid (ALS), PhenoNet",f7bf7fc6-b40e-41b2-906d-806d1c999d42,"Phenogene-1A| cromolyn, PhenoNet",Phase 2 Clinical,,,PhenoNet Inc,Oral formulation| Powder formulation inhalant systemic| Reformulation| Small molecule,Phase 2 Clinical,Amyotrophic lateral sclerosis,Neurology/Psychiatric| Rare Diseases,Amyloid protein deposition inhibitor| Histamine release inhibitor| Mast cell stabiliser,Beta amyloid,US,EVALUATE| CORTELLIS| PHARMAPROJECTS,2026-05-08T16:03:08.716Z,2026-05-08T16:03:08.716Z
277ac6f3-b1c0-4f24-8325-93a2938bee5c,Undisclosed-ABC Research Project 2 (ALEC),ee735230-aba7-40a1-a72d-b0bed31202ce,"Alzheimer disease therapy, Alector-2",Preclinical,,,Alector LLC,Small molecule| Synthetic small molecule,Preclinical,Alzheimers disease| Amyotrophic lateral sclerosis| Parkinson's disease,Neurology/Psychiatric| Rare Diseases,Unidentified pharmacological activity| Unknown,,US,EVALUATE| PHARMAPROJECTS,2026-05-08T16:03:08.835Z,2026-05-08T16:03:08.835Z
b06eeb04-2caf-4e3f-bd30-739b899c1456,S-pindolol benzoate,fa271a88-ed2f-484d-9af4-b0cb6b020e7c,ACM-001.1,Phase 3 Clinical,,,ActiMed Laboratories Inc| Akamis Bio Ltd| Mankind Pharma Ltd,Oral formulation| Reformulation| Small molecule| Synthetic small molecule,Phase 2 Clinical| Phase 3 Clinical,"Amyotrophic lateral sclerosis| Cachexia| Cachexia (wasting), other| Muscle weakness| Obesity| Sarcopenia",Alimentary/Metabolic| Cancer| Musculoskeletal| Other/Miscellaneous,5 Hydroxytryptamine 1A receptor agonist| 5-HT (serotonin) receptor antagonist| Beta adrenoreceptor agonist| Beta adrenoreceptor antagonist| Transforming growth factor (TGF) beta 1 receptor antagonist| Transforming growth factor (TGF) beta 2 regulator,,India| UK,EVALUATE| CORTELLIS| PHARMAPROJECTS,2026-05-08T16:03:09.037Z,2026-05-08T16:03:09.037Z
b1e68435-39c4-44b1-a1f4-714757c0b731,KPT-350,712c8c51-dd94-4baa-9d34-aaa4a1a5cc0d,,Suspended,,,Karyopharm Therapeutics Inc,Oral formulation| Small molecule| Synthetic small molecule,Phase 1 Clinical| Suspended,Amyotrophic lateral sclerosis| Becker muscular dystrophy| Multiple sclerosis| Rheumatoid arthritis| Systemic lupus erythematosus| Traumatic brain injury,Immune| Inflammatory| Musculoskeletal| Neurology/Psychiatric| Rare Diseases,COMM domain containing protein 1 modulator| Exportin 1 inhibitor| FOXO1 transcription factor stimulator| Nuclear erythroid 2-related factor 2 modulator| Nuclear factor kappa B modulator| PPAR agonist| Retinoid X receptor agonist,COMM domain containing protein 1| Exportin 1| FOXO1 transcription factor| Nuclear erythroid 2-related factor 2| Nuclear factor kappa B| PPAR| Retinoid X receptor,US,CORTELLIS| PHARMAPROJECTS,2026-05-08T16:03:12.154Z,2026-05-08T16:03:12.154Z
cbba210b-9112-4fe1-a7cc-8555258cc723,"UK-101, CoPlex",1d73a7b4-d8dc-4963-bca1-932bd44557bd,,Preclinical,,,CoPlex Therapeutics LLC,Small molecule,Preclinical,Alzheimers disease,Neurology/Psychiatric,Amyloid protein deposition inhibitor,Beta amyloid,US,CORTELLIS,2026-05-08T16:03:12.156Z,2026-05-08T16:03:12.156Z
55275c64-088c-4d1b-98da-f6bf3f4b25a4,BIIB-124,6a8425e3-4620-4b76-8900-9d6db37ce350,SAGE-324,Suspended,,,Sage SAS| Supernus Pharmaceuticals Inc,Oral formulation| Small molecule| Steroid| Synthetic small molecule| Tablet formulation,Phase 1 Clinical| Phase 2 Clinical| Suspended,"Encephalopathy, epileptic| Epilepsy| Essential tremor| Other neurological indications| Parkinson's disease| Parkinsons disease",Neurology/Psychiatric| Rare Diseases,GABA receptor agonist| Gamma-aminobutyric acid (GABA) receptor agonist,GABA A receptor,US,EVALUATE| CORTELLIS| PHARMAPROJECTS,2026-05-08T16:03:09.595Z,2026-05-08T16:03:09.595Z
46384114-ee90-4ac7-b9f8-9e4184b8ec6a,TPC-008,c1195658-fc68-4568-ad90-983fb6b263b7,,Preclinical,,,Tetra GmbH,Small molecule| Systemic formulation unspecified,Discovery| Preclinical,Alzheimers disease| Schizophrenia,Neurology/Psychiatric,Unidentified pharmacological activity| Unknown,,Denmark,EVALUATE| CORTELLIS| PHARMAPROJECTS,2026-05-08T16:03:09.635Z,2026-05-08T16:03:09.635Z
b8076c09-b70d-4b13-a6ce-36fc0a8da7ce,"ramatroban (repurposed, oral), KARE Biosciences",3d4de469-5544-4a91-80fc-130bf6465676,"ramatroban, Kare Biosciences",Phase 3 Clinical,,,Kare LLC,Oral formulation| Small molecule| Synthetic small molecule,Phase 2 Clinical| Phase 3 Clinical| Preclinical,"Alzheimers disease| Atherosclerosis| COVID-19 complications| COVID-19 treatment| Contact dermatitis| Coronavirus disease 19 infection| Dengue fever treatment| Dengue virus infection| Dermatitis| Eczema/Dermatitis| General respiratory disorders| Idiopathic pulmonary fibrosis| Infection, coronavirus, novel coronavirus| Influenza treatment| Myocardial infarction| Myocardial infarction, acute (AMI)| Parkinson's disease| Pneumoconiosis, silicosis| Pneumonia| Post-COVID syndrome| Pulmonary artery hypertension| Pulmonary hypertension| Respiratory syncytial virus infection| Sepsis| Sepsis/Septic shock| Sickle cell anemia| Sickle cell crisis| Silicosis| Streptococcus pneumoniae infection",Cardiovascular| Dermatologic| Hematologic| Infection| Neurology/Psychiatric| Other/Miscellaneous| Rare Diseases| Respiratory| Unknown,G-protein coupled receptor-44 antagonist| Prostaglandin (PG) receptor antagonist| Prostaglandin D2 receptor antagonist| Prostaglandin H2 receptor antagonist| Prostaglandin receptor D2 (PGD2) antagonist| TP receptor antagonist| Thromboxane (TX) receptor antagonist| Thromboxane A2 (TXA2) receptor antagonist| Thromboxane A2 agonist,G-protein coupled receptor-44| Prostanoid receptor,US,EVALUATE| CORTELLIS| PHARMAPROJECTS,2026-05-08T16:03:09.756Z,2026-05-08T16:03:09.756Z
75417164-de7b-40b7-bf84-6a21f4e33e46,MMJ-001,9620dc50-54c7-4a40-a4a5-165aa4548941,,Preclinical,,,Mmj Labs Llc,Capsule formulation| Oral gel formulation| Plant| Small molecule,Preclinical,Huntington's disease| Multiple sclerosis| Spasticity,Immune| Musculoskeletal| Neurology/Psychiatric| Rare Diseases,Cannabinoid receptor agonist,Neuropeptide receptor,US,CORTELLIS| PHARMAPROJECTS,2026-05-08T16:03:11.935Z,2026-05-08T16:03:11.935Z
214cd0eb-675a-47aa-a798-cb084e8db524,"alpha-synuclein degraders (Parkinson's disease), Aprinonia Therapeutics",41d5bc7e-ce24-40ab-ab84-3d7752952fb1,,Preclinical,,,APRINOIA Therapeutics Inc,Proteolysis targeting chimera agent| Small molecule,Preclinical,Lewy body dementia| Multiple system atrophy| Parkinsons disease,Neurology/Psychiatric,Synuclein inhibitor,Synuclein,Taiwan,CORTELLIS,2026-05-08T16:03:12.213Z,2026-05-08T16:03:12.213Z
601bdb57-3ec3-4d5c-a9a0-6d9f3877e809,XTS-001,4e31fb85-22c5-4be5-a01b-39267243b351,,Preclinical,,,X-tosis Inc,Small molecule| Synthetic small molecule| Systemic formulation unspecified,Preclinical,Alzheimers disease| Neurodegenerative disease| Parkinsons disease,Neurology/Psychiatric,Voltage dependent anion channel 1 inhibitor| Voltage-dependent anion channel (VDAC) regulator,Voltage dependent anion channel 1,US,EVALUATE| CORTELLIS| PHARMAPROJECTS,2026-05-08T16:03:09.533Z,2026-05-08T16:03:09.533Z
11526e8f-c173-469f-80df-07d5680820a6,EKZ-102,b1c45c36-1c64-40c5-a246-adc8f7e552e8,,Preclinical,,,Eikonizo Therapeutics Inc,Oral formulation| Small molecule| Synthetic small molecule,Preclinical,Alzheimers disease| Amyotrophic lateral sclerosis| Frontotemporal dementia| General cardiovascular indications| Neurological disease| Other neurological indications| Parkinsons disease,Neurology/Psychiatric| Rare Diseases,Histone deacetylase 6 (HDAC6) inhibitor| Histone deacetylase 6 inhibitor| Histone deacetylase-6 inhibitor,Histone deacetylase-6,US,EVALUATE| CORTELLIS| PHARMAPROJECTS,2026-05-08T16:03:09.696Z,2026-05-08T16:03:09.696Z
e141c423-9703-48f8-9dce-58592f3eaada,"CV-01, Cureverse/Korea Institute of Science and Technology",0aa79a56-b5f1-4a10-b419-90b42cf44531,,Phase 1 Clinical,,,Korea Institute of Science and Technology,Small molecule| Systemic formulation unspecified,Phase 1 Clinical,Alzheimers disease| Epilepsy,Neurology/Psychiatric,Nuclear erythroid 2-related factor 2 modulator,Nuclear erythroid 2-related factor 2,South Korea,CORTELLIS,2026-05-08T16:03:12.273Z,2026-05-08T16:03:12.273Z
959cd4b1-1f0d-45fc-ae4f-33551759e9ce,VQW-765,004ee018-0546-4615-a530-35ce8d37ca92,,Suspended,,,Novartis AG| Vanda Pharmaceuticals Inc,Capsule formulation| Oral formulation| Small molecule| Synthetic small molecule,Phase 3 Clinical| Suspended,"Alzheimers disease| Anxiety disorders| Cognitive disorder| Dyskinesia, levodopa-induced| Movement disorder| Neurological disease| Other neurological indications| Parkinson's disease| Schizophrenia| Social phobia",Neurology/Psychiatric,Alpha-4 nicotinic receptor agonist| Nicotinic ACh receptor alpha 7 partial agonist| Nicotinic acetylcholine receptor (nAChR) alpha-7 agonist,Nicotinic ACh receptor alpha 7 subunit,Switzerland| US,EVALUATE| CORTELLIS| PHARMAPROJECTS,2026-05-08T16:03:08.434Z,2026-05-08T16:03:08.434Z
2e72003a-6267-4cd0-8f7a-ace1f7d1ab3a,ACT01,399edbd3-5c4d-49dd-b646-a59fe87d4ba2,,Preclinical,,,DRI Capital Inc,Small molecule,Preclinical,Autism spectrum disorders (ASD)| Fragile X syndrome| Frontotemporal dementia,Neurology/Psychiatric,Sodium-dependent dopamine transporter inhibitor,,US,EVALUATE,2026-05-08T16:03:08.934Z,2026-05-08T16:03:08.934Z
31c073f3-8685-49cf-918c-1fb7a32a4657,"METTL3 activator, Chemestmed",e03c384f-7931-4ead-973e-d192ee91eb16,,Preclinical,,,Chemestmed Ltd,Small molecule,Preclinical,"Anxiety, unspecified| Non-insulin dependent diabetes| Obesity| Parkinson's disease",Alimentary/Metabolic| Neurology/Psychiatric,,,Estonia,PHARMAPROJECTS,2026-05-08T16:03:11.614Z,2026-05-08T16:03:11.614Z
31921509-a2ce-4499-9f39-7ae6c944af45,124I-PU-AD,99e6847e-5b74-4d8b-9ef5-664deb5d4a1e,,Suspended,,,Memorial Sloan Kettering Cancer Center| Samus Therapeutics Inc,Companion diagnostic| Infusion| Intravenous formulation| Oral formulation| Radiolabeling| Small molecule| Synthetic small molecule| Systemic formulation unspecified,Phase 1 Clinical| Suspended,"Acute myelogenous leukemia| Alzheimers disease| Amyotrophic lateral sclerosis| Brain tumor| Breast tumor| Cancer| Cancer, haematological, unspecified| Cancer, leukaemia, unspecified| Cancer, lymphoma, unspecified| Diagnosis, cancer| Myelofibrosis| Pancreatic cancer| Traumatic brain injury",Cancer| Hematologic| Immune| Neurology/Psychiatric| Rare Diseases,Epichaperome inhibitor| Heat shock protein 90 antagonist| Hsp 90 inhibitor| Not applicable,Hsp 90,US,CORTELLIS| PHARMAPROJECTS,2026-05-08T16:03:12.056Z,2026-05-08T16:03:12.056Z
ac30055d-cb57-4ef1-843d-d3d108e621ea,YA-201,9b918670-6a70-49ca-b62e-1fb6967a7549,,Preclinical,,,Yoda Pharmaceuticals,Small molecule| Synthetic small molecule,Preclinical,Alzheimers disease,Neurology/Psychiatric,Unidentified pharmacological activity| Unknown,,Taiwan,EVALUATE| PHARMAPROJECTS,2026-05-08T16:03:08.596Z,2026-05-08T16:03:08.596Z
7e154052-b2d3-40b8-a014-5b10b029bc0c,HUP-46,e13323b2-53f3-4252-885c-a12eb5c4f9e8,,Preclinical,,,University of Eastern Finland,Small molecule,Preclinical,Alzheimers disease| Frontotemporal dementia,Neurology/Psychiatric,Prolylendopeptidase inhibitor,Prolylendopeptidase,Finland,CORTELLIS,2026-05-08T16:03:11.995Z,2026-05-08T16:03:11.995Z
f76f8c88-e677-4422-a562-a49d9da2f092,AGS-499,62ac7958-3020-4b4a-8880-e4c2253b5361,,Suspended,,,Ben-Gurion University Of The Negev| Neuromagen Pharma Ltd,Small molecule| Synthetic small molecule| Systemic formulation unspecified,Preclinical| Suspended,Alzheimers disease| Amyotrophic lateral sclerosis| Cardiovascular disease,Cardiovascular| Neurology/Psychiatric| Ocular| Other/Miscellaneous| Rare Diseases,T cell stimulant| Telomerase inhibitor,Telomerase,Israel,CORTELLIS| PHARMAPROJECTS,2026-05-08T16:03:12.374Z,2026-05-08T16:03:12.374Z
f0282f78-774e-4a15-8a0f-1fac1420932b,"P7C3 series (neurodegenerative diseases), Calico",2259acce-ab0a-4f98-a124-ecbde0e7c642,,Preclinical,,,Southwestern College,Oral formulation| Small molecule,Preclinical,Alzheimers disease| Neurodegenerative disease,Neurology/Psychiatric,Nicotinamide phosphoribosyltransferase inhibitor,Nicotinamide phosphoribosyltransferase,US,CORTELLIS,2026-05-08T16:03:12.054Z,2026-05-08T16:03:12.054Z
ceb793ed-4591-4e3c-a1c7-4886e0f9ab7c,APH-1501,35f881ad-d455-4ff1-aad7-406e8091dc4c,,Suspended,,,Aphios Corp| Emerald Biotechnology España,Nanoparticle formulation| Nanoparticle formulation oral| Oral formulation| Other reformulation| Plant| Plant extract| Small molecule| Solubility-enhanced| Systemic formulation unspecified,Discovery| Phase 1 Clinical| Preclinical| Suspended,"Addiction, narcotic/opiate| Epilepsy| Multiple sclerosis| Multiple sclerosis (MS) unspecified| Neuropathic pain| Opiate dependence| Pain, nociceptive, general",Immune| Neurology/Psychiatric| Toxicity/Intoxication,Cannabinoid (CB) receptor agonist| Cannabinoid CB1 receptor inverse agonist| Cannabinoid CB2 receptor agonist| Cannabinoid receptor agonist| PPAR gamma agonist| Peroxisome proliferator-activated receptor gamma (PPAR-gamma) agonist,Cannabinoid CB2 receptor| Cannabinoid receptor| PPAR gamma,Spain| US,EVALUATE| CORTELLIS| PHARMAPROJECTS,2026-05-08T16:03:12.155Z,2026-05-08T16:03:12.155Z
1892712e-0d57-4b91-b4ec-0fe1e396cc36,4B1501,3cc678c4-92d9-4841-8818-1a0591c0b1d4,4B-1501,Phase 2 Clinical,,,4B Ventures LLC,Small molecule,Phase 2 Clinical,Amyotrophic lateral sclerosis,Neurology/Psychiatric| Rare Diseases,Unidentified pharmacological activity| Unknown,,China,EVALUATE| PHARMAPROJECTS,2026-05-08T16:03:08.995Z,2026-05-08T16:03:08.995Z
45f74acd-e5cc-4d29-8046-0c4718938bfd,dodecyl creatine ester,567773d3-0173-46a0-9a44-52b131b19ca8,"CBT-101, Ceres Brain Therapeutics| CBT101",Phase 1 Clinical,,,Ceres Inc,Nasal formulation| Prodrug| Small molecule| Synthetic small molecule,Phase 1 Clinical,Amyotrophic lateral sclerosis| Inborn error of metabolism| Mitochondrial disease| Neurological disease| Other neurological indications,Endocrine/Metabolic| Neurology/Psychiatric| Rare Diseases,Creatine kinase inhibitor| Creatine transporter regulator| Unidentified pharmacological activity,Creatine kinase,France,EVALUATE| CORTELLIS| PHARMAPROJECTS,2026-05-08T16:03:09.216Z,2026-05-08T16:03:09.216Z
c58e93d7-626e-4ee4-8b2c-9eab59a79937,"Act-02, Accure",d8d8d986-6993-4f38-b324-97c44817f651,ACT-02,Preclinical,,,Accure Health Inc| Iproteos,Oral formulation| Peptide| Small molecule,Preclinical,Cognitive disorder| Lewy body dementia| Parkinson's disease| Parkinsons disease| Schizophrenia,Neurology/Psychiatric,Prolyl oligopeptidase inhibitor| Prolylendopeptidase inhibitor,Prolylendopeptidase,Spain,EVALUATE| CORTELLIS| PHARMAPROJECTS,2026-05-08T16:03:09.375Z,2026-05-08T16:03:09.375Z
98cf5f24-e42f-48fb-ac79-a4f7eeecd83b,ritlecitinib,7189f870-21a1-4995-a9e5-87ebad3d8374,,Suspended,,,Pfizer Inc,Capsule formulation| Small molecule| Tablet formulation,Launched| Phase 2 Clinical| Phase 3 Clinical| Suspended,Alopecia areata| Alopecia/Male pattern baldness| Celiac disease| Crohns disease| Cutaneous T-cell lymphoma| Hidradenitis suppurativa| Inflammatory bowel disease| Insulin dependent diabetes| Multiple sclerosis| Mycosis fungoides| Non segmental vitiligo| Non-Hodgkin lymphoma| Psoriasis| Rheumatoid arthritis| Scar tissue| Sezary syndrome| Skin wounds| Ulcerative colitis| Urticaria| Vitiligo,Alimentary/Metabolic| Cancer| Dermatologic| Endocrine/Metabolic| Gastrointestinal| Immune| Neurology/Psychiatric,Epithelial mesenchymal transition (EMT) inhibitor| JAK3 gene inhibitor| Janus kinase 3 (JAK3) inhibitor| Janus kinase 3 inhibitor| Tec tyrosine kinase inhibitor,Jak3 tyrosine kinase| Tec tyrosine kinase,US,EVALUATE| CORTELLIS| PHARMAPROJECTS,2026-05-08T16:03:11.833Z,2026-05-08T16:03:11.833Z
d82049f2-3383-4afe-89db-063626c0c2ed,"Abelson tyrosine kinase inhibitors (oral, Parkinson's disease), Inhibikase Therapeutics",94010844-04f5-4039-8850-f3f8c78a334c,,Preclinical,,,Inhibikase Therapeutics Inc,CNS formulation| Oral formulation| Small molecule,Preclinical,Multiple system atrophy| Parkinsons disease,Neurology/Psychiatric,ABL gene inhibitor| Synuclein inhibitor| Tyrosine protein kinase ABL1 inhibitor,Abl tyrosine kinase| Synuclein| Tyrosine protein kinase ABL1,US,CORTELLIS,2026-05-08T16:03:11.935Z,2026-05-08T16:03:11.935Z
16cb689c-ef84-4438-b3b8-4762ff6b05a4,NX-210c,4795a0a5-b46c-432c-a4ff-5f646b6bf5b9,,Phase 2 Clinical,,,Axoltis Pharma SA,Infusion| Intravenous formulation| Peptide| Protein & peptide therapeutics| Small molecule,Phase 1 Clinical| Phase 2 Clinical,Alzheimers disease| Amyotrophic lateral sclerosis| Nervous system injury| Neurodegenerative disease| Neurological disease| Other neurological indications| Parkinson's disease| Parkinsons disease| Spinal cord injury| Stroke| Traumatic brain injury,Neurology/Psychiatric| Rare Diseases,Integrin receptor agonist,,France,EVALUATE| CORTELLIS| PHARMAPROJECTS,2026-05-08T16:03:12.216Z,2026-05-08T16:03:12.216Z
25b322ec-bc37-4317-b7e8-cfc9ceab3cb0,ISM-8969,f9ca639f-a4be-49f5-aae0-0f1c08247f00,ISM8969,Preclinical,,,Hygtia Therapeutics Co Ltd| Insilico Co Ltd,Oral formulation| Small molecule,Preclinical,Central nervous system disease| General inflammatory disorders| Inflammatory disease| Neurodegenerative disease| Neurological disease| Other neurological indications| Parkinson's disease| Parkinsons disease,Inflammatory| Musculoskeletal| Neurology/Psychiatric,NACHT LRR PYD domain protein 3 inhibitor| NLR family pyrin domain containing 3 inhibitor| Unknown,NACHT LRR PYD domain protein 3,China| Hong Kong| US,EVALUATE| CORTELLIS| PHARMAPROJECTS,2026-05-08T16:03:08.375Z,2026-05-08T16:03:08.375Z
8f644a56-4a85-418a-9445-825112a47e68,ALN-5288,58a3f9fb-fe6d-4487-a116-e9c0352590b2,,Phase 1 Clinical,,,Alnylam UK Ltd,DNA & RNA therapeutics| Intrathecal formulation| Nucleic acid technology| Oligonucleotide| RNA interference| Small molecule| small interfering RNA (siRNA),Phase 1 Clinical,Alzheimers disease,Neurology/Psychiatric,Gene expression inhibitor| Tau aggregation inhibitor| Tau kinase inhibitor| Unspecified gene modulator,Gene target,US,EVALUATE| CORTELLIS| PHARMAPROJECTS,2026-05-08T16:03:12.097Z,2026-05-08T16:03:12.097Z
7ca6b774-5dea-4643-b22c-234a71bfea83,"progesterone (intranasal, brain injury/sleeping disorders/multiple sclerosi), M et P Pharma",94a7e1e5-cc9f-435b-8b58-9be3610a673a,,Phase 2 Clinical,,,M et P Pharma AG,Nasal gel formulation| Small molecule| Steroid,Phase 2 Clinical,Brain injury| Insomnia| Multiple sclerosis,Genitourinary/Sexual Function| Immune| Neurology/Psychiatric,Progesterone receptor agonist,Progesterone receptor,Switzerland,CORTELLIS,2026-05-08T16:03:12.216Z,2026-05-08T16:03:12.216Z
4462f811-9cd2-423a-a7f3-0bb16e7410a9,[11C]ER-176,1aa51df4-cfbb-4272-9607-ed706e58f8c6,,Phase 3 Clinical,,,The National Institute of Mental Health,Radiolabeling| Small molecule| Systemic formulation unspecified,Phase 3 Clinical,Alzheimers disease| Diabetes mellitus| Diabetic gastroparesis,Endocrine/Metabolic| Gastrointestinal| Neurology/Psychiatric,,,US,CORTELLIS,2026-05-08T16:03:12.276Z,2026-05-08T16:03:12.276Z
2a485749-3637-4a30-b846-0e052090e0bd,CR-C003,74171d0e-3159-4644-a46f-ab585d0a1668,,Suspended,,,Curogen Technology Co Ltd,Small molecule,Preclinical| Suspended,Inflammatory bowel disease| Multiple sclerosis| Psoriasis| Psoriatic arthritis| Rheumatoid arthritis,Alimentary/Metabolic| Dermatologic| Immune| Neurology/Psychiatric,Unidentified pharmacological activity,,South Korea,PHARMAPROJECTS,2026-05-08T16:03:09.757Z,2026-05-08T16:03:09.757Z
8e90b7da-198e-4977-8a6e-ea93237e4b56,fenebrutinib,d1aca524-295a-45f9-adde-d2cf2fe386d8,,Phase 3 Clinical,,,Genentech Inc,Capsule formulation| Film coating| Small molecule| Tablet formulation,Phase 3 Clinical,Multiple sclerosis,Cancer| Dermatologic| Immune,BTK gene stimulator,Btk tyrosine kinase,US,CORTELLIS,2026-05-08T16:03:11.835Z,2026-05-08T16:03:11.835Z
d0850b5c-20e6-402f-b7fe-6cd86a35bc86,SCR-6920,884ed600-a39f-4510-af81-240db317b079,SIM-0722,Suspended,,,Simcere Shanghai,Oral formulation| Small molecule| Synthetic small molecule| Systemic formulation unspecified,Preclinical| Suspended,"Alzheimers disease| Asthma| Cancer, solid, unspecified| Chronic obstructive airway disease",Cancer| Neurology/Psychiatric| Respiratory,MTAP gene inhibitor| Methylthioadenosine phosphorylase modulator| PRMT gene inhibitor| Protein arginine N-methyltransferase 5 inhibitor| Protein arginine methyltransferase 5 inhibitor,MTAP gene| Methylthioadenosine phosphorylase| PRMT gene| Protein arginine N-methyltransferase 5,China,CORTELLIS| PHARMAPROJECTS,2026-05-08T16:03:12.093Z,2026-05-08T16:03:12.093Z
6b2f6b89-90ec-451a-8837-3aa906338c14,alirinetide,ea2a4856-fa10-4481-a699-0168554af615,,Phase 2 Clinical,,,Genervon Biopharmaceuticals LLC,Intravenous formulation| Peptide| Protein & peptide therapeutics| Small molecule,Phase 1 Clinical| Phase 2 Clinical,"Alzheimers disease| Amyotrophic lateral sclerosis| Huntington's disease| Ischaemia, cerebral| Multiple sclerosis| Multiple sclerosis (MS) unspecified| Musculoskeletal disease| Parkinson's disease| Parkinsons disease| Spinal cord injury",Cardiovascular| Immune| Musculoskeletal| Neurology/Psychiatric| Other/Miscellaneous| Rare Diseases,AKT gene inhibitor| Bax protein inhibitor| Hypoxic response protein modulator| Insulin-like growth factor 1 receptor agonist| Insulin-like growth factor 2 receptor agonist| Motoneuronotrophic factor stimulant| Neurotrophic factor (NGF) stimulant| Phosphoinositide 3-kinase modulator| Unclassified,AKT gene| Bax protein| Hypoxic response protein| Insulin-like growth factor 1 receptor| Insulin-like growth factor 2 receptor| Phosphoinositide 3-kinase,US,EVALUATE| CORTELLIS| PHARMAPROJECTS,2026-05-08T16:03:12.216Z,2026-05-08T16:03:12.216Z
7b5c3034-2b93-413d-bbbf-ddd1cd348e4e,"repurposed nilotinib (medulloblastoma), University of California San Diego",f68030da-7a27-4233-ab7b-965b99635641,nilotinib,Launched,,,Novartis AG,Capsule formulation| Oral formulation| Small molecule,Launched,Alzheimers disease| Chronic myelocytic leukemia| Giant cell bone tumor| Parkinsons disease| Pigmented villonodular synovitis| Tenosynovial giant cell tumor,Cancer| Cardiovascular| Hematologic| Immune| Musculoskeletal| Neurology/Psychiatric,Bcr protein inhibitor| DDR tyrosine kinase receptor inhibitor| Kit ligand| PDGF ligand| Tyrosine protein kinase ABL1 inhibitor,Bcr protein| DDR tyrosine kinase receptor| Kit tyrosine kinase| PDGF gene| Tyrosine protein kinase ABL1,,CORTELLIS,2026-05-08T16:03:12.376Z,2026-05-08T16:03:12.376Z
ef6aed48-38e8-465f-82ed-512a99cbfdd2,IGC-AD1,12c661ef-4635-4b09-a70a-9a03fab1d8a5,Hyalolex,Launched,,,IgC Bio Inc,Buccal formulation systemic| Natural product| Oral formulation| Small molecule| Solution| Synthetic small molecule,Launched| Phase 2 Clinical| Preclinical,"Agitation| Agitation, Alzheimer's disease| Alzheimers disease| Circadian rhythm sleep disorder| Cognitive disorder| Dementia| Psychosis, Alzheimer's disease",Neurology/Psychiatric,Cannabinoid (CB) receptor type 1 (CB1) agonist| Cannabinoid CB1 receptor partial agonist| Cannabinoid receptor agonist,Cannabinoid CB1 receptor,US,EVALUATE| CORTELLIS| PHARMAPROJECTS,2026-05-08T16:03:08.474Z,2026-05-08T16:03:08.474Z
3aa38cde-ba3e-4cb1-b235-392c581c1776,CSM-101,c3dcecec-87f4-4683-9977-9b2222f1fa76,,Preclinical,,,Casma Therapeutics Inc,Oral formulation| Small molecule| Unidentified,Preclinical,Gaucher disease| Parkinson's disease| Parkinsons disease,Alimentary/Metabolic| Endocrine/Metabolic| Neurology/Psychiatric| Rare Diseases,Mucolipin 1 stimulator| Transient receptor potential cation modulator,Mucolipin 1,US,EVALUATE| CORTELLIS| PHARMAPROJECTS,2026-05-08T16:03:08.475Z,2026-05-08T16:03:08.475Z
04e40e09-b5ac-44b7-9bde-e383927d0a0f,EF-005,849bb235-690e-4c4f-b22f-4e8dd633d055,,Suspended,,,Everfront Biotech Inc,Small molecule| Synthetic small molecule,Discovery| Preclinical| Suspended,Alzheimers disease,Neurology/Psychiatric,Gamma secretase inhibitor| Gamma-secretase inhibitor,Gamma-secretase,Taiwan,EVALUATE| CORTELLIS| PHARMAPROJECTS,2026-05-08T16:03:09.537Z,2026-05-08T16:03:09.537Z
a02ecdff-bbaf-41b3-bb88-6b821096712b,BMB-101,d080cf33-b805-4592-af1a-b62770db0170,,Suspended,,,Bright Minds Biosciences Inc| University of Texas Medical Branch at Galveston,Oral liquid formulation| Small molecule| Synthetic small molecule| Unidentified,Phase 1 Clinical| Phase 2 Clinical| Preclinical| Suspended,"Addiction, narcotic/opiate| Alzheimers disease| Binge eating disorder| Developmental and epileptic encephalopathy| Encephalopathy, epileptic| Epilepsy| Impulse control disorder| Myoclonus| Opiate dependence| Other neurological indications| Prader-Willi syndrome| Psychosis, Alzheimer's disease| Psychotic disorder| Tonic seizure",Alimentary/Metabolic| Endocrine/Metabolic| Neurology/Psychiatric| Rare Diseases| Toxicity/Intoxication,5 Hydroxytryptamine 2C receptor agonist| 5-HT 2c receptor agonist| 5-HT2C (serotonin) receptor agonist,5-HT 2c receptor,Canada| US,EVALUATE| CORTELLIS| PHARMAPROJECTS,2026-05-08T16:03:09.696Z,2026-05-08T16:03:09.696Z
516b0b6b-986c-4f01-ba1b-5e09d9a3cfab,VT-5006,49ce4bdb-83ca-4bf1-ab36-628801f06fb7,"AB-5006| VT-5006, Vertero Therapeutics",Phase 1 Clinical,,,Axial Biotech Inc| Caltech Innovations Pvt Ltd| Vertero Therapeutics Inc,Oral formulation| Small molecule| Synthetic small molecule,Phase 1 Clinical,Parkinson's disease| Parkinsons disease,Neurology/Psychiatric,Amyloid precursor protein (APP) inhibitor| Amyloid precursor protein antagonist| Beta amyloid modulator| Major curlin subunit inhibitor| Microbiome modulator| Synuclein accumulation inhibitor| Synuclein inhibitor| csgA gene inhibitor,Major curlin subunit| csgA gene,US,EVALUATE| CORTELLIS| PHARMAPROJECTS,2026-05-08T16:03:08.995Z,2026-05-08T16:03:08.995Z
64f9489b-936f-4894-b482-96d2033bc3fd,Vesalius-GSK Parkinson's Disease Research Project,e7e1a117-c25f-4f12-ab54-586a8a427fba,"antiparkinsonian, Vesalius Therapeutics",Preclinical,,,GSK plc| Vesalius NV,Small molecule,Preclinical,Parkinson's disease,Neurology/Psychiatric,Unclassified| Unidentified pharmacological activity,,UK| US,EVALUATE| PHARMAPROJECTS,2026-05-08T16:03:09.155Z,2026-05-08T16:03:09.155Z
27fa0251-aa21-4447-b6e7-256a82d32c61,Mitometin,3511f2fc-ffdb-42bd-99b4-26f35fb13ebc,,Suspended,,,2N Pharma ApS,Oral formulation| Small molecule| Synthetic small molecule,Discovery| Preclinical| Suspended,Amyotrophic lateral sclerosis| Frontotemporal dementia| Huntington's disease| Parkinson's disease| Parkinsons disease,Neurology/Psychiatric| Rare Diseases,Carnitine palmitoyltransferase 1 (CPT1) inhibitor| Carnitine palmitoyltransferase modulator| Carnitine palmitoyltransferase-I inhibitor,Carnitine palmitoyltransferase-I,Denmark,EVALUATE| CORTELLIS| PHARMAPROJECTS,2026-05-08T16:03:09.094Z,2026-05-08T16:03:09.094Z
507b8146-a9ce-4d03-9480-e0ad2d8c1fc0,HMS 5678,20fb60b0-0380-4401-a4ed-e6b8a78eb123,,Suspended,,,Beijing Hua Ai,Small molecule| Synthetic small molecule,Preclinical| Suspended,Alzheimers disease| Non-alcoholic steatohepatitis| Non-insulin dependent diabetes| Obesity,Alimentary/Metabolic| Neurology/Psychiatric,Carbohydrate kinase stimulant| Glucagon-like peptide 1 (GLP-1) receptor agonist| Glucagon-like peptide 1 gene stimulator| Glucokinase stimulant (Gka)| Hexokinase modulator| Incretin mimetic,,China,EVALUATE| PHARMAPROJECTS,2026-05-08T16:03:09.154Z,2026-05-08T16:03:09.154Z
d8352a4a-1c28-464d-91b5-9c7192d33482,"Gli-1 inhibitor program (multiple sclerosis), NYU Langone Medical Center/ GliXogen",f801902f-b70a-4eea-88af-81d2f122c55c,,Preclinical,,,NYU Langone,Small molecule,Preclinical,Multiple sclerosis,Immune,GLI1 transcription factor inhibitor,GLI1 transcription factor,US,CORTELLIS,2026-05-08T16:03:12.374Z,2026-05-08T16:03:12.374Z
dce66e92-c55a-463f-a111-510016dc4140,Ambroxol Hydrochloride,27570c32-93b7-4a23-b034-c65c5fb568ba,"ambroxol hydrochloride, Agyany Pharmaceuticals",Phase 2 Clinical,,,Agyany Pharma Ltd,>24hr release| Formulation other| Synthetic small molecule,Phase 2 Clinical| Preclinical,Gaucher disease| Parkinson's disease,Alimentary/Metabolic| Neurology/Psychiatric| Rare Diseases,Unidentified pharmacological activity,,Israel,EVALUATE| PHARMAPROJECTS,2026-05-08T16:03:11.676Z,2026-05-08T16:03:11.676Z
eca3f8b1-953a-47cf-a9d4-2e3b61451a2e,NMRA-511,d8cc0350-5497-4b06-b3af-fff9bb3c0871,,Phase 2 Clinical,Active,Active,Neumora Therapeutics Inc| The Blackthorn Trust,Oral formulation| Small molecule,Phase 1 Clinical| Phase 2 Clinical| Preclinical,"Agitation| Agitation, Alzheimer's disease| Alzheimers disease| Anxiety, unspecified| Autism| Autism spectrum disorders (ASD)| Generalised anxiety| Post traumatic stress disorder",Neurology/Psychiatric,Vasopressin 1A antagonist| Vasopressin 1a receptor (V1aR) antagonist| Vasopressin V1a receptor antagonist,Vasopressin V1a receptor,US,EVALUATE| CORTELLIS| PHARMAPROJECTS| CRM,2026-05-08T16:03:08.594Z,2026-05-08T16:03:08.594Z
f49990e0-0a10-4856-ad8f-00c8a4549b90,CNS Research Project 3,ae85ae2e-e3ac-44e5-b361-fcae01c44fab,,Preclinical,,,Myrobalan Therapeutics Inc,Small molecule,Preclinical,Alzheimers disease| Multiple sclerosis (MS) unspecified| Parkinson's disease,Neurology/Psychiatric,Tyrosine kinase (TYK) 2 inhibitor,,US,EVALUATE,2026-05-08T16:03:09.375Z,2026-05-08T16:03:09.375Z
5eccf466-7a2e-424f-8d99-78c29b7cc19a,"SK-131, University of Denver",2fb40e7e-912b-454f-bef3-fbb9105d8202,,Preclinical,,,University of Denver,Peptidomimetic| Small molecule| Systemic formulation unspecified,Preclinical,Alzheimers disease,Neurology/Psychiatric,Beta amyloid modulator,Beta amyloid,US,CORTELLIS,2026-05-08T16:03:11.836Z,2026-05-08T16:03:11.836Z
08dd12ec-5bb5-4e6f-ac30-32ad7af1b36b,RT-1972,c38eb7df-d563-4338-81a6-a46a1461ddb9,,Phase 2 Clinical,,,Raya Therapeutic Inc,Small molecule| Synthetic small molecule| Systemic formulation unspecified,Phase 2 Clinical| Preclinical,Amyotrophic lateral sclerosis| Central nervous system disease| Neurological disease| Other neurological indications,Neurology/Psychiatric| Rare Diseases,Opioid receptor sigma agonist 1| Unidentified pharmacological activity| Unknown,Opioid receptor sigma 1,Canada,EVALUATE| CORTELLIS| PHARMAPROJECTS,2026-05-08T16:03:08.475Z,2026-05-08T16:03:08.475Z
0a4778dd-d20e-4c1a-9d7a-a1f88d7fd549,CuATSM,51b419d6-e6ef-42d8-b7c1-a5ec0659f627,,Suspended,,,Collaborative Medicinal Development Llc| Melbourne Clinic,Small molecule| Synthetic small molecule,Phase 1 Clinical| Phase 2 Clinical| Suspended,Amyotrophic lateral sclerosis| Parkinson's disease,Neurology/Psychiatric| Rare Diseases,Superoxide dismutase (SOD) regulator| Unidentified pharmacological activity,,Australia| US,EVALUATE| PHARMAPROJECTS,2026-05-08T16:03:09.375Z,2026-05-08T16:03:09.375Z
084c480a-91b5-440a-9184-be7231923812,ZXBT-1158,542ff36f-d992-44ea-98cf-f70884756085,,Suspended,,,Guangzhou BeBetter Medicine Technology Co Ltd| Zhenxing Health Group Co Ltd,Small molecule| Synthetic small molecule,Phase 1 Clinical| Preclinical| Suspended,"Autoimmune disease| B-cell lymphoma| Brain tumor| Cancer, lymphoma, unspecified| Cancer, solid, unspecified| Multiple sclerosis| Multiple sclerosis (MS) unspecified| Non-Hodgkin lymphoma| Rheumatoid arthritis| Small lymphocytic lymphoma| Systemic lupus erythematosus",Cancer| Immune| Neurology/Psychiatric| Rare Diseases,Bruton tyrosine kinase inhibitor| Bruton’s tyrosine kinase (BTK) inhibitor,,China,EVALUATE| PHARMAPROJECTS,2026-05-08T16:03:09.634Z,2026-05-08T16:03:09.634Z
9e6d2f0a-4759-45e8-815d-99f81169c536,Apomorphine-S,6220074c-add1-49e8-9da5-684d1ecc0a83,,Preclinical,,,Sheffield City Council,Small molecule,Preclinical,Amyotrophic lateral sclerosis,Neurology/Psychiatric,Nuclear factor erythroid 2-related factor (Nrf2) stimulant,,UK,EVALUATE,2026-05-08T16:03:08.656Z,2026-05-08T16:03:08.656Z
5ef48795-0b7f-4ff9-a771-8bab65ade6bf,Meprin inhibitor Research program,52b3472b-0ed9-4ea6-8a09-025c5f9ad2cf,meprin,Suspended,,,Vivoryon Therapeutics NV,Small molecule| Synthetic small molecule,Preclinical| Suspended,Acute kidney injury| Alzheimers disease| Cancer| End stage renal disease| Fibrosis| Renal fibrosis,Cancer| Genitourinary/Sexual Function| Musculoskeletal| Neurology/Psychiatric,A disintegrin and metalloproteinase 8 (ADAM-8) inhibitor| Metalloproteinase ADAM9 inhibitor,,Germany,EVALUATE| PHARMAPROJECTS,2026-05-08T16:03:11.554Z,2026-05-08T16:03:11.554Z
2e561a76-6a8f-4387-931b-0293122968c7,idalopirdine,e310a318-5b54-476e-aa3e-baec80b9148e,,Suspended,,,Eli Lilly SA| Lundbeck NV,Film coating| Oral formulation| Small molecule| Synthetic small molecule| Tablet formulation,Phase 3 Clinical| Suspended,Alzheimers disease| Cognitive disorder| Schizophrenia,Neurology/Psychiatric,5 Hydroxytryptamine 6 receptor antagonist| 5-HT 6 receptor antagonist,5-HT 6 receptor,Denmark| US,CORTELLIS| PHARMAPROJECTS,2026-05-08T16:03:11.897Z,2026-05-08T16:03:11.897Z
3ab96b79-092f-4550-9675-1662410ba116,AP-472,b5f3c1d5-4be3-49ee-9c0f-6abcd695b84a,,Phase 2 Clinical,,,Appello Pharmaceuticals Inc| Vanderbilt Health,Small molecule| Synthetic small molecule| Tablet formulation,Phase 2 Clinical| Preclinical,Parkinson's disease| Parkinsons disease,Neurology/Psychiatric,Glutamate receptor agonist| Metabotropic glutamate receptor 4 (mGluR4) regulator| Metabotropic glutamate receptor 4 agonist,Metabotropic glutamate receptor 4,US,EVALUATE| CORTELLIS| PHARMAPROJECTS,2026-05-08T16:03:08.259Z,2026-05-08T16:03:08.259Z
594824d3-b407-4452-ba1d-7c2a39bf8201,SHIP1/INPP5D inhibitors,4fedb282-286e-4192-917b-6cbc6621136c,,Preclinical,,,State of Indiana,Small molecule,Preclinical,Alzheimers disease,Neurology/Psychiatric,Protein phosphatase (PP) inhibitor| Src homology phosphatase 1 (SHP1) inhibitor,,US,EVALUATE,2026-05-08T16:03:09.216Z,2026-05-08T16:03:09.216Z
cf55ab02-5f64-43d4-8d53-aaebedde09e5,THX-RS01,d6c2c73e-302f-4b05-9d56-3d3683dca55c,"palmitoylethanolamide + dronabinol (Tourette's syndrome/obstructive sleep apnea/lower back pain/agitation in Alzheimer’s disease), SciSparc| tetrahydrocannabinol + palmitoylethanolamide, Therapix Biosciences",Suspended,,,Dekel Pharmaceuticals Ltd| Procaps SA| SciSparc Ltd,Capsule formulation| Drug combination| Fixed-dose combination| Lipid| Oral formulation| Oral gel formulation| Plant extract| Small molecule| Synthetic small molecule| Tablet formulation,Phase 2 Clinical| Phase 3 Clinical| Suspended,"Agitation| Agitation, Alzheimer's disease| Alzheimers disease| Apnea| Lower back pain| Neuropathic pain| Obstructive sleep apnea| Pain| Tourette syndrome",Inflammatory| Musculoskeletal| Neurology/Psychiatric| Respiratory,Cannabinoid (CB) receptor agonist| Cannabinoid CB2 receptor agonist| Cannabinoid receptor agonist| Peroxisome proliferator-activated receptor gamma (PPAR-gamma) agonist,Cannabinoid CB1 receptor| Cannabinoid CB2 receptor| Cannabinoid receptor,Colombia| Israel,EVALUATE| CORTELLIS| PHARMAPROJECTS,2026-05-08T16:03:09.595Z,2026-05-08T16:03:09.595Z
e49820cf-b0ff-4650-852e-9659b71ea248,KitosCell Q,4a1d48fb-2b0d-4843-ab04-51691c08b00d,pirfenidone,Suspended,,,AFT Pharmaceuticals UK| Catalyst LLC| GNI USA| ILDONG Bioscience Co Ltd| Marnac Inc| Pharmathen SA| Qingdao Continent Pharmaceutical Co Ltd| Roche Ltd| Shionogi Ltd,Inhalable dry powder| Small molecule| Synthetic small molecule,Launched| Phase 1 Clinical| Phase 3 Clinical| Suspended,"Acute lung injury| Benign prostatic hyperplasia (BPH)| Bronchiolitis obliterans| Chronic heart failure (CHF)| Chronic kidney disease| Connective tissue disease-associated interstitial lung disease| Diabetic nephropathy| Eczema| Fibrosis| Fibrosis, uterine| General respiratory disorders| Idiopathic pulmonary fibrosis| Liver fibrosis| Lung cancer| Lung transplantation| Multiple sclerosis, progressive, secondary| Multiple sclerosis, progressive, unspecified| Other musculoskeletal disorders| Pneumoconiosis| Radio/chemotherapy-induced injury, unspecified| Radiotherapy-induced side effects| Renal fibrosis| Retinopathy| Rheumatoid arthritis| Scleroderma| Streptococcus pneumoniae infection| Systemic sclerosis-associated interstitial lung disease| Wound healing",Alimentary/Metabolic| Dermatologic| Genitourinary/Sexual Function| Immune| Musculoskeletal| Neurology/Psychiatric| Other/Miscellaneous| Rare Diseases| Respiratory| Sensory Organs,Platelet-derived growth factor receptor (PDGFR) regulator| Transforming growth factor (TGF) beta inhibitor| Transforming growth factor ligand inhibitor| Tumour necrosis factor alpha (TNFa) stimulant| Tumour necrosis factor alpha agonist| Tumour necrosis factor alpha antagonist| Tumour necrosis factor ligand antagonist| Unidentified pharmacological activity,,China| Greece| Japan| New Zealand| South Korea| Switzerland| US,EVALUATE| PHARMAPROJECTS,2026-05-08T16:03:11.776Z,2026-05-08T16:03:11.776Z
86f1a146-7a5d-43e3-b1ee-f2f7ebcd7c04,Multiple Sclerosis Research Project (MAPI),770973a8-1c34-40a8-8f90-bc60fe9dc3ba,,Preclinical,,,Mapi Llc,Small molecule,Preclinical,Multiple sclerosis (MS) unspecified,Neurology/Psychiatric,Unknown,,Israel,EVALUATE,2026-05-08T16:03:08.775Z,2026-05-08T16:03:08.775Z
6fdda9d3-44e5-40d5-b153-8c975b7fdedf,MD-056,e914af31-c792-45a5-9882-fea35531b875,CPT-011,Suspended,,,Enabled Therapeutics,Small molecule| Synthetic small molecule,Preclinical| Suspended,Brain tumor| General inflammatory disorders| Glioblastoma| Multiple sclerosis,Cancer| Musculoskeletal| Neurology/Psychiatric,Src homology phosphatase 2 (SHP2) inhibitor,,US,EVALUATE| PHARMAPROJECTS,2026-05-08T16:03:11.617Z,2026-05-08T16:03:11.617Z
0700c967-3afc-4ce9-88ed-d185257f98fe,ibrigampar,d849d18d-029c-413d-ba3b-e2fc4366c660,,Suspended,,,Amgen SA| Tularik Inc,Oral formulation| Small molecule| Synthetic small molecule,Phase 2 Clinical| Suspended,"Multiple sclerosis| Multiple sclerosis, relapsing-remitting| Non-alcoholic steatohepatitis| Non-insulin dependent diabetes",Alimentary/Metabolic| Endocrine/Metabolic| Gastrointestinal| Immune| Neurology/Psychiatric,Insulin sensitizer| PPAR gamma modulator| PPAR gamma partial agonist| Peroxisome proliferator-activated receptor gamma (PPAR-gamma) agonist,Insulin ligand| PPAR gamma,US,CORTELLIS| PHARMAPROJECTS,2026-05-08T16:03:12.155Z,2026-05-08T16:03:12.155Z
9278319b-9f45-4a59-983b-3cc8aa8c417b,buntanetap,4fd5b7ce-eb48-4f8a-92b7-bd99368c31ca,Posiphen,Suspended,,,Amgen SA| National Institutes of Health| Qr Ltd| Raptor Systems Inc,Capsule formulation| Crystalline form| Infusion| Intravenous formulation| Once daily formulation| Oral quick release formulation| Oral sustained release formulation| Small molecule| Stereochemistry| Synthetic isomeric| Synthetic small molecule,Phase 1 Clinical| Phase 2 Clinical| Phase 3 Clinical| Preclinical| Suspended,"Alzheimers disease| COVID-19 complications| COVID-19 treatment| Chronic traumatic encephalopathy| Cognitive disorder| Down syndrome| Drug toxicity| Frontotemporal dementia| Glaucoma| Huntington's disease| Ischaemia, cerebral| Lewy body dementia| Other neurological indications| Parkinson's disease| Parkinsons disease| Parkinsons disease dementia| Poisoning, organophosphate| Stroke| Traumatic brain injury",Cardiovascular| Neurology/Psychiatric| Ocular| Other/Miscellaneous| Rare Diseases| Sensory Organs| Toxicity/Intoxication,Acetylcholinesterase (AChE) stimulant| Acetylcholinesterase inhibitor| Alpha-synuclein accumulation inhibitor| Amyloid precursor protein (APP) inhibitor| Amyloid precursor protein antagonist| Beta amyloid precursor protein antagonist| Beta amyloid synthesis inhibitor| Huntingtin inhibitor| Huntington protein interaction inhibitor| Synuclein inhibitor| TAR DNA binding protein 43 inhibitor| Tau aggregation inhibitor| Tau kinase inhibitor,Acetylcholinesterase| Beta amyloid| Huntingtin| Synuclein| TAR DNA binding protein 43| Tau protein,US,EVALUATE| CORTELLIS| PHARMAPROJECTS,2026-05-08T16:03:08.258Z,2026-05-08T16:03:08.258Z
caf4811b-748e-44c0-8cc3-82939d0f4386,GRI-0124,51cb9071-2e45-44ab-839d-eaa67120a091,,Preclinical,,,GRI Bio Operations Inc,Lipid| Oral formulation| Small molecule| Synthetic small molecule,Preclinical,Autoimmune disease| Fibrosis| Liver fibrosis| Lupus nephritis| Multiple sclerosis (MS) unspecified| Primary sclerosing cholangitis| Systemic lupus erythematosus,Gastrointestinal| Immune| Musculoskeletal| Rare Diseases,Natural killer T (NKT) cell stimulant| Natural killer T cell inhibitor| Natural killer T-cell (NKT) stimulant,,US,EVALUATE| CORTELLIS| PHARMAPROJECTS,2026-05-08T16:03:09.313Z,2026-05-08T16:03:09.313Z
352b56ac-c3dd-468e-9058-8eebe29139e6,"RNA-targeted small molecule therapeutic (cancer), Genetic Leap",042c71f3-5551-4af7-b17c-52a399793084,GL-IL2-138,Preclinical,,,Genetic Leap,Oral formulation| Small molecule| Synthetic small molecule,Preclinical,Alzheimers disease| Autoimmune disease| Cancer| General cancer indications| General inflammatory disorders| Neurodegenerative disease,Cancer| Immune| Neurology/Psychiatric,Immune checkpoint agonist| Immuno-oncology therapy,,US,EVALUATE| CORTELLIS| PHARMAPROJECTS,2026-05-08T16:03:09.475Z,2026-05-08T16:03:09.475Z
f8e7c6b8-f51f-44cb-bd4c-ea21a72e77ff,N402,c6542a0f-9f5d-4b3b-b718-fce1871f82f1,AS-402,Preclinical,,,Amyloid Solution Inc,Small molecule| Synthetic small molecule,Discovery| Preclinical,Alzheimers disease,Neurology/Psychiatric,Unclassified| Unidentified pharmacological activity,,South Korea,EVALUATE| PHARMAPROJECTS,2026-05-08T16:03:11.555Z,2026-05-08T16:03:11.555Z
641a84cb-a466-47c9-877d-ce2986150d78,Alpha Synuclein Inhibitor Research Program (PTCT),b8a1ac94-d868-4e14-b0cd-ee9cb88f7d79,"alpha synuclein inhibitor, PTC Therapeutics",Preclinical,,,PTC Inc,Small molecule| Synthetic small molecule,Preclinical,Parkinson's disease,Neurology/Psychiatric,Alpha-synuclein accumulation inhibitor| Synuclein accumulation inhibitor| Synuclein inhibitor,,US,EVALUATE| PHARMAPROJECTS,2026-05-08T16:03:09.754Z,2026-05-08T16:03:09.754Z
e20bcce3-83bd-4a5f-946a-338f7bc3af50,HMSFDC 6868,f9fde417-d896-4089-b359-3602a06a60f9,dorzagliatin + sitagliptin,Suspended,,,Beijing Hua Ai,Fixed-dose combination| Formulation other| Small molecule| Synthetic small molecule,Phase 1 Clinical| Suspended,Alzheimers disease| Non-insulin dependent diabetes,Alimentary/Metabolic| Endocrine/Metabolic| Neurology/Psychiatric,Carbohydrate kinase stimulant| Dipeptidyl peptidase 4 (DPP IV) inhibitor| Dipeptidyl peptidase 4 (DPP4) inhibitor| Glucokinase stimulant (Gka)| Hexokinase modulator| Insulin secretagogue,,China,EVALUATE| PHARMAPROJECTS,2026-05-08T16:03:11.496Z,2026-05-08T16:03:11.496Z
ae864ea0-4cd6-477f-bd8d-65a2542dd0a3,"ST-02, Saillant Therapeutics",bbaa20f8-63a1-44f3-adc4-cb82e1fb547d,"Alzheimer’s disease therapy, Saillant Therapeutics| ST-01, Saillant Therapeutics",Suspended,,,Saillant Therapeutics,Small molecule| Synthetic small molecule| Systemic formulation unspecified,Preclinical| Suspended,"Alzheimers disease| Cardiac failure| Ischaemia, cerebral| Viral infection",Cardiovascular| Infection| Neurology/Psychiatric,Unidentified pharmacological activity,,Netherlands,CORTELLIS| PHARMAPROJECTS,2026-05-08T16:03:11.554Z,2026-05-08T16:03:11.554Z
f8777691-d781-4374-8ba8-758f9c111391,ASH-41020,c3323d55-dd8b-43a9-8e05-d9b4ff54837c,ASH41020,Suspended,,,Orpheris Inc,Nanoparticle formulation| Small molecule,Preclinical| Suspended,Multiple sclerosis (MS) unspecified,Immune| Neurology/Psychiatric,CSF-1 modulator| Colony stimulating factor 1 receptor (CSF1R) antagonist| Protein tyrosine kinase inhibitor,CSF-1| Protein tyrosine kinase,US,EVALUATE| CORTELLIS,2026-05-08T16:03:08.835Z,2026-05-08T16:03:08.835Z
c76a723f-d043-42ca-9837-69ee7a8e4e83,HS-10561,e076c7a3-6466-441e-8dd8-55dde8bcf49f,Rocbrutinib| rocbrutinib,Launched,,,Guangzhou Lupeng Pharmaceutical Co Ltd| Hansoh Bio LLC| Newave Pharmaceutical LLC,Capsule formulation| Once daily formulation| Oral formulation| Small molecule| Tablet formulation,Clinical| Launched| Phase 1 Clinical| Phase 2 Clinical| Phase 3 Clinical| Preclinical,B-cell lymphoma| Diffuse large B-cell lymphoma| Follicle center lymphoma| General blood malignancies| Hairy cell leukemia| Immune thrombocytopenic purpura| Lymphoplasmacytic lymphoma| Mantle cell lymphoma| Marginal zone lymphoma| Multiple sclerosis| Multiple sclerosis (MS) unspecified| Neuromyelitis optica| Non-Hodgkin lymphoma| Rheumatoid arthritis| Small lymphocytic lymphoma| Splenic marginal zone lymphoma| Systemic lupus erythematosus| Thrombotic thrombocytopenic purpura| Urticaria| Waldenström's macroglobulinaemia,Cancer| Dermatologic| Hematologic| Immune| Neurology/Psychiatric| Rare Diseases| Sensory Organs,BTK gene stimulator| Bruton tyrosine kinase inhibitor| Bruton’s tyrosine kinase (BTK) inhibitor| Kinase inhibitor,Btk tyrosine kinase,China| US,EVALUATE| CORTELLIS| PHARMAPROJECTS,2026-05-08T16:03:09.216Z,2026-05-08T16:03:09.216Z
9a265594-dcb6-474f-8eae-dfc26f9807d1,GAL-301,6ffbcdd7-a167-4500-9b80-cfa83cc590a6,,Preclinical,,,Galimedix Therapeutics Inc,Small molecule,Preclinical,Alzheimers disease,Neurology/Psychiatric,Beta amyloid modulator,,US,EVALUATE| PHARMAPROJECTS,2026-05-08T16:03:09.313Z,2026-05-08T16:03:09.313Z
7109d4d9-1a14-4be1-b0b7-3d8d0148acc2,ALZ-507,3c0c4444-d20e-458a-92fd-0db0d9202792,,Suspended,,,Alzheon Inc,Small molecule,Phase 1 Clinical| Preclinical| Suspended,Alzheimers disease| Cerebral amyloid angiopathy| Down syndrome| Dry age related macular degeneration| Inclusion body myositis,Musculoskeletal| Neurology/Psychiatric| Ocular| Rare Diseases| Sensory Organs,Beta amyloid modulator,,US,CORTELLIS| PHARMAPROJECTS,2026-05-08T16:03:09.793Z,2026-05-08T16:03:09.793Z
50cc303d-06d2-4490-92a6-3b181de6c915,paxalisib,ba5d67f5-afca-4ad2-833a-627adfda02dc,,Phase 3 Clinical,,,Genentech Inc| Kazia Therapeutics Ltd| Roche Ltd| Simcere Shanghai| Sovargen Co Ltd,Capsule formulation| Once daily formulation| Small molecule,Phase 1 Clinical| Phase 3 Clinical| Preclinical,Astrocytoma| Brain tumor| Breast tumor| Central nervous system disease| Central nervous system tumor| Diffuse large B-cell lymphoma| Epilepsy| Glioblastoma| Glioma| Gliosarcoma| HR-/HER2+ breast cancer| Lymphoma| Melanoma| Metastatic brain cancer| Metastatic breast cancer| Neoplastic meningitis| Non-Hodgkin lymphoma| Parkinson's disease| Parkinsons disease| Rhabdoid tumor| Solid tumor| Solid tumour indications| Triple-negative breast cancer| Tuberous sclerosis,Cancer| Neurology/Psychiatric| Rare Diseases,AKT gene inhibitor| Mammalian target of rapamycin (mTOR) inhibitor| PI3 kinase inhibitor| Phosphatidylinositol 3-kinase (PI3K) inhibitor| Phosphoinositide 3-kinase modulator| Protein kinase B (PKB) inhibitor| Protein kinase B inhibitor| mTOR inhibitor,AKT gene| Phosphoinositide 3-kinase| mTOR,Australia| China| South Korea| Switzerland| US,EVALUATE| CORTELLIS| PHARMAPROJECTS,2026-05-08T16:03:09.794Z,2026-05-08T16:03:09.794Z
bfeba71e-574d-4bbe-b235-87222135c0da,BIA-32,cf2ee966-db10-4823-86a0-72d79de304dc,,Preclinical,,,Bial Foundation,Small molecule| Synthetic small molecule| Systemic formulation unspecified,Preclinical,Parkinson's disease| Parkinsons disease,Neurology/Psychiatric,Unclassified| Unidentified pharmacological activity,,Portugal,EVALUATE| CORTELLIS| PHARMAPROJECTS,2026-05-08T16:03:11.556Z,2026-05-08T16:03:11.556Z
f0f88ff0-137e-484f-b8dc-ee332bb4dc15,HT-4253,3fd24138-b0a2-4bf1-b804-1b5ecd623650,,Phase 1 Clinical,,,Halia Therapeutics Inc,Oral formulation| Small molecule| Synthetic small molecule| Tablet formulation,Phase 1 Clinical,Alzheimers disease,Neurology/Psychiatric,Leucine rich serine threonine kinase 2 inhibitor| Leucine-rich repeat kinase 2 inhibitor| Leucine-rich repeat serine/threonine-protein kinase 2 inhibitor,Leucine rich serine threonine kinase 2,US,EVALUATE| CORTELLIS| PHARMAPROJECTS,2026-05-08T16:03:08.776Z,2026-05-08T16:03:08.776Z
3fcda66f-9ca6-4aa0-9917-5b23c572f3ce,usmarapride,28edaae4-bf32-4f1c-829d-89bfe217587b,SUVN-D4010,Suspended,,,Suven Life Sciences Ltd,Oral formulation| Small molecule| Synthetic small molecule| Tablet formulation,Phase 1 Clinical| Suspended,Alzheimers disease| Cognitive disorder| Other neurological indications| Schizophrenia,Neurology/Psychiatric,5 Hydroxytryptamine 4 receptor agonist| 5-HT 4 receptor agonist| 5-HT 4 receptor partial agonist| 5-HT4 (serotonin) receptor agonist| 5-HT4 (serotonin) receptor partial agonist,5-HT 4 receptor,India,EVALUATE| CORTELLIS| PHARMAPROJECTS,2026-05-08T16:03:08.875Z,2026-05-08T16:03:08.875Z
9b60bc56-9320-470d-a552-529393aded46,Lu AF28996,f837da49-47ab-478b-a3de-972c8c36f64c,Lu-AF28996,Suspended,,,Lundbeck NV,Small molecule| Synthetic small molecule,Phase 1 Clinical| Suspended,"Dyskinesia, unspecified| Parkinson's disease",Neurology/Psychiatric,Dopamine D1 receptor agonist| Dopamine receptor agonist,,Denmark,EVALUATE| PHARMAPROJECTS,2026-05-08T16:03:09.474Z,2026-05-08T16:03:09.474Z
885d7b7a-ac49-4d29-9efa-eb5e4693f955,STEL-101,ad13a061-0554-49c0-8c36-5d07983138d5,,Suspended,,,Stellate Therapeutics SAS,Small molecule| Synthetic small molecule,Preclinical| Suspended,Alzheimers disease| Parkinson's disease,Neurology/Psychiatric,Unidentified pharmacological activity| Unknown,,US,EVALUATE| CORTELLIS| PHARMAPROJECTS,2026-05-08T16:03:08.773Z,2026-05-08T16:03:08.773Z
2e2d26d7-6165-4c2e-b6a6-129b48ad9a72,Alzheimer’s Disease Treatment,cfe2e088-5639-4ec6-acd2-344482984d55,,Preclinical,,,Iluminos Therapeutics LLC| The University of Arizona,Small molecule,Preclinical,Alzheimers disease,Neurology/Psychiatric,Unclassified,,US,EVALUATE,2026-05-08T16:03:09.036Z,2026-05-08T16:03:09.036Z
82120244-c856-4859-b0e5-23710e757a95,IB-AD,6ecb8f9a-49be-4eb6-9a22-1671da4b3eac,,Suspended,,,Innobioscience LLC,Oral formulation| Small molecule| Synthetic small molecule,Preclinical| Suspended,Alzheimers disease,Neurology/Psychiatric,Glycogen synthase kinase 3 beta (GSK3b) regulator| Glycogen synthase kinase-3 beta inhibitor| Tau kinase inhibitor| Wnt ligand| Wnt pathway stimulant,Glycogen synthase kinase-3 beta| Tau protein| WNT gene,US,EVALUATE| CORTELLIS| PHARMAPROJECTS,2026-05-08T16:03:09.317Z,2026-05-08T16:03:09.317Z
43416f7c-21b7-4ec7-bf4b-109029663744,"kamuvudines (inflammasome-mediated disease), Inflammasome Therapeutics",b576d9fc-9ff4-4956-8846-9589cdbf2c42,,Phase 2 Clinical,,,Inflammasome Therapeutics| University of Kentucky,Ophthalmic drug implant| Small molecule| Synthetic small molecule,Phase 1 Clinical| Phase 2 Clinical,"Alzheimers disease| Amyotrophic lateral sclerosis| Diabetic macular edema| Dry age related macular degeneration| Dry age-related macular degeneration (AMD)| Geographic atrophy| Inflammatory disease| Macular degeneration| Macular oedema| Multiple sclerosis| Non-insulin dependent diabetes| Oedema, macular, diabetic| Wet age-related macular degeneration (AMD)",Endocrine/Metabolic| Immune| Inflammatory| Neurology/Psychiatric| Ocular| Sensory Organs,DNA polymerase modulator| NLR family pyrin domain containing 3 (NLRP3) inflammasome inhibitor| NLR family pyrin domain containing 3 inhibitor| Nucleoside reverse transcriptase inhibitor,Reverse transcriptase,US,EVALUATE| CORTELLIS| PHARMAPROJECTS,2026-05-08T16:03:12.157Z,2026-05-08T16:03:12.157Z
1ef0b295-edaf-47e6-9ffd-bea66099b6c9,LBR2950,bcd88cde-02c1-4f47-8f36-2c085c8ad27e,LBR-2950,Preclinical,,,Libra At Home Ltd,Small molecule,Preclinical,Amyotrophic lateral sclerosis| Parkinson's disease,Neurology/Psychiatric| Rare Diseases,Mucolipin transient receptor potential channel 1 (TRPML1) activator| TRPV agonist,,US,EVALUATE| PHARMAPROJECTS,2026-05-08T16:03:09.374Z,2026-05-08T16:03:09.374Z
5491acb4-a37d-4f3a-80ea-d4634ff8a5fc,"donepezil (oral, Alzheimers disease/dementia), Boryung",ba829dc4-79aa-4a2e-9a64-c951bc27e422,"donepezil (Raphas microneedle patch, Alzheimers disease), Boryung",Suspended,,,Boryung Co,Oral formulation| Other reformulation| Patch formulation| Small molecule| Synthetic small molecule| Transdermal formulation,Phase 1 Clinical| Suspended,Alzheimers disease| Dementia,Neurology/Psychiatric,Acetylcholinesterase inhibitor| Unidentified pharmacological activity,Acetylcholinesterase,South Korea,CORTELLIS| PHARMAPROJECTS,2026-05-08T16:03:11.937Z,2026-05-08T16:03:11.937Z
e76f816f-14bd-4a7d-9c55-8ee0ce1cb07b,"repurposed tolubuterol hydrochloride (cognitive disorder), CuraSen Therapeutics",6635f4da-0ad8-4ce8-8b20-c65c8d99cc73,,Suspended,,,CuraSen Therapeutics Inc,Oral formulation| Small molecule| Synthetic small molecule| Tablet formulation,Phase 2 Clinical| Suspended,Cognitive disorder| Parkinson's disease| Parkinsons disease,Neurology/Psychiatric,Beta 2 adrenoceptor agonist| Beta 2 adrenoreceptor agonist,Beta 2 adrenoceptor,US,CORTELLIS| PHARMAPROJECTS,2026-05-08T16:03:12.213Z,2026-05-08T16:03:12.213Z
d7e74952-e2f8-4941-9854-c917515f0bf7,mevidalen,1b42735a-ae3f-4691-b60b-9b905412ae7b,Mevidalen,Suspended,,,Eli Lilly SA,Oral formulation| Small molecule| Synthetic small molecule,Phase 2 Clinical| Suspended,"Alzheimers disease| Dementia, Parkinson's disease| Fungal infection| Lewy body dementia| Parkinson's disease| Parkinsons disease dementia",Infection| Neurology/Psychiatric,Dopamine D1 receptor agonist,Dopamine D1 receptor,US,EVALUATE| CORTELLIS| PHARMAPROJECTS,2026-05-08T16:03:09.034Z,2026-05-08T16:03:09.034Z
33db0a57-07c7-4692-b3f8-0679225176df,nivegacetor,16da91c8-66fa-4a04-8a1e-4b8137982b30,,Phase 2 Clinical,,,Roche AG,Oral formulation| Small molecule| Tablet formulation,Phase 2 Clinical,Alzheimers disease,Neurology/Psychiatric,Gamma-secretase inhibitor,Gamma-secretase,Switzerland,CORTELLIS,2026-05-08T16:03:12.277Z,2026-05-08T16:03:12.277Z
2d5deb51-650b-497e-945d-a45b2d773bc3,"rovatirelin (spinocerebellar degeneration), Kissei Pharmaceutical",74e117f4-b89f-4603-9b00-d8fa2a80b17e,rovatirelin,Suspended,,,Kissei Pharma USA Inc| Shionogi Ltd,Once daily formulation| Peptide| Peptidomimetic| Small molecule| Tablet formulation,Phase 3 Clinical| Suspended,Parkinson's disease| Spinocerebellar ataxia,Neurology/Psychiatric| Rare Diseases,TRH receptor agonist| Thyrotropin releasing hormone receptor agonist| Thyrotropin-releasing hormone (TRH) stimulant,TRH receptor,Japan,EVALUATE| CORTELLIS| PHARMAPROJECTS,2026-05-08T16:03:09.756Z,2026-05-08T16:03:09.756Z
e92278fd-5479-4a02-b5ae-f5099c6d73cb,PD-2024,eda79377-6c1c-4bcc-9889-063b3ba85b79,PD2024,Suspended,,,P2D Biosciences,Oral formulation| Small molecule| Synthetic small molecule,Preclinical| Suspended,"Alzheimers disease| Diabetes, undisclosed Type| Frontotemporal dementia| Non-insulin dependent diabetes| Obesity",Alimentary/Metabolic| Endocrine/Metabolic| Neurology/Psychiatric| Other/Miscellaneous,Tumour necrosis factor alpha (TNFa) inhibitor| Tumour necrosis factor alpha antagonist,,US,EVALUATE| CORTELLIS| PHARMAPROJECTS,2026-05-08T16:03:08.261Z,2026-05-08T16:03:08.261Z
c2da7d87-9c3d-4187-b0f8-6f1b07f60fc5,FB-1006,92eb1ba0-b3ba-49b1-b796-fb26930d847c,FB1006,Phase 2 Clinical,,,4B Ventures LLC,Other reformulation| Small molecule| Synthetic small molecule,Phase 2 Clinical,Amyotrophic lateral sclerosis,Neurology/Psychiatric| Rare Diseases,Unclassified| Unidentified pharmacological activity,,China,EVALUATE| CORTELLIS| PHARMAPROJECTS,2026-05-08T16:03:09.095Z,2026-05-08T16:03:09.095Z
db5a4013-8742-4330-bc1f-adc6a86cd4c1,razpipadon,c96e5ae1-0917-4e0a-8b22-19f790b18f3a,,Suspended,,,AbbVie BV| Pfizer Inc,Capsule formulation| Oral formulation| Oral liquid formulation| Small molecule| Synthetic small molecule| Tablet formulation,Phase 2 Clinical| Suspended,"Alzheimers disease| Cognitive disorder| Dementia| Dementia, cerebrovascular| Parkinson's disease",Neurology/Psychiatric,Dopamine D1 receptor agonist| Dopamine D1 receptor partial agonist| Dopamine D5 receptor agonist| Dopamine D5 receptor partial agonist| Dopamine receptor agonist,Dopamine D1 receptor| Dopamine D5 receptor,US,EVALUATE| CORTELLIS| PHARMAPROJECTS,2026-05-08T16:03:11.616Z,2026-05-08T16:03:11.616Z
727da271-2701-49e6-b854-c6b8a3347b93,"Kv1.3 blockade therapy, Muna Therapeutics",66c09fed-3a86-4867-8709-9cb24f0183fb,,Preclinical,,,Muna Therapeutics ApS,Synthetic small molecule,Preclinical,Multiple sclerosis| Parkinson's disease,Neurology/Psychiatric,Potassium channel antagonist,,Denmark,PHARMAPROJECTS,2026-05-08T16:03:11.676Z,2026-05-08T16:03:11.676Z
2d036ed2-71e1-4dc0-97bd-a63703a60d61,Alzheimer Disease Research Project (COLLPHARC),ff34993c-eee3-4323-b3de-2398cb807ec1,"Alzheimer's disease therapy, Collaborations Pharmaceuticals",Preclinical,,,Digital Collaborations Corp,Small molecule| Synthetic small molecule,Preclinical,Alzheimers disease,Neurology/Psychiatric,Acetylcholinesterase inhibitor| Glycogen synthase kinase-3 beta inhibitor| Unclassified,,US,EVALUATE| PHARMAPROJECTS,2026-05-08T16:03:09.316Z,2026-05-08T16:03:09.316Z
d06a3cb6-0d6b-4adb-8067-16be17de7c4c,"frontotemporal dementia therapy, Verge Genomics",51c36108-c5fe-4be5-ba68-3961f06debaf,"FTD disease therapy, Verge Genomics",Preclinical,,,Verge Health,Protein & peptide therapeutics| Small molecule| Synthetic small molecule,Discovery| Preclinical,Frontotemporal dementia,Neurology/Psychiatric| Rare Diseases,Unidentified pharmacological activity| Unknown,,US,EVALUATE| CORTELLIS| PHARMAPROJECTS,2026-05-08T16:03:09.796Z,2026-05-08T16:03:09.796Z
54cdf08c-192b-4d8c-9fd7-e424e5168e76,"NRF2-activating molecules (Alzheimers disease-related neuroinflammation), Autonomous University of Madrid/Biogen/ Instituto de Investigaciones Biomdicas ""Alberto Sols""",c4c8b51c-943b-4f9f-9038-35dc161a5f1b,,Preclinical,,,Universidad Autonoma de Madrid,Small molecule| Systemic formulation unspecified,Preclinical,Alzheimers disease| Neuritis,Neurology/Psychiatric,Nuclear erythroid 2-related factor 2 modulator,Nuclear erythroid 2-related factor 2,Spain,CORTELLIS,2026-05-08T16:03:11.995Z,2026-05-08T16:03:11.995Z
5af02e55-7aff-4c67-8805-ee56f8a0b859,AC-339,9737d8a5-81a5-4386-8914-17b33b187c4c,,Preclinical,,,Santa Barbara Behavioral Health,Oral formulation| Small molecule,Preclinical,Amyotrophic lateral sclerosis| Frontotemporal dementia| Neurodegenerative disease,Neurology/Psychiatric,Synuclein inhibitor| TAR DNA binding protein 43 inhibitor,Synuclein| TAR DNA binding protein 43,US,CORTELLIS,2026-05-08T16:03:12.314Z,2026-05-08T16:03:12.314Z
efaa6bdc-79eb-47c2-a4b6-59b07a6023ea,INV-88,ded57d15-c982-4269-9bb3-870d17c9e28f,,Suspended,,,Innovimmune Biotherapeutics Inc,Oral formulation| Small molecule| Synthetic small molecule,Preclinical| Suspended,"Age-related macular degeneration (AMD), unspecified| Alzheimers disease| Asthma| Atherosclerosis| Atopic dermatitis| Cancer| Crohns disease| Cystic fibrosis| Eczema/Dermatitis| General cancer indications| Insulin dependent diabetes| Macular degeneration, age-related, unspecified| Multiple sclerosis| Multiple sclerosis (MS) unspecified| Non-insulin dependent diabetes| Obesity| Other metabolic indications| Psoriasis| Rheumatoid arthritis| Systemic lupus erythematosus| Ulcerative colitis",Alimentary/Metabolic| Cancer| Cardiovascular| Dermatologic| Endocrine/Metabolic| Immune| Inflammatory| Neurology/Psychiatric| Ocular| Other/Miscellaneous| Respiratory| Sensory Organs,Immuno-oncology therapy| Macrophage migration inhibitory factor (MIF) inhibitor| Macrophage migration inhibitory factor inhibitor,Macrophage migration inhibitory factor,US,EVALUATE| CORTELLIS| PHARMAPROJECTS,2026-05-08T16:03:09.417Z,2026-05-08T16:03:09.417Z
8958b963-2a47-42d7-bba0-4a8be1115bc5,zagociguat,6b3a1836-1703-4ff7-bd87-305572698dbf,,Suspended,,,Cyclerion Therapeutics Inc| Ironwood Industries Inc| Tisento Therapeutics Inc,Once daily formulation| Oral formulation| Small molecule| Synthetic small molecule| Tablet formulation,Phase 2 Clinical| Suspended,"Alzheimers disease| Central nervous system disease| Cognitive disorder| MELAS syndrome| Mitochondrial encephalomyopathy, lactic acidosis, stroke-like| Neurological disease| Other neurological indications| Schizophrenia| Vascular dementia",Musculoskeletal| Neurology/Psychiatric| Rare Diseases,Guanylate cyclase (GUCY) receptor agonist| Guanylate cyclase inhibitor| Soluble guanylate cyclase (sGC) stimulant,Guanylate cyclase,US,EVALUATE| CORTELLIS| PHARMAPROJECTS,2026-05-08T16:03:11.496Z,2026-05-08T16:03:11.496Z
bbf03883-e67c-419f-ad3d-a2a43cc7aa23,AFFITOPE AD-02,c348b258-cb71-4de8-9d0a-705452bb7266,AD-2,Preclinical,,,Porosome Therapeutics Inc,Peptide| Small molecule| Systemic formulation unspecified,Preclinical,Alzheimers disease,Neurology/Psychiatric,,,US,CORTELLIS| PHARMAPROJECTS,2026-05-08T16:03:11.836Z,2026-05-08T16:03:11.836Z
ed6f7481-6318-41f6-8a8d-346f5c129674,SMLTDP-012,c0567cb5-5252-469e-a627-7185297e21b3,,Clinical,,,Shilpa Medicare Ltd,Once weekly formulation| Patch formulation| Small molecule,Clinical,Alzheimers disease,Neurology/Psychiatric,,,India,CORTELLIS,2026-05-08T16:03:12.315Z,2026-05-08T16:03:12.315Z
214ab6a6-2ed5-4641-ba20-ca79fa024493,EXV-801,3678d887-2b0b-4bc3-abc9-66ee0c271545,,Phase 3 Clinical,,,Exciva GmbH,Capsule formulation| Drug combination| Other reformulation| Small molecule,Phase 3 Clinical| Preclinical,"Aggression| Agitation| Agitation, Alzheimer's disease| Alzheimers disease| Dementia| Psychiatric disorder",Neurology/Psychiatric,5 Hydroxytryptamine 2A receptor agonist| 5 Hydroxytryptamine 2C receptor agonist| 5-HT 2a receptor antagonist| 5-HT 2c receptor antagonist| 5-HT2A (serotonin) receptor inverse agonist| 5-HT2C (serotonin) receptor agonist| Cytochrome P450 2D6 inhibitor| Cytochrome P450 family 2 subfamily D member 6 inhibitor,5-HT 2a receptor| 5-HT 2c receptor| Cytochrome P450 2D6,Germany,EVALUATE| CORTELLIS| PHARMAPROJECTS,2026-05-08T16:03:08.436Z,2026-05-08T16:03:08.436Z
42043a34-a472-468d-a545-611548eae0fa,RAG-21,d8fbc606-ae07-430b-8c45-8711708a21c7,,Preclinical,,,Ractigen Therapeutics Co Ltd,DNA & RNA therapeutics| Infusion| Intravenous formulation| Oligonucleotide| RNA interference| Small molecule| small interfering RNA (siRNA),Preclinical,Amyotrophic lateral sclerosis,Neurology/Psychiatric| Rare Diseases,FUS gene inhibitor| Gene expression inhibitor| RNA binder| RNA-binding protein FUS inhibitor,FUS gene,China,EVALUATE| CORTELLIS| PHARMAPROJECTS,2026-05-08T16:03:12.316Z,2026-05-08T16:03:12.316Z
34f5bcd9-d100-48b9-9829-07d155c63f9e,clenbuterol hydrochloride + nadolol,7f38d615-d556-4f5d-9a52-d614b86e9196,"CST-107| Clenbuterol/Nadolol| nadolol, CuraSen Therapeutics",Suspended,,,CuraSen Therapeutics Inc,Capsule formulation| Fixed-dose combination| Oral formulation| Reformulation| Small molecule| Synthetic small molecule| Tablet formulation,Phase 2 Clinical| Suspended,"Alzheimers disease| Dementia, Parkinson's disease| Depression| Depression, major depressive disorder| Lewy body dementia| Major depressive disorder| Other sleep disorders| Parkinson's disease| Progressive supranuclear palsy| Sleep disorder, Parkinson's disease",Neurology/Psychiatric,Beta 2 adrenoceptor agonist| Beta 2 adrenoreceptor agonist| Beta adrenoceptor agonist| Beta adrenoceptor inverse agonist| Beta adrenoreceptor agonist| Beta adrenoreceptor antagonist,Beta 2 adrenoceptor| Beta adrenoceptor,US,EVALUATE| CORTELLIS| PHARMAPROJECTS,2026-05-08T16:03:08.436Z,2026-05-08T16:03:08.436Z
528a95c0-5a0d-427b-ba59-8c78296c0138,CADI-T3021,71009c13-3a50-4da1-9740-a379dc9d3c1f,,Preclinical,,,BMSystems,Small molecule,Preclinical,Parkinson's disease,Neurology/Psychiatric,Unclassified,,France,EVALUATE,2026-05-08T16:03:08.596Z,2026-05-08T16:03:08.596Z
2b1cfd0c-f86f-476a-9426-412ef5cdb47b,Alzheimer's Research Program (GAUTG),abfe1d0d-a97d-439d-8359-092f23a6dd51,,Preclinical,,,Georg-August-Universität Göttingen,Small molecule,Preclinical,Alzheimers disease,Neurology/Psychiatric,Amyloid beta A4 binding protein inhibitor,,Germany,EVALUATE,2026-05-08T16:03:09.094Z,2026-05-08T16:03:09.094Z
6d7da207-8ca7-454c-8cd9-5b03d5f0cc64,WID-2101,f12c3278-3237-46ba-9517-744895114906,,Preclinical,,,WhanIn Pharmaceutical Co Ltd,Small molecule,Preclinical,Parkinson's disease,Neurology/Psychiatric,Unclassified,,South Korea,EVALUATE,2026-05-08T16:03:09.255Z,2026-05-08T16:03:09.255Z
38d846ce-c2d1-4dbf-8940-5744edf8dd0a,BrAD-R13,98380221-3d6a-4849-b96e-f746b5b33d02,Braegen-01,Phase 1 Clinical,,,Shanghai Braegen Pharmaceutical,Oral formulation| Small molecule| Synthetic small molecule| Tablet formulation,Phase 1 Clinical| Preclinical,"Alimentary/metabolic disease, unspecified| Alzheimers disease| Amyotrophic lateral sclerosis| Depression| Ischaemia, cerebral| Osteoporosis| Parkinson's disease| Parkinsons disease| Schizophrenia",Alimentary/Metabolic| Cardiovascular| Musculoskeletal| Neurology/Psychiatric| Rare Diseases,Brain derived neurotrophic factor (BDNF) receptor antagonist| TrkB receptor agonist| Tropomyosin receptor kinase B (TrkB) inhibitor,TrkB receptor,China,EVALUATE| CORTELLIS| PHARMAPROJECTS,2026-05-08T16:03:08.775Z,2026-05-08T16:03:08.775Z
b2f7b149-54ce-4d60-92f2-b4d384643820,buloxibutid,95cd8bb4-4e96-4ed1-8aec-f541a08e407f,Buloxibutid,Suspended,,,Nippon Shinyaku Co Ltd| Vicore Pharma AB,Capsule formulation| Small molecule| Synthetic small molecule,Phase 1 Clinical| Phase 2 Clinical| Suspended,"Alimentary/metabolic disease, unspecified| Atherosclerosis| COVID-19 treatment| Cardiac failure| Chemotherapy-induced side effects| Diabetic nephropathy| Dupuytren contracture| Hyperlipidemia| Idiopathic pulmonary fibrosis| Infection, coronavirus, novel coronavirus| Inflammatory disease| Ischaemia, cerebral| Multiple sclerosis| Multiple sclerosis (MS) unspecified| Musculoskeletal inflammation| Myocardial infarction| Non-insulin dependent diabetes| Other neurological indications| Pulmonary hypertension| Renal failure| Scleroderma| Sickle cell anemia| Spinal cord injury",Alimentary/Metabolic| Cardiovascular| Endocrine/Metabolic| Genitourinary/Sexual Function| Immune| Infection| Inflammatory| Musculoskeletal| Neurology/Psychiatric| Rare Diseases| Respiratory,Angiotensin II AT-2 receptor agonist| Angiotensin II receptor 2 (AT2) agonist| Angiotensin II receptor type 2 agonist,Angiotensin II AT-2 receptor,Japan| Sweden,EVALUATE| CORTELLIS| PHARMAPROJECTS,2026-05-08T16:03:08.834Z,2026-05-08T16:03:08.834Z
37b44983-1ed2-4003-9693-4a9d110486b9,"novel ion channel modulator, Autifony Therapeutics-2",0aa8a4ad-dafa-44d6-9c27-16d4c3b6ed26,,Preclinical,,,Autifony Alpha Ltd,Synthetic small molecule,Preclinical,Alzheimers disease| Lysosome storage disease| Parkinson's disease,Alimentary/Metabolic| Neurology/Psychiatric,Unidentified pharmacological activity,,UK,PHARMAPROJECTS,2026-05-08T16:03:09.794Z,2026-05-08T16:03:09.794Z
c69bdd91-3c39-46a9-a73e-02b7da79ad42,HT-ALZ,46f31568-45ff-4f06-86fa-03b31333ee8b,,Preclinical,,,Hoth Therapeutics Inc| Washington University School of Medicine,Small molecule| Synthetic small molecule,Preclinical,Alzheimers disease| Neurological disease| Other neurological indications,Neurology/Psychiatric,Unidentified pharmacological activity| Unknown,,US,EVALUATE| PHARMAPROJECTS,2026-05-08T16:03:08.475Z,2026-05-08T16:03:08.475Z
d139c992-e045-4131-83d0-e46a39c1be2b,"antiparkinsonian therapy, Simcere Pharmaceuticals",4827a554-e5dc-4098-9482-bd18b10fdad2,,Preclinical,,,Simcere Shanghai,Synthetic small molecule,Preclinical,Parkinson's disease,Neurology/Psychiatric,Unidentified pharmacological activity,,China,PHARMAPROJECTS,2026-05-08T16:03:11.556Z,2026-05-08T16:03:11.556Z
ce1d9671-73f6-42b6-a037-0cc4a214dec7,ulefnersen,1a961e2c-7168-4c39-9978-a356d3ba6973,,Phase 3 Clinical,,,Ionis Ireland Ltd| Otsuka Pharma GmbH,Antisense therapy| DNA & RNA therapeutics| Intrathecal formulation| Oligonucleotide antisense| Small molecule,Phase 3 Clinical,Amyotrophic lateral sclerosis,Neurology/Psychiatric| Rare Diseases,DNA synthesis inhibitor| FUS gene inhibitor| RNA binder| RNA-binding protein FUS inhibitor,FUS gene,Japan| US,EVALUATE| CORTELLIS| PHARMAPROJECTS,2026-05-08T16:03:12.093Z,2026-05-08T16:03:12.093Z
48310a2c-bea7-4834-8b13-e7d2a8950fa5,WTX-245,c9f26212-aaaa-400d-ba15-cd01ca8cc2d3,,Preclinical,,,WaveBreak Inc,Small molecule| Synthetic small molecule| Systemic formulation unspecified,Preclinical,Amyotrophic lateral sclerosis| Frontotemporal dementia| Other neurological indications,Neurology/Psychiatric| Rare Diseases,C9orf72 gene inhibitor| Superoxide dismutase 1 (SOD1) antibody| TAR DNA binding protein 43 inhibitor| TAR DNA-binding protein (TDP) regulator| TAR DNA-binding protein 43 (TDP43) regulator| TDP-43 inhibitor,TAR DNA binding protein 43,UK| US,EVALUATE| CORTELLIS| PHARMAPROJECTS,2026-05-08T16:03:09.036Z,2026-05-08T16:03:09.036Z
623e6974-29bf-4601-aa22-b63de642dd5b,NIO-752,f1df8d80-a88e-47db-917d-5b29295a4674,,Phase 1 Clinical,,,Novartis Pharmaceuticals Corp,Intrathecal formulation| Oligonucleotide antisense| Small molecule| Solution,Phase 1 Clinical,Alzheimers disease| Cognitive disorder| Progressive supranuclear palsy,Neurology/Psychiatric,MAPT gene inhibitor,MAPT gene,US,CORTELLIS,2026-05-08T16:03:11.994Z,2026-05-08T16:03:11.994Z
ecd48f44-3947-4c63-8849-2d2f1c5df6ef,Parkinson's disease therapeutics,482d3a2c-e4a3-473a-9c82-38c7d22402d1,,Discovery,,,DeepLife,Small molecule,Discovery,Parkinson's disease,Neurology/Psychiatric,Unknown,,France,EVALUATE,2026-05-08T16:03:12.375Z,2026-05-08T16:03:12.375Z
c25e1122-5080-4fca-9736-65fa289d9314,nibrozetone,8ce24624-7268-47e7-bf3a-e55e0afa5a8b,Nibrozetone,Suspended,,,EpicentRx Inc| SciClone Pharmaceuticals LLC,Immuno-oncology| Infusion| Intravenous formulation| Prodrug| Small molecule| Synthetic small molecule,Phase 1 Clinical| Phase 2 Clinical| Phase 3 Clinical| Preclinical| Suspended,"Achondroplasia| Acute Radiation Syndrome| Alzheimers disease| Amyotrophic lateral sclerosis| Biliary cancer| Brain tumor| Cancer| Cancer, CNS| Cancer, bone| Cancer, leukaemia, unspecified| Cancer, melanoma| Cancer, myeloma| Cancer, neuroendocrine, unspecified| Cancer, solid, unspecified| Colorectal tumor| Endometriosis| General blood malignancies| General cancer indications| Glioblastoma| Glioma| Head injury| Hepatoma, liver cancer| Inflammatory skin disorders| Leukaemia, acute myeloid (AML)| Liver tumor| Motor neurone disease| Mucositis| Multiple myeloma| Myelodysplastic syndrome| Neurodegenerative disease| Neuroendocrine tumour| Non-Hodgkin lymphoma| Non-small-cell lung cancer| Ovarian cancer| Pancreatic cancer| Parkinson's disease| Parkinsons disease| Poisoning neutralization| Poisoning, unspecified| Prostate cancer| Radiation sickness| Radio/chemotherapy-induced mucositis| Radiotherapy-induced side effects| Sickle cell anemia| Small-cell lung cancer| Solid tumour indications| Stomatitis",Alimentary/Metabolic| Cancer| Cardiovascular| Gastrointestinal| Genitourinary/Sexual Function| Immune| Infection| Neurology/Psychiatric| Other/Miscellaneous| Rare Diseases| Respiratory| Toxicity/Intoxication,CD47 modulator| Immune checkpoint agonist| Immuno-oncology therapy| Kelch like ECH associated protein 1 inhibitor| MYC gene inhibitor| NACHT LRR PYD domain protein 3 inhibitor| NLR family pyrin domain containing 3 (NLRP3) inflammasome inhibitor| NLR family pyrin domain containing 3 inhibitor| Nitric oxide modulator| Nuclear erythroid 2-related factor 2 modulator| Transcription factor Nrf2 inhibitor| c-Myc proto-oncogene protein modulator,CD47| Kelch like ECH associated protein 1| Myc proto-oncogene protein| NACHT LRR PYD domain protein 3| Nuclear erythroid 2-related factor 2,China| US,EVALUATE| CORTELLIS| PHARMAPROJECTS,2026-05-08T16:03:08.996Z,2026-05-08T16:03:08.996Z
25dbe0e2-2701-4733-b40b-cc9a6be16982,(S)-equol,d63125cb-1239-4367-b40d-3462e193e69d,AUS-131,Suspended,,,Ausio Pharmaceuticals LLC,Capsule formulation| Oral formulation| Oral quick release formulation| Parenteral formulation unspecified| Plant| Small molecule| Systemic formulation unspecified,Phase 2 Clinical| Suspended,"Acne| Age-related frailty| Alzheimers disease| Benign prostatic hyperplasia (BPH)| Breast tumor| Menopausal symptoms, unspecified| Menopause| Osteoporosis| Other neurological indications| Prostate cancer",Cancer| Cardiovascular| Dermatologic| Genitourinary/Sexual Function| Musculoskeletal| Neurology/Psychiatric,Estrogen receptor agonist| Oestrogen receptor-beta agonist,Estrogen receptor beta,US,EVALUATE| CORTELLIS| PHARMAPROJECTS,2026-05-08T16:03:09.415Z,2026-05-08T16:03:09.415Z
50b30bbf-d287-4757-bfaa-1ba190c75f8a,"DPI-289, Adamis Pharmaceuticals",3ca5535b-f970-4c4b-b462-3e82b06d8b34,,Suspended,,,Adamis Corp,Small molecule,Preclinical| Suspended,Parkinson's disease| Parkinsons disease,Neurology/Psychiatric,Opioid receptor delta agonist| Opioid receptor mu agonist,,US,CORTELLIS| PHARMAPROJECTS,2026-05-08T16:03:12.095Z,2026-05-08T16:03:12.095Z
09eb9771-ab85-422e-9b97-53f088de352a,AY-1001,e9cbfab5-5e4a-4686-b3de-7694e41f0a4d,,Phase 1 Clinical,,,Jiaxing Anyu Biotechnology Co Ltd,Small molecule| Synthetic small molecule,Phase 1 Clinical,Alzheimers disease| Bipolar disorder,Neurology/Psychiatric,Unidentified pharmacological activity| Unknown,,China,EVALUATE| PHARMAPROJECTS,2026-05-08T16:03:08.996Z,2026-05-08T16:03:08.996Z
48629e8f-47be-436d-be66-5f56a76d56f5,besipirdine,ff958ac8-04af-48e7-aa36-f7dba7010f5f,Besipirdine,Suspended,,,Hoechst Marion Roussel Inc| Sanofi KK| UroGene SA,Oral formulation| Small molecule| Synthetic small molecule,Discovery| Phase 2 Clinical| Suspended,Alzheimers disease| General urinary tract indications| Overactive bladder| Urinary incontinence,Genitourinary/Sexual Function| Neurology/Psychiatric,Alpha 1A adrenoceptor agonist| Alpha 2 adrenoreceptor agonist| Beta adrenoceptor agonist| Muscarinic receptor agonist| Sodium channel antagonist,Alpha 1A adrenoceptor,France,EVALUATE| CORTELLIS| PHARMAPROJECTS,2026-05-08T16:03:09.314Z,2026-05-08T16:03:09.314Z
19f39332-8a35-4376-90df-41abe565e1b5,dazucorilant,65c8faf8-0804-4b2e-8982-f599ee2879cd,Dazucorilant,Phase 2 Clinical,,,Corcept Therapeutics Inc,Capsule formulation| Lipid| Oral formulation| Small molecule| Synthetic small molecule,Phase 2 Clinical,Alzheimers disease| Amyotrophic lateral sclerosis| Liver failure| Metabolic disorder| Psychiatric disorder| Undisclosed,Endocrine/Metabolic| Gastrointestinal| Neurology/Psychiatric| Rare Diseases,Glucocorticoid receptor agonist,Glucocorticoid receptor,US,EVALUATE| CORTELLIS| PHARMAPROJECTS,2026-05-08T16:03:09.474Z,2026-05-08T16:03:09.474Z
3e9c5448-0621-4b77-9216-210459c6f061,Q-134R,6ef10abb-0076-41f5-afea-50568bd52754,,Suspended,,,Avidin Biotechnology,Oral formulation| Small molecule| Synthetic small molecule,Phase 1 Clinical| Suspended,Alzheimers disease,Neurology/Psychiatric,Hypoxia inducible factor-1 alpha modulator| T-cell transcription factor NFAT inhibitor,Hypoxia inducible factor-1 alpha| T-cell transcription factor NFAT,Hungary,CORTELLIS| PHARMAPROJECTS,2026-05-08T16:03:12.374Z,2026-05-08T16:03:12.374Z
72ba14c6-b4c2-45bd-9fbf-dc1db4cb5f88,T-168,9fe5e13e-7d8f-4533-af84-9cf297e4b52e,TQS-168,Phase 1 Clinical,,,Endurance Bio Inc| Tranquis Therapeutics Inc,Oral formulation| Small molecule| Synthetic small molecule,Phase 1 Clinical| Preclinical,Amyotrophic lateral sclerosis| Friedreich ataxia| Frontotemporal dementia| Huntington's disease| Muscular dystrophy| Other neurological indications| Parkinson's disease| Parkinsons disease| Sepsis,Infection| Musculoskeletal| Neurology/Psychiatric| Rare Diseases,Gene expression stimulant| PPAR gamma coactivator 1-alpha stimulator| PPARG coactivator 1 alpha agonist| Peroxisome proliferator-activated receptor gamma (PPAR-gamma) agonist| Transcription factor EB inhibitor,PPAR gamma coactivator 1-alpha| Transcription factor EB,US,EVALUATE| CORTELLIS| PHARMAPROJECTS,2026-05-08T16:03:09.754Z,2026-05-08T16:03:09.754Z
d94988a5-f731-4681-8e9e-eba2c0356cc3,SM-15238,50be4ab9-44aa-4b23-8088-5a3796c8f99a,,Suspended,,,Samumed Pacific Pty Ltd,Oral formulation| Small molecule| Synthetic small molecule,Preclinical| Suspended,Alzheimers disease| Hyperglycemia,Endocrine/Metabolic| Neurology/Psychiatric,DYRK-1 alpha protein kinase inhibitor| DYRK-1 beta protein kinase inhibitor| Dual specificity TP-regulated kinase 1 inhibitor,DYRK-1 alpha protein kinase| DYRK-1 beta protein kinase,US,CORTELLIS| PHARMAPROJECTS,2026-05-08T16:03:12.215Z,2026-05-08T16:03:12.215Z
90b8f385-5986-4456-975a-99bdef2a873d,ACI-15916,85425502-cbbc-4672-9735-60e5d5b3424b,ACI-12589,Clinical,,,AC Immune SA,Imaging agent| In vivo diagnostics| Small molecule| Synthetic small molecule| Systemic formulation unspecified,Clinical| Phase 1 Clinical,"Diagnosis, CNS| Multiple system atrophy| Other imaging| Parkinson's disease| Parkinsons disease",Neurology/Psychiatric| Unknown,Radiation emitter| Radioemitter| Radiography enhancer therapy| Synuclein inhibitor,Synuclein,Switzerland,EVALUATE| CORTELLIS| PHARMAPROJECTS,2026-05-08T16:03:12.275Z,2026-05-08T16:03:12.275Z
dd35e4ae-f318-4a2d-b0c9-06852b9b60c8,Ziva,84855ab2-c530-48bb-95f0-c536555e93b2,Ambroxol| Ambroxol Hydrochloride,Suspended,,,"Agyany Pharma Ltd| Belrose Pharma Inc| ExSAR Corp| Florey Institute of Neuroscience and Mental Health, Parkville| Zywie Inc",Microparticle formulation| Oral formulation| Oral suspension formulation| Small molecule| Synthetic small molecule,Phase 2 Clinical| Phase 3 Clinical| Suspended,Amyotrophic lateral sclerosis| Gaucher disease| Lewy body dementia| Parkinson's disease,Alimentary/Metabolic| Endocrine/Metabolic| Neurology/Psychiatric| Rare Diseases| Unknown,Cystine/glutamate transporter activator| Glucocerebrosidase (GCase) regulator| Glucocerebrosidase (GCase) stimulant| Glucosylceramidase modulator| Glutathione synthetase stimulant| Mucolytic agent,Glucosylceramidase,Australia| Israel| US,EVALUATE| CORTELLIS| PHARMAPROJECTS,2026-05-08T16:03:08.258Z,2026-05-08T16:03:08.258Z
8f4de610-fa68-4881-8dba-88597eb01faf,ONC-841,a27d32cf-7c91-4df2-8235-7c7103bfd958,,Phase 2 Clinical,,,OncoC4| OncoImmune Inc,"Biological| Humanized monoclonal antibody| Immuno-oncology| Immunoglobulin G isotype antibody| Infusion| Intravenous formulation| Monoclonal antibody| Monoclonal antibody, other| Once monthly formulation| Small molecule",Phase 2 Clinical,"Advanced solid tumor| Alzheimers disease| Cancer, solid, unspecified| General cancer indications| Neurodegenerative disease| Non-small-cell lung cancer| Solid tumour indications",Cancer| Neurology/Psychiatric,Immune checkpoint agonist| Immuno-oncology therapy| SIGLEC-10 regulator| Sialic acid-binding Ig-like lectin 10 inhibitor| Signal transducer CD24 modulator,Sialic acid-binding Ig-like lectin 10| Signal transducer CD24,US,EVALUATE| CORTELLIS| PHARMAPROJECTS,2026-05-08T16:03:09.756Z,2026-05-08T16:03:09.756Z
b1fd0382-41f1-4801-ba39-ab089a7b2f9c,PB-151,ae6c2031-dd0e-4e28-875b-81f121a51d05,,Preclinical,,,Harvard Group,Oral formulation| Small molecule,Preclinical,Alzheimers disease,Neurology/Psychiatric,Histone deacetylase-11 inhibitor,Histone deacetylase-11,US,CORTELLIS,2026-05-08T16:03:11.896Z,2026-05-08T16:03:11.896Z
e42e429b-f0d8-47ec-b075-fc8b6bd0b199,"Multiple sclerosis therapeutics, Topas",7a63e2a0-b1fb-4cc8-bf2b-940cac767115,"multiple sclerosis therapeutics, Topas",Preclinical,,,Topas Therapeutics GmbH,Peptide| Small molecule| Synthetic small molecule,Preclinical,Multiple sclerosis| Multiple sclerosis (MS) unspecified,Neurology/Psychiatric,Unidentified pharmacological activity| Unknown,,Germany,EVALUATE| PHARMAPROJECTS,2026-05-08T16:03:08.935Z,2026-05-08T16:03:08.935Z
e009a6bc-221e-43cc-93f1-7caf1a751611,HY-209,2bfacabc-ee0d-4152-a21b-f3366e95e2d4,BBT-209| NuCerin,Suspended,,,Bridge Biotherapeutics| Kukjeon Pharmaceutical Co Ltd| Shaperon Inc,Infusion| Intravenous formulation| Oral formulation| Small molecule| Steroid| Transdermal formulation| Transdermal gel formulation,Phase 1 Clinical| Phase 2 Clinical| Phase 3 Clinical| Preclinical| Suspended,"Acne| Alzheimers disease| Atopic dermatitis| COVID-19 complications| COVID-19 treatment| Coronavirus disease 19 infection| Dementia| Eczema/Dermatitis| Idiopathic pulmonary fibrosis| Influenza virus infection| Non-alcoholic steatohepatitis| Pneumonia, community-acquired (CAP)| Senile dementia| Sepsis| Ulcerative colitis| Viral pneumonia",Alimentary/Metabolic| Dermatologic| Gastrointestinal| Hematologic| Infection| Inflammatory| Neurology/Psychiatric| Other/Miscellaneous| Rare Diseases| Respiratory,5-HT GPCR agonist| Beta amyloid modulator| G protein-coupled bile acid receptor 1 agonist| G protein-coupled receptor (GPCR) agonist| G-protein coupled bile acid receptor 1 agonist| Interleukin-1B (IL-1B) inhibitor| Interleukin-6 (IL-6) antibody| NACHT LRR PYD domain protein 3 inhibitor| NLR family pyrin domain containing 3 (NLRP3) inflammasome inhibitor| P2X7 purinoceptor antagonist| P2X7 purinoceptor modulator| Severe acute respiratory syndrome coronavirus-2 (SARS-CoV-2) inhibitor| Tau kinase inhibitor| Thymic stromal lymphopoietin (TSLP) antibody| Thymic stromal lymphopoietin ligand,5-HT GPCR| Beta amyloid| G-protein coupled bile acid receptor 1| NACHT LRR PYD domain protein 3| P2X7 purinoceptor| Tau protein,South Korea,EVALUATE| CORTELLIS| PHARMAPROJECTS,2026-05-08T16:03:09.217Z,2026-05-08T16:03:09.217Z
1697057c-2f93-4b03-a90e-36f04149b5a1,NRG-5051,7d8e7714-02e5-4289-a931-00e9d33c9de0,NRG5051,Phase 1 Clinical,,,NRG Oncology,Oral formulation| Small molecule| Synthetic small molecule,Phase 1 Clinical| Preclinical,Amyotrophic lateral sclerosis| Motor neurone disease| Parkinson's disease| Parkinsons disease,Neurology/Psychiatric| Rare Diseases,Mitochondrial permeability transition pore (MPTP) inhibitor| Unidentified pharmacological activity,,UK,EVALUATE| CORTELLIS| PHARMAPROJECTS,2026-05-08T16:03:09.474Z,2026-05-08T16:03:09.474Z
23225713-4d38-40f8-b76f-95b8146c4f6d,leucettinib-21,c2c268bb-a7d3-47b8-a3c2-74b209cea4de,,Phase 1 Clinical,,,Perha Pharmaceuticals| Université de Paris Cité,Animal| Oral formulation| Small molecule,Phase 1 Clinical,Alzheimers disease| Down syndrome| Glioblastoma,Cancer| Neurology/Psychiatric| Rare Diseases,DYRK-1 alpha protein kinase inhibitor| Dual specificity TP-regulated kinase 1 inhibitor| Dual-specificity tyrosine-phosphorylation regulated kinase 1A (DYRK1A) inhibitor| Tyrosine kinase inhibitor (TKI),DYRK-1 alpha protein kinase,France,EVALUATE| CORTELLIS| PHARMAPROJECTS,2026-05-08T16:03:09.596Z,2026-05-08T16:03:09.596Z
4a5f65a5-29c9-48c1-b034-1d136ebfc53e,"Multiple sclerosis, Panntherapi SAS",74ebcb2d-a390-48bf-ab6e-3cd2211c9866,,Preclinical,,,PannTheraPi SAS,Small molecule| Systemic formulation unspecified,Preclinical,Multiple sclerosis,Immune,,,France,CORTELLIS,2026-05-08T16:03:11.997Z,2026-05-08T16:03:11.997Z
f864814c-899e-4625-a8eb-04e5b7766974,Zoikos,e294d47a-5450-42d6-a798-71da619dcac7,,Preclinical,,,Bio Aurum Srl,Small molecule,Preclinical,Alzheimers disease| Parkinson's disease,Neurology/Psychiatric,Unclassified,,Italy,EVALUATE,2026-05-08T16:03:08.537Z,2026-05-08T16:03:08.537Z
1198bd5f-b3c5-4d80-8c70-aa741950c1a8,"CB-101, CANTABio",bccf544d-2bcc-455e-833f-e54a65c8bb5f,,Preclinical,,,CANTABio Pharmaceuticals Inc,Oral formulation| Small molecule,Preclinical,Parkinsons disease,Neurology/Psychiatric,Protein DJ1 modulator,Protein DJ1,US,CORTELLIS,2026-05-08T16:03:12.156Z,2026-05-08T16:03:12.156Z
d4e695ab-ef2c-449c-bd1f-bae7ae0b4e92,Alzheimer’s Disease Research Project,6e6613e7-1c11-4c92-ab22-48c78c0fc3e3,,Preclinical,,,Neurodon Corp,Small molecule,Preclinical,Alzheimers disease,Neurology/Psychiatric,Unclassified,,US,EVALUATE,2026-05-08T16:03:09.314Z,2026-05-08T16:03:09.314Z
5a4f4056-7e51-4444-906a-6b1e2f8ec242,PEUN3,5b0d9f4a-8f09-4cb4-8817-2622e4ac3a36,,Preclinical,,,Drexel University,Small molecule,Preclinical,Other neurological indications| Parkinson's disease,Neurology/Psychiatric,Dopamine D3 receptor agonist,,US,EVALUATE,2026-05-08T16:03:09.475Z,2026-05-08T16:03:09.475Z
ba245cb6-9d2d-4ab2-9e19-7e1e040ad55b,Kinase-inhibiting RNase attenuator Research Program,01f6dba8-4136-45e1-991e-7985f91821b6,,Preclinical,,,OptiKira,Small molecule,Preclinical,Amyotrophic lateral sclerosis| Idiopathic pulmonary fibrosis| Liver fibrosis| Non-insulin dependent diabetes| Retinitis pigmentosa,Sensory Organs,Inositol requiring enzyme 1 (IRE1) inhibitor,,US,EVALUATE,2026-05-08T16:03:09.476Z,2026-05-08T16:03:09.476Z
73aab8db-e83b-48fd-8fe4-f95ec0f8c18f,Venglustat,80bbb405-7e75-4dd2-98ea-5096d760b480,venglustat malate,Suspended,,,Sanofi KK,Small molecule| Synthetic small molecule,Phase 3 Clinical| Suspended,"Fabry disease| Gaucher disease| Hepatoma, liver cancer| Parkinson's disease| Polycystic kidney disease| Sandhoff disease| Tay Sachs disease| Tay-Sachs & Sandhoff's disease",Alimentary/Metabolic| Genitourinary/Sexual Function| Neurology/Psychiatric| Rare Diseases,Ceramide glycosyltransferase inhibitor| Glucosylceramide synthase (GCS) inhibitor,,France,EVALUATE| PHARMAPROJECTS,2026-05-08T16:03:08.376Z,2026-05-08T16:03:08.376Z
0cb4fac5-5449-44f4-a93e-e0006de668a0,LY-03020,b46f0d7c-0084-4314-908b-7e4bde937c07,LY03020,Phase 2 Clinical,,,Luye Medical,Oral sustained release formulation| Small molecule| Tablet formulation,Phase 1 Clinical| Phase 2 Clinical| Preclinical,"Alzheimers disease| Other psychoses| Psychosis, Alzheimer's disease| Psychotic disorder| Schizophrenia",Neurology/Psychiatric,5 Hydroxytryptamine 2C receptor agonist| 5-HT 2c receptor agonist| 5-HT2C (serotonin) receptor agonist| Trace amine associated receptor 1 agonist| Trace amine associated receptor agonist| Trace amine-associated receptor 1 (TAAR1) agonist,5-HT 2c receptor| Trace amine-associated receptor-1,China| Hong Kong,EVALUATE| CORTELLIS| PHARMAPROJECTS,2026-05-08T16:03:08.436Z,2026-05-08T16:03:08.436Z
09a92608-d005-4993-ad5a-859ef6fc1c0a,RT-1999,c9788622-7780-4e33-b09e-9eb3b7124edf,,Preclinical,,,Raya Therapeutic Inc,Small molecule,Preclinical,Amyotrophic lateral sclerosis,Neurology/Psychiatric,Unknown,,Canada,EVALUATE| PHARMAPROJECTS,2026-05-08T16:03:08.834Z,2026-05-08T16:03:08.834Z
f79aa022-52e3-49e0-968f-3ddb9a953f67,ASHA-624,73e5efc2-31c2-416d-9eb2-798b2f21bbdd,,Preclinical,,,Aspa Therapeutics Inc| Atom Inc| FirstAtom Therapeutics LLC,Molecular Glue| Small molecule| Synthetic small molecule| Systemic formulation unspecified,Preclinical,Amyotrophic lateral sclerosis| Autosomal dominant optical atrophy| Charcot Marie Tooth disease| Charcot–Marie–Tooth disease| General eye disorders| Glaucoma| Multiple sclerosis| Multiple sclerosis (MS) unspecified| Optic nerve disorder| Other neurological indications| Peripheral neuropathy| Radio/chemotherapy-induced peripheral neuropathy| Spinal cord injury| Spinal muscular atrophy| Traumatic brain injury,Immune| Neurology/Psychiatric| Ocular| Rare Diseases| Sensory Organs,Axon stimulant| Hydrolase modulator| Selective androgen receptor modulator| Selective androgen receptor modulator 1 (SARM1) inhibitor| Sterile alpha TIR motif protein 1 inhibitor| Sterile alpha and TIR motif containing protein 1 inhibitor,Sterile alpha TIR motif protein 1,US,EVALUATE| CORTELLIS| PHARMAPROJECTS,2026-05-08T16:03:08.835Z,2026-05-08T16:03:08.835Z
631df3dd-a980-45fb-a2e9-8a4411531672,Amyotrophic Lateral Sclerosis Research Project,8d207355-6a72-488e-b38c-e00567c95295,"amyotrophic lateral sclerosis therapy, Origami Therapeutics",Preclinical,,,Origami Software LLC,Synthetic small molecule,Preclinical,Amyotrophic lateral sclerosis,Neurology/Psychiatric| Rare Diseases,Microbiome modulator| Superoxide dismutase-1 inhibitor,,US,EVALUATE| PHARMAPROJECTS,2026-05-08T16:03:11.555Z,2026-05-08T16:03:11.555Z
1dc3786f-74e9-459a-ba8f-b05eb95eb0be,"Fbxo48 inhibitor (oral, diabetes mellitus), University of Pittsburgh/US Department of Veterans Affairs/The Ohio State University Wexner Medical Center",832e93d0-e265-473e-96c5-ee1089d63e21,,Preclinical,,,University of Pittsburgh,Oral formulation| Small molecule,Preclinical,Alzheimers disease| Diabetes mellitus,Endocrine/Metabolic| Neurology/Psychiatric,AMP activated protein kinase modulator| F box only protein 48 inhibitor,AMP activated protein kinase| F box only protein 48,US,CORTELLIS,2026-05-08T16:03:11.836Z,2026-05-08T16:03:11.836Z
b113a1d4-6aac-4c3c-9f24-9e18ef194338,PRX-201,0ab8c2fa-bebf-431a-9cb6-a86e62abad77,,Suspended,,,Prazer Therapeutics Inc,Small molecule| Synthetic small molecule,Discovery| Preclinical| Suspended,"Alzheimers disease| COVID-19 treatment| Coronavirus disease 19 infection| Infection, coronavirus, novel coronavirus| Undisclosed",Infection| Neurology/Psychiatric| Unknown,Mitogen-activated protein kinase (MAPK) P38 inhibitor| Mitogen-activated protein kinase (MAPK) inhibitor| Mitogen-activated protein kinase 14 inhibitor| p38 MAP kinase modulator| p38 mitogen-activated protein kinase inhibitor,p38 MAP kinase,South Korea,EVALUATE| CORTELLIS| PHARMAPROJECTS,2026-05-08T16:03:09.154Z,2026-05-08T16:03:09.154Z
81f90905-8377-4fdb-b22a-9dc197d7989b,"selenium-containing 5-HT6 receptor antagonist (Alzheimer’s disease), PharmBioTec/Jagiellonian University/Sapienza University",f83f35cc-b8e1-421e-8e82-c1a7a1f03954,,Preclinical,,,Jagiellonian University,Small molecule| Systemic formulation unspecified,Preclinical,Alzheimers disease,Neurology/Psychiatric,5-HT 6 receptor antagonist,5-HT 6 receptor,Poland,CORTELLIS,2026-05-08T16:03:11.996Z,2026-05-08T16:03:11.996Z
7ba73d69-fe16-4f0b-8ca9-d55769c0e33c,bezisterim,fc8bb2e4-0d79-469e-9b9f-db1b8bfcc33c,Bezisterim,Suspended,,,BioVie Inc| Harbor,CNS formulation| Capsule formulation| Immuno-oncology| Microparticle formulation| Natural product| Small molecule| Steroid| Tablet formulation,Phase 2 Clinical| Phase 3 Clinical| Preclinical| Suspended,"Alzheimers disease| Amyotrophic lateral sclerosis| COVID-19 treatment| Cancer, melanoma| Cystic fibrosis| Huntington's disease| Multiple myeloma| Neurological symptom| Non-insulin dependent diabetes| Obesity| Other neurological indications| Parkinson's disease| Parkinsons disease| Post COVID-19 condition| Post-COVID syndrome| Prostate cancer| Rheumatoid arthritis| Traumatic brain injury| Ulcerative colitis",Alimentary/Metabolic| Cancer| Endocrine/Metabolic| Gastrointestinal| Immune| Infection| Inflammatory| Musculoskeletal| Neurology/Psychiatric| Other/Miscellaneous| Rare Diseases| Respiratory,Extracellular signal related kinase-1 inhibitor| Extracellular signal related kinase-2 inhibitor| Extracellular signal-related kinase 2 (ERK2) inhibitor| Insulin sensitizer| Interleukin 23 ligand modulator| Interleukin-23 (IL-23) antibody| Interleukin-6 ligand| Mitogen-activated protein kinase 1 (MAPK1) inhibitor| Mitogen-activated protein kinase 1 inhibitor| Mitogen-activated protein kinase 3 (MAPK3) inhibitor| Mitogen-activated protein kinase 3 inhibitor| Nuclear factor kappa B modulator| Nuclear factor kappaB (NF-kB) inhibitor| Transcription factor NF-kappaB inhibitor,Extracellular signal related kinase-1| Extracellular signal related kinase-2| Insulin ligand| Interleukin 23 ligand| Interleukin-6 ligand| Nuclear factor kappa B,US,EVALUATE| CORTELLIS| PHARMAPROJECTS,2026-05-08T16:03:09.214Z,2026-05-08T16:03:09.214Z
0dc86344-5dd1-4926-9775-8bdd67e494d2,zervimesine,edb5c0c0-8bd3-4015-8680-cccaafdad492,Elayta,Suspended,,,Alpha Cognition Inc,Capsule formulation| Natural product| Once daily formulation| Small molecule| Synthetic small molecule,Phase 2 Clinical| Suspended,Alzheimers disease| Cognitive disorder| Dry age related macular degeneration| Dry age-related macular degeneration (AMD)| Geographic atrophy| Lewy body dementia| Parkinsons disease,Musculoskeletal| Neurology/Psychiatric| Ocular| Sensory Organs,Amyloid beta A4 binding protein inhibitor| Beta amyloid modulator| Nuclear receptor (NR) modulator| Progesterone receptor component 1 inhibitor| Progesterone receptor membrane component 1 antagonist| Sigma 2 receptor antagonist| Sigma-2 receptor agonist| Synuclein inhibitor| Transmembrane protein 97 inhibitor| Unidentified pharmacological activity,Beta amyloid| Progesterone receptor component 1| Synuclein| Transmembrane protein 97,US,EVALUATE| CORTELLIS| PHARMAPROJECTS,2026-05-08T16:03:09.313Z,2026-05-08T16:03:09.313Z
7d9a5bd7-19f1-404d-82c2-06615fe879ac,"trehalose (iv, OPMD/SCA3/Sanfilippo syndrome), Seelos Therapeutics",c1c17dd4-f7bc-46ee-9ea0-2c310af5baf6,,Suspended,,,BioBlast Pharma| Enlivex Ltd,CNS formulation| Infusion| Intravenous formulation| Small molecule,Phase 3 Clinical| Suspended,"Alzheimers disease| Amyotrophic lateral sclerosis| Dystrophy, oculopharyngeal muscular| Huntington's disease| Mucopolysaccharidosis IIIB| Sanfilippo syndrome| Spinal and bulbar muscular atrophy| Spinocerebellar ataxia",Alimentary/Metabolic| Endocrine/Metabolic| Musculoskeletal| Neurology/Psychiatric| Rare Diseases,Transcription factor EB inhibitor,Transcription factor EB,Israel,CORTELLIS| PHARMAPROJECTS,2026-05-08T16:03:12.155Z,2026-05-08T16:03:12.155Z
e0df53c3-2138-4247-8fd0-78435fded83d,KFRX-04,f24cc31d-ac28-4d74-9599-11c081a420b0,KFRX04,Suspended,,,Georgetown University| KeifeRx LLC,Small molecule| Synthetic small molecule,Preclinical| Suspended,Amyotrophic lateral sclerosis| Cognitive disorder| Mastocytosis| Urticaria,Dermatologic| Immune| Inflammatory| Musculoskeletal| Neurology/Psychiatric| Rare Diseases,C-kit inhibitor| FYVE finger phosphoinositide kinase inhibitor| Kinase inhibitor| Kit ligand| Proto-oncogene c-Kit (CD117) inhibitor| Tyrosine kinase (TYK) inhibitor| Tyrosine kinase inhibitor (TKI)| Tyrosine kinase receptor inhibitor,FYVE finger phosphoinositide kinase| Kit tyrosine kinase| Tyrosine kinase receptor,US,EVALUATE| CORTELLIS| PHARMAPROJECTS,2026-05-08T16:03:08.258Z,2026-05-08T16:03:08.258Z
a200700c-4031-4ca9-858e-33d179866075,mocravimod hydrochloride,dda6d1f0-014d-4278-8fba-102e928314d1,mocravimod,Suspended,,,Kyorin USA Inc| Priothera Ltd,Once daily formulation| Oral formulation| Prodrug| Small molecule| Synthetic small molecule,Phase 3 Clinical| Preclinical| Suspended,"Acute myelogenous leukemia| Bone marrow transplantation| Crohns disease| Cutaneous lupus erythematosus| Diffuse large B-cell lymphoma| Follicle center lymphoma| General blood malignancies| General inflammatory disorders| Graft versus host disease| Hematological neoplasm| Hematopoietic stem cell transplantation| Inflammatory bowel disease| Leukaemia, acute myeloid (AML)| Lymphoblastic leukemia| Multiple sclerosis| Myelodysplastic syndrome| Non-Hodgkin lymphoma| Organ rejection| Systemic lupus erythematosus| Transplant rejection| Ulcerative colitis",Alimentary/Metabolic| Cancer| Gastrointestinal| Immune| Neurology/Psychiatric| Rare Diseases,Sphingosine 1-phosphate (S1P) receptor agonist| Sphingosine 1-phosphate 1 receptor agonist| Sphingosine-1-phosphate receptor-1 agonist,Sphingosine-1-phosphate receptor-1,Ireland| Japan,EVALUATE| CORTELLIS| PHARMAPROJECTS,2026-05-08T16:03:09.594Z,2026-05-08T16:03:09.594Z
baeb0fc0-62b3-492d-bcb5-e4a15ebb9fbe,benzgalantamine,9b223aa9-0917-4df9-b9b0-7e08a7efc9e8,"galantamine prodrug, Neurodyn",Launched,,,Alpha Cognition Inc| Cms Spa| Galantos Genetics,>24hr release| Aerosol formulation inhalant systemic| Enteric coated tablet formulation| Formulation other| Inhalant formulation| Nasal formulation local| Nasal transmucosal| Prodrug| Small molecule| Sustained release formulation| Synthetic small molecule,Launched| Phase 1 Clinical| Preclinical,Alzheimers disease| Dementia| Dysphagia| Traumatic brain injury| Undisclosed,Alimentary/Metabolic| Neurology/Psychiatric,Acetylcholinesterase (AChE) stimulant| Acetylcholinesterase inhibitor| Alpha-4 nicotinic receptor agonist| Nicotinic acetylcholine receptor agonist,Acetylcholinesterase| Nicotinic acetylcholine receptor,Canada| China| Germany,EVALUATE| CORTELLIS| PHARMAPROJECTS,2026-05-08T16:03:11.773Z,2026-05-08T16:03:11.773Z
207c13f3-754f-44c8-9745-f2a7b86b002f,CVXL-0069,f7f617b6-ec9d-449c-8a8b-e8418a3e5d24,,Suspended,,,CleveXel Pharma| Kainova Therapeutics Inc| Kaldi Pharma SAS,Oral formulation| Small molecule| Synthetic small molecule,Preclinical| Suspended,Alzheimers disease| Other neurological indications| Parkinson's disease,Neurology/Psychiatric,Adenosine A1 receptor agonist| Adenosine A2A1 receptor antagonist| Adenosine A2a receptor agonist| Immune checkpoint agonist,Adenosine A1 receptor| Adenosine A2a receptor,France,EVALUATE| CORTELLIS| PHARMAPROJECTS,2026-05-08T16:03:08.474Z,2026-05-08T16:03:08.474Z
9ac13bd9-94bd-4000-a99d-0130f06419b0,AGX-201,27ad68d4-c4a7-4ac5-acab-9c11a1869914,,Phase 2 Clinical,,,AgoneX Biopharmaceuticals Inc,Small molecule,Phase 2 Clinical,Alzheimers disease| Amyotrophic lateral sclerosis| Attention deficit disorder/hyperactivity (ADD/ADHD)| Autism spectrum disorders (ASD)| Epilepsy| Migraine| Multiple sclerosis (MS) unspecified| Other neurological indications| Parkinson's disease| Schizophrenia,Neurology/Psychiatric,Histamine receptor agonist,,US,EVALUATE,2026-05-08T16:03:09.374Z,2026-05-08T16:03:09.374Z
74bccc96-a4e3-41e8-aa00-8524548500e3,"TRPML1 Program (GBA-Parkinson’s disease), Caraway Therapeutics",1ca6a913-ae43-44dd-8b8d-5a9f5787bc8f,,Preclinical,,,Caraway Inc,Small molecule| Systemic formulation unspecified,Preclinical,Gaucher disease| Parkinsons disease,Endocrine/Metabolic| Neurology/Psychiatric,Calcineurin inhibitor| Mucolipin 1 stimulator| Synuclein inhibitor,Calcineurin| Mucolipin 1| Synuclein,US,CORTELLIS,2026-05-08T16:03:11.895Z,2026-05-08T16:03:11.895Z
548cf1eb-eb6f-49ed-8aa3-fa9db40d47da,MCP-311,7aa6dd38-eb0a-40f9-a7cc-6d5a9a458e77,,Suspended,,,Recipharm AB| Synthonics Inc,Small molecule| Sustained release formulation| Synthetic small molecule,Preclinical| Suspended,Parkinson's disease,Neurology/Psychiatric,Dopamine receptor agonist,,Sweden| US,EVALUATE| CORTELLIS| PHARMAPROJECTS,2026-05-08T16:03:08.933Z,2026-05-08T16:03:08.933Z
c2b30b3f-cdfb-4877-b3c2-b4a15aa8a4ec,irosustat,40a99cb3-3967-48c1-aab8-8677a215d109,ONESTX-1,Preclinical,,,Olavide Neuron STX SL (d/b/a ONESTX)| Sterix Ltd,Small molecule| Steroid| Synthetic small molecule| Tablet formulation,Preclinical,Alzheimers disease| Huntington's disease| Huntingtons chorea| Parkinson's disease| Parkinsons disease,Cancer| Neurology/Psychiatric| Rare Diseases,Arylsulfatase stimulator| Estrone sulfatase inhibitor| Steroid sulfatase inhibitor| Steroid sulphatase (STS) inhibitor,Arylsulfatase C| Estrone sulfatase| Steroid sulfatase,Spain| UK,EVALUATE| CORTELLIS| PHARMAPROJECTS,2026-05-08T16:03:09.095Z,2026-05-08T16:03:09.095Z
2cbc0d0c-ac58-499a-845a-fef90c5a13dc,"amyotrophic lateral sclerosis therapy-2, Bristol Myers Squibb",000f50c1-67e9-4683-94db-4a117dbadfc1,,Preclinical,,,Bristol-Myers Squibb AB,Small molecule,Preclinical,Amyotrophic lateral sclerosis,Neurology/Psychiatric| Rare Diseases,Unidentified pharmacological activity,,US,PHARMAPROJECTS,2026-05-08T16:03:11.494Z,2026-05-08T16:03:11.494Z
82c9ba77-b8a5-4066-9403-bec6413bc0b5,EYD-001,c58b4109-21f6-40e7-9fcc-1adb63d9d5d9,,Preclinical,,,Eydis Bio Inc,Once daily formulation| Oral formulation| Small molecule,Preclinical,Alzheimers disease| Coronavirus disease 19 infection| Peripheral neuropathy| Respiratory distress syndrome| Rheumatoid arthritis| Scleroderma| Systemic lupus erythematosus,Immune| Infection| Neurology/Psychiatric| Respiratory,TGF-beta activated kinase-1 inhibitor,TGF-beta activated kinase-1,US,CORTELLIS,2026-05-08T16:03:12.314Z,2026-05-08T16:03:12.314Z
1b1c9c4f-31d4-4537-b0d5-54a6f517c80f,Parkinson's Research Project (POPB),53e895dd-c030-4ec1-86df-f311fd5892a4,"Parkinson's therapy, POP Biotechnologies",Preclinical,,,Pop Life Global,Small molecule| Synthetic small molecule,Preclinical,Parkinson's disease,Neurology/Psychiatric,Unclassified| Unidentified pharmacological activity,,US,EVALUATE| PHARMAPROJECTS,2026-05-08T16:03:08.376Z,2026-05-08T16:03:08.376Z
0cf569c2-ea91-41a7-aad9-c4ec5dae9969,HL-400,4fe5b337-c04d-4711-906a-5102ab67bc2a,,Phase 1 Clinical,,,Highlightll Pharmaceutical (USA) LLC| TLL Pharmaceutical,Molecular Glue| Oral sustained release formulation| Small molecule| Synthetic small molecule,Discovery| Phase 1 Clinical,Parkinson's disease| Parkinsons disease| Undisclosed,Neurology/Psychiatric,NACHT LRR PYD domain protein 3 inhibitor| NLR family pyrin domain containing 3 (NLRP3) inflammasome inhibitor| NLR family pyrin domain containing 3 inhibitor,NACHT LRR PYD domain protein 3,China| US,EVALUATE| CORTELLIS| PHARMAPROJECTS,2026-05-08T16:03:08.656Z,2026-05-08T16:03:08.656Z
da7f4eb3-f813-487e-a984-d28df8e48d76,OLX-07010,86d7d259-8e71-4115-80d4-f24ef3481166,OLX07010,Phase 1 Clinical,,,Oligomerix Inc,Capsule formulation| Oral formulation| Small molecule| Synthetic small molecule,Phase 1 Clinical| Preclinical,Alzheimers disease| Neurodegenerative disease| Neurological disease| Other neurological indications,Neurology/Psychiatric,Tau aggregation inhibitor| Tau kinase inhibitor,Tau protein,US,EVALUATE| CORTELLIS| PHARMAPROJECTS,2026-05-08T16:03:09.316Z,2026-05-08T16:03:09.316Z
f4aa22d6-895c-4ef3-b958-08f8c9512de7,SBP-201,ed916702-f13e-4a10-a10c-49e61942b347,,Preclinical,,,Spark,Small molecule| Synthetic small molecule,Discovery| Preclinical,Alzheimers disease| Parkinson's disease,Neurology/Psychiatric,E3 ubiquitin ligase regulator| Nuclear factor erythroid 2-related factor (Nrf2) stimulant| Protein degrader| Transcription factor Nrf2 inhibitor,,South Korea,EVALUATE| PHARMAPROJECTS,2026-05-08T16:03:09.796Z,2026-05-08T16:03:09.796Z
646e92aa-5ad8-4252-aeb0-3295d088a81a,ARN-4026,f6cdb013-f31e-4869-97df-56b086631ddf,ARN-4079,Suspended,,,Arrien Pharmaceuticals LLC| Ornovi Inc,Oral formulation| Oral solution formulation| Small molecule| Synthetic small molecule,Phase 1 Clinical| Preclinical| Suspended,"Alopecia areata| Alopecia/Male pattern baldness| Alzheimers disease| Amyloidosis| Amyloidosis, AA| Psoriasis| Rheumatoid arthritis| Vitiligo",Dermatologic| Immune| Inflammatory| Musculoskeletal| Neurology/Psychiatric| Rare Diseases| Respiratory,IL2-inducible T-cell kinase inhibitor| Interleukin-2-inducible T-cell kinase (ITK) inhibitor| Itk tyrosine kinase inhibitor| JAK3 gene inhibitor| Janus kinase 3 (JAK3) inhibitor| Janus kinase 3 inhibitor| Tec tyrosine kinase modulator,Itk tyrosine kinase| Jak3 tyrosine kinase| Tec tyrosine kinase,US,EVALUATE| CORTELLIS| PHARMAPROJECTS,2026-05-08T16:03:08.536Z,2026-05-08T16:03:08.536Z
18b96b71-c00e-40e8-b77c-7c55215b30a5,SIR1-365,69cd3433-6648-4ebf-b59f-553a60b3f6ff,,Phase 1 Clinical,,,SIRONAX,Synthetic small molecule,Phase 1 Clinical,"Alzheimers disease| Infection, coronavirus, novel coronavirus| Inflammation, prostate| Multiple sclerosis| Parkinson's disease",Genitourinary/Sexual Function| Infection| Neurology/Psychiatric,PIM-1 protein kinase inhibitor| Receptor-interacting serine/threonine kinase 1 inhibitor,,US,PHARMAPROJECTS,2026-05-08T16:03:09.596Z,2026-05-08T16:03:09.596Z
b96c0921-3090-437c-a5c1-b23dc97a2986,NWL-149,bf211091-83ce-43e0-9955-59df2bc74111,,Preclinical,,,New World Laboratories Inc,Peptidomimetic| Small molecule,Preclinical,Alzheimers disease| Autoimmune disease| Heart disease| Inflammatory disease| Multiple sclerosis,Cardiovascular| Immune| Inflammatory| Neurology/Psychiatric,Caspase-4 modulator| ICE modulator,Caspase-4| ICE,Canada,CORTELLIS,2026-05-08T16:03:12.373Z,2026-05-08T16:03:12.373Z
458f7870-ecb9-442f-b8a8-61e2bfe07501,iloperidone,086e9dc3-447c-4ec4-b562-00c199243616,,Suspended,,,Hoechst Marion Roussel Inc| Novartis AG| Sanofi KK| Vanda Pharmaceuticals Inc,Crystalline form| Injectable controlled release formulation| Modified-release| Small molecule| Sustained release formulation| Synthetic small molecule| Tablet formulation,Launched| Phase 2 Clinical| Phase 3 Clinical| Suspended,"Bipolar I disorder| Bipolar disorder| Depression, major depressive disorder| Hypertension| Post traumatic stress disorder| Psychosis, Parkinson's disease| Psychotic disorder| Schizophrenia",Cardiovascular| Neurology/Psychiatric,5 Hydroxytryptamine 2A receptor antagonist| 5-HT 2a receptor antagonist| Dopamine receptor agonist,5-HT 2a receptor| Dopamine D2 receptor,France| US,EVALUATE| CORTELLIS| PHARMAPROJECTS,2026-05-08T16:03:11.714Z,2026-05-08T16:03:11.714Z
cfc99273-aa74-4659-9056-093405a55045,NA-200,122b7480-d357-41bb-bf65-13136e4d37cf,,Preclinical,,,Neuralina Therapeutics,Small molecule,Preclinical,Parkinson's disease| Tardive dyskinesia,Neurology/Psychiatric,Unclassified,,US,EVALUATE,2026-05-08T16:03:09.096Z,2026-05-08T16:03:09.096Z
4437599b-3067-4168-970f-b636eca422f1,Gutwin,c0ad0457-6c4e-47b6-b333-0068244cf711,Rifaximin,Phase 2 Clinical,,,Gateway Inc,Small molecule,Phase 2 Clinical,Parkinson's disease,Neurology/Psychiatric,Unclassified,,US,EVALUATE,2026-05-08T16:03:09.534Z,2026-05-08T16:03:09.534Z
43fe6329-80bd-46fc-a2ba-026934a9fd9d,KP-2021,bfe3cf9e-d10b-43f6-bb04-646bd014f309,,Preclinical,,,K Pharma Inc,Small molecule| Systemic formulation unspecified,Preclinical,Frontotemporal dementia,Neurology/Psychiatric,,,Japan,CORTELLIS,2026-05-08T16:03:12.097Z,2026-05-08T16:03:12.097Z
d13e1a59-75b0-47a6-8874-8da3227546d5,Alzheimer's Disease Research Project (BIOMEDDEV),766cc81c-6cce-4a1e-b8a3-0e6d2270b986,,Phase 1 Clinical,,,Biomedical Development,Small molecule,Phase 1 Clinical,Alzheimers disease,Neurology/Psychiatric,Unclassified,,US,EVALUATE,2026-05-08T16:03:08.259Z,2026-05-08T16:03:08.259Z
10bd0646-87ab-401c-be72-410b6e20ce0b,Lucid-MS,7d16509a-8c37-4b38-b15b-fb7a3e1b7d91,,Phase 1 Clinical,,,Lucid Psycheceuticals Inc| Quantum BioPharma| The University Health Network,Oral formulation| Small molecule| Synthetic small molecule,Phase 1 Clinical,Multiple sclerosis| Multiple sclerosis (MS) unspecified| Neurodegenerative disease,Immune| Neurology/Psychiatric,Unclassified| Unidentified pharmacological activity,,Canada,EVALUATE| CORTELLIS| PHARMAPROJECTS,2026-05-08T16:03:08.554Z,2026-05-08T16:03:08.554Z
62c7ed0f-82aa-4d76-94a9-8938748979f3,OT-003,8ae50a1a-d568-4ac2-a06d-1907ff485843,,Preclinical,,,Pangea Biomed| Pangea Botanica Ltd (d/b/a Pangea Bio),Oral formulation| Small molecule| Synthetic small molecule,Preclinical,Central nervous system development disorder| Neurological disease| Parkinson's disease| Parkinsons disease| Schizophrenia,Neurology/Psychiatric,TrkB receptor agonist| Tropomyosin receptor kinase (Trk) stimulator,TrkB receptor,UK,EVALUATE| CORTELLIS| PHARMAPROJECTS,2026-05-08T16:03:09.097Z,2026-05-08T16:03:09.097Z
883a5b21-1a69-4ccf-ac71-f70f677ea7c5,AL-01811,71957ed1-4d34-45b0-8b0c-5a8abe82859a,AL01811,Preclinical,,,Alectos Therapeutics Inc| Biogen NV,Oral formulation| Small molecule,Preclinical,Niemann Pick disease| Parkinson's disease| Parkinsons disease,Neurology/Psychiatric,Glucocerebrosidase (GCase) regulator| Glucocerebrosidase (GCase) stimulant| Glucosylceramidase beta (GBA) stimulant| Lysosome regulator| Non lysosomal glucosylceramidase inhibitor,Non lysosomal glucosylceramidase,Canada| US,EVALUATE| CORTELLIS,2026-05-08T16:03:09.154Z,2026-05-08T16:03:09.154Z
dc2afc71-665d-4e4d-8060-5c5f77859dca,HB PK002,e60067f8-61a5-4d10-b050-f7cd2d679398,HBPK-002,Preclinical,,,Hummsa,Small molecule| Synthetic small molecule,Preclinical,Alzheimers disease| Insulin dependent diabetes| Non-alcoholic steatohepatitis| Non-insulin dependent diabetes| Obesity| Osteoporosis,Alimentary/Metabolic| Endocrine/Metabolic| Musculoskeletal| Neurology/Psychiatric,Glucagon-like peptide receptor agonist| Unknown,,India,EVALUATE| PHARMAPROJECTS,2026-05-08T16:03:09.755Z,2026-05-08T16:03:09.755Z
79e3d720-c702-452b-85c1-c6e6e926104b,ND-108-E,838752da-4a13-4228-8773-f3a033d2aef6,ND-108E| ND108E,Preclinical,,,Holy Stone Biotech Co Ltd,Small molecule| Synthetic small molecule| Systemic formulation unspecified,Preclinical,Alzheimers disease,Neurology/Psychiatric,Beta amyloid modulator| Tau aggregation inhibitor| Tau kinase inhibitor,Beta amyloid| Tau protein,Taiwan,EVALUATE| CORTELLIS| PHARMAPROJECTS,2026-05-08T16:03:08.775Z,2026-05-08T16:03:08.775Z
19ab068b-c98c-495d-89ac-b4c5d2180c34,LY-3873862,9f1f9c7b-af43-48b6-a503-e171462c68e9,,Suspended,,,Disarm Therapeutics Inc| Eli Lilly SA,Oral formulation| Small molecule| Synthetic small molecule,Phase 1 Clinical| Suspended,"Amyotrophic lateral sclerosis| Glaucoma| Multiple sclerosis| Neurological disease| Other neurological indications| Pain, nociceptive, general| Radio/chemotherapy-induced peripheral neuropathy",Neurology/Psychiatric| Rare Diseases| Sensory Organs| Unknown,Hydrolase modulator| Selective androgen receptor modulator| Selective androgen receptor modulator 1 (SARM1) inhibitor| Sterile alpha TIR motif protein 1 inhibitor| Sterile alpha and TIR motif containing protein 1 inhibitor,Sterile alpha TIR motif protein 1,US,EVALUATE| CORTELLIS| PHARMAPROJECTS,2026-05-08T16:03:09.794Z,2026-05-08T16:03:09.794Z
b5fac775-230a-4108-83de-489e8e4e8c6f,IL-2114,0778e820-4e56-49e8-8040-8ac635ed86df,,Preclinical,,,iLeadBMS Co Ltd,Small molecule| Systemic formulation unspecified,Discovery| Preclinical,Amyotrophic lateral sclerosis| Parkinson's disease| Parkinsons disease,Neurology/Psychiatric| Rare Diseases,ABL gene inhibitor| Tyrosine kinase (TYK) inhibitor| Tyrosine protein kinase ABL1 inhibitor,Tyrosine protein kinase ABL1,South Korea,EVALUATE| CORTELLIS| PHARMAPROJECTS,2026-05-08T16:03:11.494Z,2026-05-08T16:03:11.494Z
627ae0fe-dadb-4968-aa9e-2534e50abff5,XC-130,7d98212f-f3d3-46a3-af00-9d055d084c3b,XC130,Suspended,,,Xoc Pharmaceuticals Inc,Capsule formulation| Oral formulation| Small molecule| Synthetic small molecule,Phase 1 Clinical| Suspended,Parkinson's disease| Parkinsons disease,Neurology/Psychiatric,5-HT 1b receptor antagonist| 5-HT 2a receptor antagonist| 5-HT 2b receptor antagonist| Adenosine A1 receptor agonist| Dopamine D2 receptor partial agonist| Dopamine D3 receptor agonist| Dopamine receptor agonist,5-HT 1b receptor| 5-HT 2a receptor| 5-HT 2b receptor| Adenosine A1 receptor| Dopamine D2 receptor| Dopamine D3 receptor,US,EVALUATE| CORTELLIS| PHARMAPROJECTS,2026-05-08T16:03:09.414Z,2026-05-08T16:03:09.414Z
d6063363-0029-415d-b3f7-a429dd355649,piromelatine,2c20b8d1-0c8a-4c4b-a1a9-aa9c12e3d747,,Suspended,,,Neurim Pharmaceuticals,Oral formulation| Small molecule| Synthetic small molecule| Tablet formulation,Phase 3 Clinical| Suspended,"Alzheimers disease| Anxiety, unspecified| COVID-19 treatment| Fibromyalgia| Glaucoma| Insomnia| Irritable bowel syndrome| Non-insulin dependent diabetes| Pain| Sleep disorder",Alimentary/Metabolic| Endocrine/Metabolic| Musculoskeletal| Neurology/Psychiatric| Ocular| Sensory Organs,5 Hydroxytryptamine 1A receptor agonist| 5 Hydroxytryptamine 1D receptor agonist| 5 Hydroxytryptamine 2B receptor antagonist| 5-HT 1a receptor agonist| 5-HT 1b receptor agonist| 5-HT 1d receptor agonist| 5-HT 2b receptor antagonist| 5-HT1A (serotonin) receptor agonist| 5-HT1D (serotonin) receptor agonist| 5-HT2B (serotonin) receptor antagonist| Melatonin (MT) agonist| Melatonin 1 receptor agonist| Melatonin 2 receptor agonist| Melatonin MT1 receptor agonist| Melatonin MT2 receptor agonist| Melatonin MT3 receptor agonist| Melatonin receptor agonist| P2X3 purinoceptor antagonist| SCN9A sodium channel subunit inhibitor| TRP cation channel V1 antagonist,5-HT 1a receptor| 5-HT 1b receptor| 5-HT 1d receptor| 5-HT 2b receptor| Melatonin MT1 receptor| Melatonin MT2 receptor| Melatonin MT3 receptor| P2X3 purinoceptor| SCN9A sodium channel subunit| Vanilloid VR1 receptor,Israel,EVALUATE| CORTELLIS| PHARMAPROJECTS,2026-05-08T16:03:11.496Z,2026-05-08T16:03:11.496Z
06dfe960-60d7-4c37-9d67-0aa6c2572c2f,ATB-2005A,4a872f53-0e21-4319-8e39-5ca09f1a55a3,,Suspended,,,AUTOTAC Bio Inc| Seoul Chemicals,Autophagy targeting chimera agent| Oral formulation| Protein & peptide therapeutics| Small molecule| Synthetic small molecule,Phase 1 Clinical| Preclinical| Suspended,Alzheimers disease| Neurodegenerative disease| Neurological disease| Other neurological indications,Neurology/Psychiatric,Autophagy protein modulator| Protein degrader| Sequestosome 1 modulator| Tau aggregation inhibitor| Tau kinase inhibitor| Tau protein degrader,Autophagy protein| Sequestosome 1| Tau protein,South Korea,EVALUATE| CORTELLIS| PHARMAPROJECTS,2026-05-08T16:03:11.836Z,2026-05-08T16:03:11.836Z
4862bdad-f09c-432c-830a-e403fcbb787a,"ALS therapeutic, Vesalic",4eae11f0-532a-4eb7-9546-657a6ec5d1d7,,Preclinical,,,Vesalic Ltd,Synthetic small molecule,Preclinical,Amyotrophic lateral sclerosis,Neurology/Psychiatric| Rare Diseases,Unidentified pharmacological activity,,UK,PHARMAPROJECTS,2026-05-08T16:03:09.794Z,2026-05-08T16:03:09.794Z
362d6b0e-158d-4ed0-b96e-3414be0a2b7f,Parkinson’s Disease Research Program,6c10e402-d055-4b8b-8a54-8fca7046a95c,"Parkinson’s disease therapy, Dr. Noah Biotech",Preclinical,,,Noah Labs GmbH,Synthetic small molecule,Preclinical,Parkinson's disease,Neurology/Psychiatric,Unidentified pharmacological activity,,South Korea,EVALUATE| PHARMAPROJECTS,2026-05-08T16:03:11.481Z,2026-05-08T16:03:11.481Z
96f4f9e0-3d76-4ed0-a8fb-3f4490be9e08,amifampridine phosphate,a0c1685d-7df8-4727-a2a9-7a96fa98282d,,Suspended,,,Assistance Publique-Hôpitaux de Paris| Biomarin Technologies BV| Catalyst LLC| DyDo Pharma Inc| JAZZ Venture Partners| Jacobus Pharmaceutical Co Inc| Kye Systems Corp| Medison Group,Oral formulation| Small molecule| Sustained release formulation| Synthetic small molecule| Tablet formulation,Launched| Phase 3 Clinical| Suspended,Congenital myasthenic syndrome| General eye disorders| Lambert-Eaton syndrome| Multiple sclerosis| Multiple sclerosis (MS) unspecified| Muscle weakness| Myasthenia gravis| Neuropathy| Nystagmus| Spinal and bulbar muscular atrophy| Spinal muscular atrophy,Cardiovascular| Immune| Musculoskeletal| Neurology/Psychiatric| Ocular| Rare Diseases| Sensory Organs,Potassium channel antagonist| Potassium channel blocker| Potassium channel inhibitor| Unspecified potassium channel inhibitor,Potassium channel| Unspecified potassium channel,Canada| Ireland| Israel| Japan| US,EVALUATE| CORTELLIS| PHARMAPROJECTS,2026-05-08T16:03:11.715Z,2026-05-08T16:03:11.715Z
21cbcf43-ed51-40df-8e9f-d6818646af6b,"18F-AI-187 (PET tracer, Alzheimers disease), University of Washington",906d9528-1608-40db-8388-f02dd5ca97ed,,Preclinical,,,University of Washington,Radiolabeling| Small molecule,Preclinical,Alzheimers disease,Neurology/Psychiatric,,,US,CORTELLIS,2026-05-08T16:03:12.154Z,2026-05-08T16:03:12.154Z
83807fed-c5b6-4fb7-9f35-05072ce52945,RN-276,9e4b2b0f-9420-4e2a-9688-d7a4eb5d1daa,,Preclinical,,,Rona Therapeutics Ltd,Intrathecal formulation| RNA antisense| Small molecule| small interfering RNA (siRNA),Preclinical,Alzheimers disease| Neurodegenerative disease,Neurology/Psychiatric,Tau kinase inhibitor| Unspecified gene modulator,Gene target| Tau protein,China,CORTELLIS,2026-05-08T16:03:11.996Z,2026-05-08T16:03:11.996Z
67396eac-8e3f-4993-93ab-709051a65de6,QRL-204,27d362cd-b8d4-4af2-977c-8be743be9c34,LY-4256984,Phase 1 Clinical,,,Eli Lilly SA| QurAlis Corp,"Antisense therapy| DNA & RNA therapeutics| Infusion| Intrathecal formulation| Miscellaneous| Nucleic acid, vector type| Oligonucleotide antisense| Small molecule| Unidentified",Phase 1 Clinical| Preclinical,Amyotrophic lateral sclerosis| Frontotemporal dementia,Neurology/Psychiatric| Rare Diseases,Protein modulator| UNC13A gene inhibitor| Unc-13 homolog A agonist| Unidentified pharmacological activity| Unknown,UNC13A gene,US,EVALUATE| CORTELLIS| PHARMAPROJECTS,2026-05-08T16:03:12.214Z,2026-05-08T16:03:12.214Z
9d0fd3c1-6361-49a0-b45d-bc6a5b44553b,VQ-201,e9c20d9d-c3e3-47a9-b777-3572c8b6074e,,Preclinical,,,Biogen NV| Vanqua Bio Inc,Small molecule,Preclinical,Alzheimers disease| General inflammatory disorders| Inflammatory disease| Multiple sclerosis| Multiple sclerosis (MS) unspecified,Immune| Inflammatory| Musculoskeletal| Neurology/Psychiatric,Complement C5 factor inhibitor| Complement C5a factor inhibitor,Complement C5a factor,US,EVALUATE| CORTELLIS| PHARMAPROJECTS,2026-05-08T16:03:09.535Z,2026-05-08T16:03:09.535Z
84189994-6516-43a4-bfe0-4c48c0d9e611,GD-20,bbf3cd9c-8659-493f-bc68-2f31ccfc4398,,Phase 1 Clinical,,,GuDui BioPharma Technology Inc,Small molecule| Tablet formulation,Phase 1 Clinical,Multiple sclerosis| Multiple sclerosis (MS) unspecified| Neuromyelitis optica,Immune| Neurology/Psychiatric| Rare Diseases| Sensory Organs,Unidentified pharmacological activity| Unknown,,China,EVALUATE| CORTELLIS| PHARMAPROJECTS,2026-05-08T16:03:09.594Z,2026-05-08T16:03:09.594Z
0d4a4412-d963-4d7c-92e3-1b35cf1f8b09,18F-XTRA,71cb7a45-c2bc-429e-be3a-b341de9b3b33,,Phase 1 Clinical,,,Johns Hopkins Medical Institution,Radiolabeling| Small molecule| Systemic formulation unspecified,Phase 1 Clinical,Alzheimers disease| Cognitive disorder,Neurology/Psychiatric,Nicotinic acetylcholine receptor agonist,Nicotinic acetylcholine receptor,US,CORTELLIS,2026-05-08T16:03:12.154Z,2026-05-08T16:03:12.154Z
b3cb9487-3359-4144-b255-bcf679c45760,vafidemstat,97951fba-49ee-49b0-ae92-472828398ea7,ORY-2001,Suspended,,,Oryzon Genomics SA| Undisclosed Partner Sales,Capsule formulation| Oral formulation| Small molecule| Synthetic small molecule,Phase 1 Clinical| Phase 2 Clinical| Preclinical| Suspended,"Aggression| Agitation| Agitation, Alzheimer's disease| Agitation, mental disorder| Alzheimers disease| Attention deficit disorder/hyperactivity (ADD/ADHD)| Autism| Autism spectrum disorders (ASD)| Bipolar disorder| Borderline personaility disorder| Borderline personality disorder| COVID-19 complications| COVID-19 treatment| Coronavirus disease 19 infection| Fragile X syndrome| Huntington's disease| Impulse control disorder| Kabuki syndrome| Lewy body dementia| Multiple sclerosis| Multiple sclerosis, progressive, secondary| Multiple sclerosis, relapsing-remitting| Neurological disease| Other immune indications| Other psychoses| Parkinson's disease| Phelan McDermid syndrome| Relapsing-Remitting MS (RRMS)| Respiratory distress syndrome| Rett syndrome| Schizophrenia| Secondary-Progressive MS (SPMS)| Sex-chromosome abnormality, fragile X syndrome| Undisclosed",Immune| Infection| Musculoskeletal| Neurology/Psychiatric| Other/Miscellaneous| Rare Diseases| Respiratory,Lysine (K)-specific demethylase 1A inhibitor| Lysine specific histone demethylase 1 inhibitor| Lysine-specific demethylase 1 (LSD1) inhibitor| MAO B inhibitor| Monoamine oxidase B (MAOB) inhibitor| Monoamine oxidase B inhibitor,Lysine specific histone demethylase 1| MAO B,Spain| US,EVALUATE| CORTELLIS| PHARMAPROJECTS,2026-05-08T16:03:08.835Z,2026-05-08T16:03:08.835Z
2abb4a46-c2ef-4c0e-bfc8-25a6a287f87d,CX-717,121c4c68-c313-407d-bbb4-fd41ce8c32ae,CX-1739| CX-1942| CX717,Suspended,,,RespireRx Pharmaceuticals Inc| Samyang Corp| University of California,Intravenous formulation| Oral formulation| Prodrug| Small molecule| Synthetic small molecule,Phase 1 Clinical| Phase 2 Clinical| Preclinical| Suspended,"Addiction, methamfetamine| Alzheimers disease| Apnea| Attention deficit disorder/hyperactivity (ADD/ADHD)| Attention deficit hyperactivity disorder| Cocaine addiction| Cognitive disorder| Depression| Dyskinesia, unspecified| General respiratory disorders| Neurological disease| Obstructive sleep apnea| Opiate dependence| Pompes disease| Psychosis, unspecified| Respiratory failure| Sleep disorder| Spinal cord injury| Undisclosed",Alimentary/Metabolic| Endocrine/Metabolic| Genitourinary/Sexual Function| Neurology/Psychiatric| Rare Diseases| Respiratory| Unknown,AMPA receptor agonist| Alpha-amino-3-hydroxy-5-methyl-4-isoxazole-propionic acid (AMPA) receptor agonist| Alpha-amino-3-hydroxy-5-methyl-4-isoxazole-propionic acid (AMPA) receptor antagonist| N-methyl-D-aspartate (NMDA) receptor agonist,AMPA receptor,South Korea| US,EVALUATE| CORTELLIS| PHARMAPROJECTS,2026-05-08T16:03:09.474Z,2026-05-08T16:03:09.474Z
749a579d-b385-4122-a02c-c0ceb4aec655,cromoglicic acid + ibuprofen,8bf71c5c-9dbf-409e-9101-45c82f039185,,Suspended,,,AZTherapies Inc,Drug combination| Inhalant formulation systemic| Other reformulation| Patch formulation| Small molecule| Synthetic small molecule| Transdermal formulation,Phase 3 Clinical| Suspended,"Alzheimers disease| Amyotrophic lateral sclerosis| COVID-19 complications| Cognitive disorder| Cytokine release syndrome| Ischaemia, cerebral",Cardiovascular| Immune| Neurology/Psychiatric| Other/Miscellaneous| Rare Diseases,Amyloid protein deposition inhibitor| Cyclooxygenase inhibitor| Unidentified pharmacological activity,Beta amyloid,US,CORTELLIS| PHARMAPROJECTS,2026-05-08T16:03:12.316Z,2026-05-08T16:03:12.316Z
6b733888-513a-4d6f-bebe-e812a2a7a78f,HNC1215,667d6dac-7c69-4ffc-a872-86c012c324c2,,Suspended,,,Guangzhou Henovcom Bioscience Co Ltd,Other reformulation| Small molecule,Preclinical| Suspended,Parkinson's disease,Neurology/Psychiatric,Unidentified pharmacological activity| Unknown,,China,EVALUATE| PHARMAPROJECTS,2026-05-08T16:03:08.597Z,2026-05-08T16:03:08.597Z
d9dc4ad2-e97a-4a63-a17f-5b9ff1077d0f,IGS-03,1c536606-5d0d-4e33-af82-05b5054f7689,IGS03,Preclinical,,,Ignis Health,Small molecule| Systemic formulation unspecified,Preclinical,Parkinson's disease| Parkinsons disease,Neurology/Psychiatric,Unidentified pharmacological activity| Unknown,,China,EVALUATE| CORTELLIS| PHARMAPROJECTS,2026-05-08T16:03:08.775Z,2026-05-08T16:03:08.775Z
1dd0414f-990e-47f3-8c6a-f73eeae52d3a,18F-THK-5351,3e4f3618-3a46-4212-9aee-83cbdcef4986,,Phase 1 Clinical,,,Tohoku University,Intravenous formulation| Radiolabeling| Small molecule,Phase 1 Clinical,Alzheimers disease| Cognitive disorder| Neurodegenerative disease,Neurology/Psychiatric,Tau kinase inhibitor,Tau protein,Japan,CORTELLIS,2026-05-08T16:03:11.934Z,2026-05-08T16:03:11.934Z
b248d229-07a5-49e6-a17d-818bc22dc85c,UB-311,010c159e-3016-485d-8604-d08f78279a2e,,Phase 2 Clinical,,,United Biomedical| United Biomedical Inc| Vaxxinity Inc,Antigen presentation system| Intramuscular formulation| Peptide| Small molecule| Vaccine,Phase 2 Clinical,Alzheimers disease| Parkinson's disease,Neurology/Psychiatric,Beta amyloid modulator,Beta amyloid,US,EVALUATE| CORTELLIS| PHARMAPROJECTS,2026-05-08T16:03:12.054Z,2026-05-08T16:03:12.054Z
75c0e0d0-5d83-46e4-b87c-66c49e7179e8,"TMEM175 agonist (Parkinson’s disease), Lysoway Therapeutics",7b9a1d36-ee06-455f-ab92-76bc9dd92abc,,Preclinical,,,Lysoway Therapeutics Inc,Small molecule| Systemic formulation unspecified,Preclinical,Parkinsons disease,Neurology/Psychiatric,Transmembrane protein 175 modulator,Transmembrane protein 175,US,CORTELLIS,2026-05-08T16:03:12.217Z,2026-05-08T16:03:12.217Z
31112be0-ca2a-46c4-8633-0b1a209a0c9d,QTX-153,7d61a235-6bce-4a2b-b672-6dbf8b8ddeb4,QTX153,Suspended,,,Quimatryx,Small molecule| Synthetic small molecule,Preclinical| Suspended,Alzheimers disease| Multiple sclerosis| Multiple sclerosis (MS) unspecified,Neurology/Psychiatric,Histone deacetylase 6 (HDAC6) inhibitor| Histone deacetylase inhibitor| Histone deacetylase-6 inhibitor,Histone deacetylase-6,Spain,EVALUATE| CORTELLIS| PHARMAPROJECTS,2026-05-08T16:03:09.034Z,2026-05-08T16:03:09.034Z
de82fb89-f845-428e-823f-4f61176a2a41,TM-471-1,14498736-a4df-4eaa-a6f4-fe48330ee928,,Phase 2 Clinical,,,Zhiwei Robotics Corp,Capsule formulation| Once daily formulation| Small molecule| Synthetic small molecule,Phase 1 Clinical| Phase 2 Clinical| Preclinical,Autoimmune disease| B-cell lymphoma| Diffuse large B-cell lymphoma| Encephalitis| Follicle center lymphoma| Lymphoplasmacytic lymphoma| Mantle cell lymphoma| Marginal zone lymphoma| Multiple sclerosis| Multiple sclerosis (MS) unspecified| Non-Hodgkin lymphoma| Other neurological indications| Small lymphocytic lymphoma| Urticaria,Cancer| Dermatologic| Immune| Neurology/Psychiatric| Rare Diseases,BTK gene stimulator| Bruton tyrosine kinase inhibitor| Bruton’s tyrosine kinase (BTK) inhibitor,Btk tyrosine kinase,China,EVALUATE| CORTELLIS| PHARMAPROJECTS,2026-05-08T16:03:09.473Z,2026-05-08T16:03:09.473Z
3f16a047-268b-4e2e-9f3d-bcaf5efa161c,"RAR modulators, Nevrargenics",34f1f162-5ea0-4647-bd60-d57ba3f418b8,,Preclinical,,,Nevrargenics Limited,Synthetic small molecule,Preclinical,"Alcoholic steatohepatitis| Alzheimers disease| Amyotrophic lateral sclerosis| Frontotemporal dementia| Macular degeneration, age-related, unspecified| Multiple sclerosis| Non-alcoholic steatohepatitis| Parkinson's disease| Schizophrenia",Alimentary/Metabolic| Neurology/Psychiatric| Rare Diseases| Sensory Organs,Unidentified pharmacological activity,,UK,PHARMAPROJECTS,2026-05-08T16:03:09.635Z,2026-05-08T16:03:09.635Z
a025a402-1cd6-46da-8e0d-a74645ca864e,"monoamine oxidase B inhibitor (Alzheimers disease/Parkinsons disease), BioSolveIT/University of Bonn",f453ef38-75bb-4363-835a-36d93af88e7a,,Suspended,,,Ntz Lab Ltd| Universität Bonn,Small molecule| Synthetic small molecule,Discovery| Preclinical| Suspended,Alzheimers disease| Neurological disease| Other neurological indications| Parkinsons disease| Psychiatric disorder,Neurology/Psychiatric,MAO A inhibitor| MAO B inhibitor| Monoamine oxidase A (MAOA) inhibitor| Monoamine oxidase B (MAOB) inhibitor| Monoamine oxidase B inhibitor,MAO A| MAO B,Germany,EVALUATE| CORTELLIS| PHARMAPROJECTS,2026-05-08T16:03:12.056Z,2026-05-08T16:03:12.056Z
c567f159-9421-4697-aef6-cb2edd83c3ab,tamuzimod,b2db5d7d-f6ca-4ec9-ba4d-e82bda162ceb,,Phase 2 Clinical,,,Oppilan Pharma Ltd| Undisclosed Partner Sales,Film coating| Small molecule| Tablet formulation,Phase 2 Clinical,Amyotrophic lateral sclerosis| Crohns disease| Inflammatory bowel disease| Ulcerative colitis,Alimentary/Metabolic| Gastrointestinal| Immune| Neurology/Psychiatric,Sphingosine 1-phosphate (S1P) receptor 1 agonist| Sphingosine 1-phosphate (S1P) receptor 1 regulator| Sphingosine 1-phosphate 1 receptor agonist| Sphingosine-1-phosphate receptor-1 modulator| TAR DNA binding protein 43 modulator,Sphingosine-1-phosphate receptor-1| TAR DNA binding protein 43,UK| US,EVALUATE| CORTELLIS| PHARMAPROJECTS,2026-05-08T16:03:12.276Z,2026-05-08T16:03:12.276Z
fa9a0aec-74f9-4949-963e-2266adae0f93,NLY02,1eda3ab8-486d-3b38-8300-47c478621c78,,Preclinical,,,1st Holdings Inc| D&D Pharmatech,Small molecule,Preclinical,Alzheimers disease| Parkinson's disease,Neurology/Psychiatric,Glial cell therapy| Kinase inhibitor| Receptor interacting protein 2 (RIP2) kinase inhibitor,,South Korea,EVALUATE,2026-05-08T16:03:08.375Z,2026-05-08T16:03:08.375Z
ae238cad-1849-4927-a700-548c785c582b,NRX-02067,1a9e50f5-9a3d-4fcd-a61f-1b7715408333,NRX02067,Preclinical,,,Novorex Inc,Small molecule| Synthetic small molecule| Systemic formulation unspecified,Preclinical,Parkinson's disease| Parkinsons disease,Neurology/Psychiatric,Leucine rich serine threonine kinase 2 inhibitor| Leucine-rich repeat kinase 2 inhibitor| Leucine-rich repeat serine/threonine-protein kinase 2 inhibitor,Leucine rich serine threonine kinase 2,South Korea,EVALUATE| CORTELLIS| PHARMAPROJECTS,2026-05-08T16:03:09.216Z,2026-05-08T16:03:09.216Z
ed68397e-bd06-41d7-bd6d-7db469382778,R-835,6d7a8c7a-c564-43e7-924c-df273e8dd6c5,"R-835, Rigel",Suspended,,,Rigel SpA| Undisclosed Partner Sales,Capsule formulation| Oral solution formulation| Prodrug| Small molecule| Synthetic small molecule| Tablet formulation,Phase 1 Clinical| Phase 2 Clinical| Preclinical| Suspended,"Arthritis| Autoimmune disease| Cancer| Chronic myelomonocytic leukemia| General cancer indications| Hematological neoplasm| Hyperuricemia| Inflammatory disease| Lupus erythematosus, unspecified| Multiple sclerosis| Myelodysplastic syndrome| Other immune indications| Psoriasis| Psoriatic arthritis| Rheumatoid arthritis",Cancer| Dermatologic| Hematologic| Immune| Inflammatory| Musculoskeletal| Neurology/Psychiatric| Rare Diseases,IRAK-1 protein kinase inhibitor| IRAK-4 protein kinase inhibitor| Interleukin receptor-associated kinase (IRAK) inhibitor| Interleukin-1 receptor associated protein kinase 4 inhibitor| Interleukin-1 receptor-associated kinase 4 (IRAK4) inhibitor,IRAK-1 protein kinase| IRAK-4 protein kinase,US,EVALUATE| CORTELLIS| PHARMAPROJECTS,2026-05-08T16:03:09.794Z,2026-05-08T16:03:09.794Z
b19f7873-749c-4843-aef3-5cb9a8f607ea,"apomorphine (buccal, Zydis), Cardinal Health/Orion",1975ad7a-126c-4281-b629-57c73651d912,"Aporon| apomorphine (Parkinson's disease), Innotesto/Criceto",Suspended,,,Cardinal systems| Criceto| Innotesto BVBA| Orion srl,Buccal formulation systemic| Small molecule| Solution,Phase 3 Clinical| Preclinical| Suspended,Parkinson's disease| Parkinsons disease,Neurology/Psychiatric,Dopamine receptor agonist| Dopamine receptor potentiator,Dopamine D2 receptor,Belgium| Finland| Netherlands,EVALUATE| CORTELLIS,2026-05-08T16:03:08.994Z,2026-05-08T16:03:08.994Z
b3f88f21-1d55-44bf-b6d0-b1a391d82e50,"amyotrophic lateral sclerosis therapy-3, Bristol Myers Squibb",d55b41d9-de3c-48fc-8979-228d5b69a357,,Preclinical,,,Bristol-Myers Squibb AB,Small molecule,Preclinical,Amyotrophic lateral sclerosis,Neurology/Psychiatric| Rare Diseases,Unidentified pharmacological activity,,US,PHARMAPROJECTS,2026-05-08T16:03:09.636Z,2026-05-08T16:03:09.636Z
7c7482d8-0a26-475a-b7da-2d9311383376,AEX-1,43dc2f5b-48f2-48fa-980c-e12730ac5dbd,,Preclinical,,,Aexon Labs Inc,Small molecule| Systemic formulation unspecified,Discovery| Preclinical,Alzheimers disease| Narcolepsy| Nervous system inflammation,Neurology/Psychiatric,Cathepsin H inhibitor| Opioid receptor sigma agonist 1| Orexin 1 receptor agonist| Orexin 2 receptor agonist| Sigma receptor agonist,Cathepsin H| Opioid receptor sigma 1| Orexin 1 receptor,US,EVALUATE| CORTELLIS| PHARMAPROJECTS,2026-05-08T16:03:09.755Z,2026-05-08T16:03:09.755Z
26aab6cb-fd86-4abf-a8bb-f9ad09fd257c,"broad spectrum anti-TAR DNA-binding protein oligomer (amyotrophic lateral sclerosis), Treventis Corp",e27139b3-301f-43e2-8757-452c29098cf2,,Preclinical,,,Treventis Corp,Small molecule| Systemic formulation unspecified,Preclinical,Amyotrophic lateral sclerosis,Neurology/Psychiatric,TAR DNA binding protein 43 inhibitor,TAR DNA binding protein 43,Canada,CORTELLIS,2026-05-08T16:03:11.935Z,2026-05-08T16:03:11.935Z
594e5e2d-10d9-4bde-86f9-4113e8549a4e,AQV-8741,692b3e32-d013-4220-a9d4-8a80e66e02d8,,Phase 1 Clinical,,,Aquinnah Pharmaceuticals Inc,Once daily formulation| Small molecule| Tablet formulation,Phase 1 Clinical| Preclinical,Alzheimers disease| Amyotrophic lateral sclerosis| Frontotemporal dementia| Progressive supranuclear palsy,Neurology/Psychiatric,Tau aggregation inhibitor| Tau kinase inhibitor| Unidentified pharmacological activity,Tau protein,US,CORTELLIS| PHARMAPROJECTS,2026-05-08T16:03:09.637Z,2026-05-08T16:03:09.637Z
0d00ea4f-7927-47dd-a91d-4a619ef2caaf,ALS Research Program-2,fb2092ea-6e06-42b3-a5c8-251c51203a7f,"amyotrophic lateral sclerosis, Genetic Leap-2",Preclinical,,,Genetic Leap,Small molecule| Synthetic small molecule,Discovery| Preclinical,Alzheimers disease| Amyotrophic lateral sclerosis,Neurology/Psychiatric| Rare Diseases,RNA binder| Unclassified,,US,EVALUATE| PHARMAPROJECTS,2026-05-08T16:03:09.795Z,2026-05-08T16:03:09.795Z
a1d192a3-a6f5-4251-bac9-32888c901f30,"CaV2.3 calcium channel inhibitor (Parkinson's disease), Lario Therapeutics/Oxford Parkinson’s Disease Centre",02b52186-d543-4b9a-8999-7b14a6b1b07b,,Preclinical,,,Media Lario Srl,Small molecule| Systemic formulation unspecified,Preclinical,Neurodegenerative disease| Parkinsons disease,Neurology/Psychiatric,CACNA1E calcium channel subunit inhibitor,CACNA1E calcium channel subunit,UK,CORTELLIS,2026-05-08T16:03:12.315Z,2026-05-08T16:03:12.315Z
74e6b8ce-ed14-4e35-855f-9b04f2b18b85,GSM-779690,164b21b1-bb71-4458-b2d5-45e9769b02ad,,Preclinical,,,ACTA Srl,Capsule formulation| Oral formulation| Small molecule,Preclinical,Alzheimers disease,Neurology/Psychiatric,Beta amyloid modulator| Gamma-secretase inhibitor,Beta amyloid| Gamma-secretase,US,CORTELLIS,2026-05-08T16:03:11.894Z,2026-05-08T16:03:11.894Z
066c547b-99fb-49ae-8d13-9d772ced9e06,"rasagiline mesylate (sublingual membrane agent, undisclosed indication) Shanghai Zhongxi Pharmaceutical",bc95df82-247f-4fcb-80e3-48d7b560bea0,,Phase 1 Clinical,,,Shanghai Zhongxi Pharmaceutical Ltd,Buccal formulation systemic| Small molecule| Tablet formulation,Phase 1 Clinical,Parkinsons disease,Neurology/Psychiatric,,,China,CORTELLIS,2026-05-08T16:03:11.895Z,2026-05-08T16:03:11.895Z
8eac3513-50dc-40ba-8063-27ede8a15d07,NBI-569,d021b429-02d9-44f7-900d-adb761ef4db1,,Phase 1 Clinical,,,Neurocrine Biosciences Inc| Sosei Inc,Oral formulation| Small molecule| Synthetic small molecule,Phase 1 Clinical,"Alzheimers disease| Central nervous system disease| Neurological disease| Other neurological indications| Psychiatric disorder| Psychosis, Alzheimer's disease| Undisclosed",Neurology/Psychiatric,Muscarinic M1 receptor agonist| Muscarinic M4 receptor agonist| Muscarinic acetylcholine receptor (M1) agonist| Muscarinic acetylcholine receptor (M4) agonist,Muscarinic M1 receptor| Muscarinic M4 receptor,Japan| US,EVALUATE| CORTELLIS| PHARMAPROJECTS,2026-05-08T16:03:12.094Z,2026-05-08T16:03:12.094Z
617d1afe-c227-4fca-824f-a55a5a7bb161,ZCM-I-1,4cc1581f-a707-494f-89fa-10ff35df734e,,Preclinical,,,Virginia Commonwealth University,Small molecule,Preclinical,Alzheimers disease| Traumatic brain injury,Neurology/Psychiatric,Tau aggregation inhibitor,Tau protein,US,CORTELLIS,2026-05-08T16:03:12.094Z,2026-05-08T16:03:12.094Z
bb50ebec-aef8-4727-8259-3263d608d342,AST-004,960c7b11-89c7-43af-a6a3-6716d36c5d5e,,Phase 2 Clinical,,,Astrocyte Pharmaceuticals Inc| The University of Texas Health Science Center,Small molecule,Phase 1 Clinical| Phase 2 Clinical| Preclinical,Alzheimers disease| Stroke| Traumatic brain injury,Neurology/Psychiatric,Adenosine A1 receptor agonist| Adenosine A3 receptor agonist| PY2 purinoceptor 1 agonist,,US,EVALUATE,2026-05-08T16:03:08.775Z,2026-05-08T16:03:08.775Z
7883aec5-387e-4007-8e15-62647de5701c,RP-902,5477d3a5-c41f-43fd-bfae-198c0f271a4d,RP902,Phase 3 Clinical,,,Risen (Suzhou) Pharma Tech Co Ltd,Small molecule| Tablet formulation,Phase 1 Clinical| Phase 3 Clinical,Alzheimers disease| Cognitive disorder,Neurology/Psychiatric,Beta amyloid modulator| Gamma-aminobutyric acid (GABA) receptor agonist| Unidentified pharmacological activity,Beta amyloid,China,EVALUATE| CORTELLIS| PHARMAPROJECTS,2026-05-08T16:03:09.035Z,2026-05-08T16:03:09.035Z
3c06d3a2-42b6-4702-a3b0-b4edb9e672fc,EX042-004-09,c18a3fd0-b6be-49ef-815d-0ce42a96512a,,Preclinical,,,Excelsior Inc,Synthetic small molecule,Preclinical,Alzheimers disease,Neurology/Psychiatric,Unidentified pharmacological activity,,Taiwan,PHARMAPROJECTS,2026-05-08T16:03:11.556Z,2026-05-08T16:03:11.556Z
6763d1d2-c1c8-42e6-b849-bfc46929a1dd,"repurpose terazosin (oral/Parkinson’s disease), Capital Medical University/University of Iowa",1fa8488e-b036-4d10-980a-3d3034161325,,Phase 2 Clinical,,,Capital Medical University,Capsule formulation| Oral formulation| Small molecule,Phase 2 Clinical,Lewy body dementia| Parkinsons disease,Neurology/Psychiatric,Phosphoglycerate kinase 1 stimulator,Phosphoglycerate kinase 1,China,CORTELLIS,2026-05-08T16:03:11.834Z,2026-05-08T16:03:11.834Z
eb213b30-c9c7-44f9-b312-9585d438fca2,HS-10380,dd841ac1-0a23-48eb-9dcb-e8353142c2df,,Phase 2 Clinical,,,Hansoh Bio LLC,Once daily formulation| Oral formulation| Small molecule| Synthetic small molecule| Tablet formulation,Phase 2 Clinical| Preclinical,"Agitation, Alzheimer's disease| Alzheimers disease| Bipolar disorder| Schizophrenia",Neurology/Psychiatric,Unidentified pharmacological activity| Unknown,,China,EVALUATE| CORTELLIS| PHARMAPROJECTS,2026-05-08T16:03:08.257Z,2026-05-08T16:03:08.257Z
827c7a3c-a20c-4225-b948-76f74242c158,Metabolic Cofactor,a3f06928-1b61-47cb-8f0e-8723e84c1550,,Phase 2 Clinical,,,Scandibio Therapeutics AB,Small molecule,Phase 2 Clinical,Alcoholic fatty liver disease| Alzheimers disease| COVID-19 treatment| Parkinson's disease,Gastrointestinal,Unclassified,,Sweden,EVALUATE,2026-05-08T16:03:08.713Z,2026-05-08T16:03:08.713Z
8e63f98c-c39f-4ee4-9a56-490b8a50b387,SUL-138,537fd49a-fdc6-46ea-9092-f99c776a23cd,SUL-238,Suspended,,,Gen Ilaç| Rijksuniversiteit te Groningen| Sulfateq Bv,Film coating| Infusion| Intravenous formulation| Small molecule| Synthetic small molecule| Tablet formulation,Phase 1 Clinical| Phase 2 Clinical| Preclinical| Suspended,Acute kidney injury| Aging| Alzheimers disease| COAD/COPD| Cardiac failure| Cardiovascular disease| Chronic heart failure (CHF)| Chronic kidney disease| Chronic obstructive airway disease| End stage renal disease| Neurodegenerative disease| Neurological disease| Other neurological indications| Parkinson's disease| Parkinsons disease| Pulmonary artery hypertension| Pulmonary hypertension| Renal disease| Renal injury| Sepsis| Sepsis/Septic shock,Cardiovascular| Genitourinary/Sexual Function| Hematologic| Infection| Neurology/Psychiatric| Other/Miscellaneous| Respiratory,Cytochrome C inhibitor| Cytochrome C oxidase modulator| Unidentified pharmacological activity| Unknown,Cytochrome C| Cytochrome C oxidase,Netherlands| Turkey,EVALUATE| CORTELLIS| PHARMAPROJECTS,2026-05-08T16:03:09.215Z,2026-05-08T16:03:09.215Z
e4ebba57-83b9-4294-b3f7-bac42815058e,CU-00213,706465fa-dffa-470c-984c-636ceb8e712e,,Preclinical,,,Acurex Biosciences Corp,Small molecule| Synthetic small molecule| Systemic formulation unspecified,Discovery| Preclinical,Amyotrophic lateral sclerosis| Frontotemporal dementia| Pain| Parkinson's disease| Parkinsons disease,Neurology/Psychiatric,CACNA1H calcium channel subunit inhibitor| Calcium channel inhibitor T-type,CACNA1H calcium channel subunit| Calcium channel T-type,US,CORTELLIS| PHARMAPROJECTS,2026-05-08T16:03:09.634Z,2026-05-08T16:03:09.634Z
10b4de5a-9db0-4151-af69-2862a173dc58,TYK2/JAK1 inhibitors,22e5a0f3-3a9d-4fd2-846c-090f9cabe65b,"TYK2/JAK1 inhibitors, Sareum holdings",Preclinical,,,Receptor.AI Ltd| Sareum Holdings plc,Small molecule,Discovery| Preclinical,Multiple sclerosis| Multiple sclerosis (MS) unspecified| Parkinson's disease,Neurology/Psychiatric,Janus kinase 1 (JAK1) inhibitor| Janus kinase 1 inhibitor| Tyrosine kinase (TYK) 2 inhibitor| Tyrosine kinase 2 inhibitor,,UK,EVALUATE| PHARMAPROJECTS,2026-05-08T16:03:09.635Z,2026-05-08T16:03:09.635Z
cd8c78f5-6393-44b0-ba3d-4bad0d15bfe2,"alpha synuclein degrader, Arvinas",035d7a7a-8f14-4679-b1eb-26c52b3bb32a,,Preclinical,,,Arvinas Inc,Small molecule| Synthetic small molecule,Preclinical,Lewy body dementia| Multiple system atrophy| Parkinson's disease,Neurology/Psychiatric| Rare Diseases,E3 ubiquitin ligase regulator| Protein degrader| Synuclein inhibitor,,US,PHARMAPROJECTS,2026-05-08T16:03:11.497Z,2026-05-08T16:03:11.497Z
1a595d8a-77e5-4e43-8ed0-efa0bcf60ef1,CST-3056,d70c1f8e-d0d4-4c25-ad73-edae5971a21d,,Phase 2 Clinical,,,CuraSen Therapeutics Inc,Oral solution formulation| Small molecule| Tablet formulation,Phase 2 Clinical| Preclinical,Alzheimers disease| Hypotension| Neurodegenerative disease| Orthostatic hypotension,Cardiovascular| Neurology/Psychiatric,Alpha 1A adrenoceptor agonist| Alpha 2a adrenoreceptor agonist| Alpha-1A adrenoceptor agonist,Alpha 1A adrenoceptor,US,EVALUATE| CORTELLIS| PHARMAPROJECTS,2026-05-08T16:03:08.714Z,2026-05-08T16:03:08.714Z
b9440b86-a798-4f00-8423-e2ed2d318057,SMB-710,c0069be9-a0ea-4495-a14e-e0a941515822,,Suspended,,,Symbinas Pharmaceuticals,Fixed-dose combination| Oral formulation| Small molecule| Synthetic small molecule,Preclinical| Suspended,Alzheimers disease| Parkinson's disease| Traumatic brain injury,Neurology/Psychiatric,Stem cell inhibitor| Unidentified pharmacological activity,,US,EVALUATE| PHARMAPROJECTS,2026-05-08T16:03:08.774Z,2026-05-08T16:03:08.774Z
98c84009-b8af-4290-8526-e0fc1464342b,farudodstat,33305edc-fa78-4018-9955-693319e991d4,Farudodstat,Suspended,,,Almirall SA,Oral formulation| Small molecule| Synthetic small molecule| Tablet formulation,Phase 2 Clinical| Suspended,"Acute myelogenous leukemia| Alopecia areata| Alopecia/Male pattern baldness| Autoimmune disease| Cancer| Cancer, solid, unspecified| Inflammatory bowel disease| Leukaemia, acute myeloid (AML)| Multiple sclerosis| Multiple sclerosis (MS) unspecified| Rheumatoid arthritis| Solid tumour indications",Alimentary/Metabolic| Cancer| Dermatologic| Gastrointestinal| Immune| Infection| Neurology/Psychiatric| Rare Diseases,Dihydroorotate dehydrogenase (DHODH) inhibitor| Dihydroorotate dehydrogenase inhibitor| p53 tumor suppressor protein modulator,Dihydroorotate dehydrogenase| p53 tumor suppressor protein,Spain,EVALUATE| CORTELLIS| PHARMAPROJECTS,2026-05-08T16:03:09.094Z,2026-05-08T16:03:09.094Z
12b55f5c-857f-46bd-9181-77a79f761ab5,"xanomeline + trospium chloride (schizophrenia), Karuna",e487ec42-d0db-4c4c-a8a3-2eb5c552fde4,"trospium chloride + xanomeline, Karuna Therapeutics",Suspended,,,Bristol-Myers Squibb AB| Eli Lilly SA| Karuna Labs Inc| PsychoGenics Inc| Puretech Srl| Royalty Pharma Plc| Zai Lab Ltd,Capsule formulation| Drug combination| Small molecule,Launched| Phase 3 Clinical| Preclinical| Suspended,"Agitation| Agitation, Alzheimer's disease| Alzheimers disease| Autism| Autism spectrum disorders (ASD)| Bipolar I disorder| Bipolar disorder| Cognitive disorder| Dementia related psychosis| Frontotemporal dementia| Mania| Neuropathic pain| Pain, nociceptive, general| Psychosis, Alzheimer's disease| Psychotic disorder| Schizophrenia",Neurology/Psychiatric,Muscarinic M1 receptor agonist| Muscarinic M2 receptor agonist| Muscarinic M3 receptor agonist| Muscarinic M4 receptor agonist| Muscarinic acetylcholine (mAChR) receptor antagonist| Muscarinic acetylcholine receptor (M1) agonist| Muscarinic acetylcholine receptor (M4) agonist| Muscarinic receptor agonist,Muscarinic M1 receptor| Muscarinic M2 receptor| Muscarinic M3 receptor| Muscarinic M4 receptor,China| US,EVALUATE| CORTELLIS| PHARMAPROJECTS,2026-05-08T16:03:11.775Z,2026-05-08T16:03:11.775Z
59acb2f4-1d8f-4578-94f2-091b43c6c3b0,ARO-MAPT-SC,7e2a4001-4ff3-45bf-8b5c-52a721d00007,,Phase 2 Clinical,,,Arrowhead Center Inc,DNA & RNA therapeutics| Injectable formulation| Nucleic acid technology| Oligonucleotide| RNA interference| Small molecule| Subcutaneous formulation| small interfering RNA (siRNA),Phase 2 Clinical,Alzheimers disease| Neurodegenerative disease,Neurology/Psychiatric,Gene expression inhibitor| MAPT gene inhibitor| Unknown,MAPT gene,US,EVALUATE| CORTELLIS| PHARMAPROJECTS,2026-05-08T16:03:11.837Z,2026-05-08T16:03:11.837Z
caed5869-6efc-4075-8862-e9d40fe1737a,Alzheimer's disease therapeutics,c946edf9-0321-4899-9b33-46d52e6ef091,"Alzheimer's disease therapeutics, DeepLife",Preclinical,,,DeepLife| Icosa Pharma,Reformulation| Small molecule| Synthetic small molecule,Discovery| Preclinical,Alzheimers disease,Neurology/Psychiatric,Unidentified pharmacological activity| Unknown,,Canada| France,EVALUATE| PHARMAPROJECTS,2026-05-08T16:03:08.477Z,2026-05-08T16:03:08.477Z
3cdc5811-ffa7-4183-ba93-65d3338dbe32,AP-19,07d3bb2f-7838-4d4f-9a08-3a62d32aae9c,AP-3,Preclinical,,,Molefy Pharma SL,Small molecule| Systemic formulation unspecified,Preclinical,Alzheimers disease| Frontotemporal dementia,Neurology/Psychiatric,TAR DNA binding protein 43 modulator| Tau tubulin kinase 1 inhibitor,TAR DNA binding protein 43| Tau tubulin kinase 1,Spain,CORTELLIS| PHARMAPROJECTS,2026-05-08T16:03:12.315Z,2026-05-08T16:03:12.315Z
a365d6ef-9707-4841-9816-8fd286dcceb2,C0025,cb96eff3-6926-4ce1-8699-f3c325197f95,C-0025,Preclinical,,,Guangzhou Diqi Pharmaceuticals Co Ltd,Other reformulation| Small molecule| Synthetic small molecule,Preclinical,Parkinson's disease,Neurology/Psychiatric,Unidentified pharmacological activity| Unknown,,China,EVALUATE| PHARMAPROJECTS,2026-05-08T16:03:08.657Z,2026-05-08T16:03:08.657Z
1e7e9058-814d-464f-8a1b-bae1c2b0bda4,"AT-003, Arctic Therapeutics",0d0118eb-6e67-4756-89ba-40d4c43e18c2,,Phase 2 Clinical,,,Arctic Therapeutics ehf,Small molecule| Systemic formulation unspecified,Phase 2 Clinical,Multiple sclerosis| Parkinsons disease| Rheumatoid arthritis| Systemic lupus erythematosus,Immune| Neurology/Psychiatric,,,US,CORTELLIS,2026-05-08T16:03:11.896Z,2026-05-08T16:03:11.896Z
06ad9c10-ad96-46b5-afc4-2bf37ee1dd27,iclepertin,ae5f73e2-c9be-41a6-877c-c476288118ef,,Suspended,,,Boehringer Ingelheim KG,Film coating| Formulation powder| Oral formulation| Small molecule| Synthetic small molecule| Tablet formulation,Phase 3 Clinical| Suspended,Alzheimers disease| Cognitive disorder| Schizophrenia,Neurology/Psychiatric,Beta amyloid synthesis inhibitor| Glycine transporter 1 inhibitor| Glycine transporter-1 inhibitor,Beta amyloid| Glycine transporter-1,Germany,CORTELLIS| PHARMAPROJECTS,2026-05-08T16:03:11.934Z,2026-05-08T16:03:11.934Z
500bb951-54ad-45ba-9b98-b5de0a5fd83f,VG-3927,c79d2ac0-f53c-4d74-81d1-fd3ce48ba6be,SAR-448851| SAR448851,Phase 1 Clinical,,,Amgen SA| Sanofi KK,CNS formulation| Once daily formulation| Oral formulation| Small molecule,Phase 1 Clinical,Alzheimers disease,Neurology/Psychiatric,Immune checkpoint agonist| TREM receptor 2 agonist| TREM-2 agonist| Triggering receptor expressed on myeloid cells 2 (TREM2) antibody,TREM receptor 2,France| US,EVALUATE| CORTELLIS| PHARMAPROJECTS,2026-05-08T16:03:08.257Z,2026-05-08T16:03:08.257Z
e56aa9b3-602d-496f-a3f8-da3d80aaf3b9,PLL-001,6ace0c83-5f5d-4aef-914b-bac5ebcd21c5,PLL-01,Phase 2 Clinical,,,PLL Therapeutics SAS,Small molecule| Subcutaneous formulation| Synthetic small molecule,Phase 2 Clinical,Amyotrophic lateral sclerosis| Metabolic disorder,Endocrine/Metabolic| Neurology/Psychiatric| Rare Diseases,Unclassified| Unidentified pharmacological activity,,France,EVALUATE| CORTELLIS| PHARMAPROJECTS,2026-05-08T16:03:09.156Z,2026-05-08T16:03:09.156Z
e0c2c640-f3a8-40ad-ae0d-3ee5ed355fcf,MTX-230,3ecc5ed7-10f8-4ae3-9c0b-3c4d10080dba,,Phase 3 Clinical,,,Biodexa Ltd| Emtora Biosciences| San Antonio Medical Center,Capsule formulation| Microparticle formulation| Oral formulation| Small molecule| Tablet formulation,Phase 3 Clinical,"Adenoma, colorectal| Alzheimers disease| Autoimmune disease| Basal cell carcinoma| Biliary cancer| Bladder tumor| Cognitive disorder| Colon tumor| Familial adenomatous polyposis| Gastrointestinal disease| Prostate cancer| Prostate tumor| Skin cancer| Squamous cell carcinoma| Undisclosed| Uterine cervix tumor",Alimentary/Metabolic| Cancer| Gastrointestinal| Immune| Neurology/Psychiatric| Rare Diseases,Mammalian target of rapamycin (mTOR) inhibitor| mTOR inhibitor,mTOR,UK| US,EVALUATE| CORTELLIS| PHARMAPROJECTS,2026-05-08T16:03:12.214Z,2026-05-08T16:03:12.214Z
8c27e9f0-9aca-4247-9014-09f307a7e377,BIA 29,0c2c9ca6-1e68-44cc-bd7b-8c30907af694,,Preclinical,,,Bial Foundation,Small molecule,Preclinical,Parkinson's disease,Neurology/Psychiatric,Unclassified,,Portugal,EVALUATE,2026-05-08T16:03:08.836Z,2026-05-08T16:03:08.836Z
308cdf05-91b9-4c52-b7e9-c61977ece94e,"neuroinflammatory disease therapy, Neuron23",f5c5e64b-a39b-443f-8ca3-e1bffd123d61,,Preclinical,,,Origenis GmbH,Synthetic small molecule,Preclinical,Encephalitis| Inflammatory disease| Multiple sclerosis,Musculoskeletal| Neurology/Psychiatric,Tyrosine kinase 2 inhibitor,,Germany,PHARMAPROJECTS,2026-05-08T16:03:09.794Z,2026-05-08T16:03:09.794Z
0d138f26-4b4b-49f8-9476-b9886e8f0984,"sodium chlorite (ALS/neurodegeneration), Neuraltus",80c63f2f-3f65-43f6-80be-2d5bf6acf8c9,NP-001,Suspended,,,Neuraltus Pharmaceuticals Inc| Neuvivo Inc,Infusion| Intravenous formulation| Small molecule,Launched| Phase 1 Clinical| Preclinical| Suspended,"Alzheimers disease| Amyotrophic lateral sclerosis| Ataxia telangiectasia| COVID-19 complications| Frontotemporal dementia| Huntington's disease| Huntingtons chorea| Multiple sclerosis, progressive, primary| Muscular dystrophy| Parkinson's disease| Parkinsons disease| Vascular dementia",Immune| Musculoskeletal| Neurology/Psychiatric| Other/Miscellaneous| Rare Diseases,Chemokine ligand antagonist| Macrophage inflammatory protein (MIP) inhibitor,,US,EVALUATE| CORTELLIS| PHARMAPROJECTS,2026-05-08T16:03:11.774Z,2026-05-08T16:03:11.774Z
3ea9ad60-d3ed-4603-a8f4-547b8730cdef,HJY-02,ebcbf63b-6fc3-4129-83ce-9d091412fd16,,Preclinical,,,Hygieia Inc,RNA interference| Small molecule| Systemic formulation unspecified| small interfering RNA (siRNA),Preclinical,Alzheimers disease,Neurology/Psychiatric,Amyloid precursor protein antagonist| Beta amyloid modulator| Beta amyloid precursor protein antagonist| Gene expression inhibitor,Beta amyloid,China| US,CORTELLIS| PHARMAPROJECTS,2026-05-08T16:03:12.155Z,2026-05-08T16:03:12.155Z
a667f1be-ddc1-417e-a511-a05978d8f1e2,FZ-014,3a3151a2-24ce-4083-a47a-f308f9b8f8b0,FZ014,Preclinical,,,Fermion Oy,Small molecule| Synthetic small molecule| Systemic formulation unspecified,Discovery| Preclinical,Parkinson's disease| Parkinsons disease,Neurology/Psychiatric,Unidentified pharmacological activity| Unknown,,China,EVALUATE| CORTELLIS| PHARMAPROJECTS,2026-05-08T16:03:08.554Z,2026-05-08T16:03:08.554Z
d7ad8c9e-a820-4205-8933-43e195a09c6b,siponimod fumarate,d51b65e7-d577-49d0-a512-97be196bcbbe,siponimod,Suspended,,,Novartis AG| Teva BV,Small molecule| Tablet formulation,Launched| Phase 2 Clinical| Suspended,"Cerebral hemorrhage| Dermatomyositis| Haemorrhage, cerebral| Ischaemia, cerebral| Multiple sclerosis| Multiple sclerosis (MS) unspecified| Multiple sclerosis, progressive, secondary| Multiple sclerosis, relapsing-remitting| Polio prophylaxis| Polymyositis| Polymyositis & dermatomyositis| Relapsing-Remitting MS (RRMS)| Secondary-Progressive MS (SPMS)| Stroke",Cardiovascular| Hematologic| Immune| Inflammatory| Musculoskeletal| Neurology/Psychiatric| Rare Diseases,Immunosuppressant| Sphingosine 1-phosphate (S1P) receptor 1 agonist| Sphingosine 1-phosphate (S1P) receptor 1 regulator| Sphingosine 1-phosphate (S1P) receptor 5 agonist| Sphingosine 1-phosphate (S1P) receptor 5 regulator| Sphingosine 1-phosphate 1 receptor agonist| Sphingosine 1-phosphate 5 receptor agonist| Sphingosine-1-phosphate receptor-1 agonist| Sphingosine-1-phosphate receptor-5 agonist,Sphingosine-1-phosphate receptor-1| Sphingosine-1-phosphate receptor-5,Israel| Switzerland,EVALUATE| CORTELLIS| PHARMAPROJECTS,2026-05-08T16:03:11.715Z,2026-05-08T16:03:11.715Z
f1e7be7f-13e7-4ed9-b085-15613459db26,EC-5026,bf9c3c88-4952-4597-85ce-3363f89b6d78,EC5026,Suspended,,,Davis LLP| EicOsis LLC,Oral formulation| Small molecule| Synthetic small molecule,Discovery| Phase 1 Clinical| Phase 2 Clinical| Suspended,"Cancer| Diabetic neuropathy| Inflammatory disease| Neuropathic pain| Osteoarthritis| Other gastro-intestinal disorders| Pain| Pain, chronic| Pain, musculoskeletal, arthritis| Parkinson's disease| Parkinsons disease| Peripheral neuropathy",Cancer| Inflammatory| Neurology/Psychiatric,Epoxide hydrolase (EH) inhibitor| Epoxide hydrolase inhibitor| Epoxide hydrolase-2 inhibitor,Epoxide hydrolase-2,US,EVALUATE| CORTELLIS| PHARMAPROJECTS,2026-05-08T16:03:09.035Z,2026-05-08T16:03:09.035Z
75d5dcf9-c9c0-461b-9218-d76eb9b3af43,"pyrrocidin alkaloids (Alzheimer's disease), Biomar Microbial Technologies/Universidad De Salamanca",e4b6901d-679f-4336-bcd4-46bb7e26d45a,,Preclinical,,,Universidad De Salamanca,Small molecule| Systemic formulation unspecified,Preclinical,Alzheimers disease,Neurology/Psychiatric,Beta amyloid modulator,Beta amyloid,Spain,CORTELLIS,2026-05-08T16:03:12.153Z,2026-05-08T16:03:12.153Z
739a3c97-5e98-42a4-944a-f6efc21cc5b8,BIIB-122,fa257811-b294-42a8-b527-2ebf9e617cb4,DNL-151| DNL151,Phase 2 Clinical,,,Biogen NV| Denali Pharma| Genentech Inc| Roche Ltd,Once daily formulation| Small molecule| Tablet formulation,Phase 2 Clinical,Parkinson's disease| Parkinsons disease,Neurology/Psychiatric,Leucine rich serine threonine kinase 2 inhibitor| Leucine-rich repeat kinase 2 inhibitor| Leucine-rich repeat serine/threonine-protein kinase 2 inhibitor,Leucine rich serine threonine kinase 2,Switzerland| US,EVALUATE| CORTELLIS| PHARMAPROJECTS,2026-05-08T16:03:08.474Z,2026-05-08T16:03:08.474Z
af3b367f-6ed8-44a2-82ec-65663b337a65,"Alzheimer’s disease therapy, Graviton Bioscience",d5862e97-1bb8-496b-897d-d56ebc722d3e,,Preclinical,,,Graviton Bioscience BV,Synthetic small molecule,Preclinical,Alzheimers disease,Neurology/Psychiatric,Rho-associated kinase 2 inhibitor,,US,PHARMAPROJECTS,2026-05-08T16:03:11.613Z,2026-05-08T16:03:11.613Z
c34a860c-e0e5-4403-87be-47419a5f748f,CT-2500,ea2fdbce-0691-42ae-a572-1e4c52f4331a,,Suspended,,,Circadian Design Inc,Small molecule| Synthetic small molecule,Phase 1 Clinical| Suspended,Alzheimers disease| Circadian rhythm sleep disorder| Parkinson's disease| Sleep disorder,Neurology/Psychiatric,Unclassified| Unidentified pharmacological activity,,UK,EVALUATE| PHARMAPROJECTS,2026-05-08T16:03:08.316Z,2026-05-08T16:03:08.316Z
d0ccd211-1401-4f35-9517-680b33a40689,"repurposed sitagliptin (oral, Duchenne Muscular Dystrophy), Revio Therapeutics/ Peptris Technologies",08c13b13-caa2-47b8-89b5-c9f46e852698,RT001,Phase 2 Clinical,,,Retrotope Inc,Small molecule,Phase 2 Clinical| Preclinical,Amyotrophic lateral sclerosis| COVID-19 treatment| Friedreich ataxia| Huntington's disease| Other neurological indications| Parkinson's disease| Progressive supranuclear palsy| Tay-Sachs & Sandhoff's disease,Neurology/Psychiatric,Transient receptor potential vanilloid-1 (TRPV-1) antagonist,,US,EVALUATE| CORTELLIS| PHARMAPROJECTS,2026-05-08T16:03:09.254Z,2026-05-08T16:03:09.254Z
315a8408-b263-4827-8007-c6153bead145,AL-00804,7c355536-9854-4a6f-a561-f6c961814048,,Suspended,,,Acelink Therapeutics Inc,Oral formulation| Small molecule| Synthetic small molecule,Preclinical| Suspended,"Alimentary/metabolic disease, unspecified| GM1 gangliosidosis| GM2 gangliosidosis| Gaucher disease| Lysosome storage disease| Parkinson's disease| Parkinsons disease| Sandhoff disease| Tay Sachs disease",Alimentary/Metabolic| Endocrine/Metabolic| Neurology/Psychiatric| Rare Diseases,Ceramide glycosyltransferase inhibitor| Glucosylceramidase modulator| Glucosylceramide synthase inhibitor,Glucosylceramide synthase,US,CORTELLIS| PHARMAPROJECTS,2026-05-08T16:03:11.894Z,2026-05-08T16:03:11.894Z
8fee51ab-7e88-4d7a-8871-3e6373cc0867,[18F]-OXD-2314,c523c9b0-d748-4cf8-86dd-008f00461409,,Clinical,,,Toronto Hospital,Radiolabeling| Small molecule| Systemic formulation unspecified,Clinical,Alzheimers disease| Frontotemporal dementia| Neurodegenerative disease| Progressive supranuclear palsy,Neurology/Psychiatric,Tau kinase inhibitor,Tau protein,Canada,CORTELLIS,2026-05-08T16:03:12.215Z,2026-05-08T16:03:12.215Z
e698d517-3bcb-4fce-887b-0406edcacca0,HLX-99,0f69ec1b-8e0c-4986-9f54-baa0e4da26e7,HLX-94| HLX99,Suspended,,,Henlius Europe GmbH,Small molecule| Systemic formulation unspecified,Preclinical| Suspended,Amyotrophic lateral sclerosis| Parkinson's disease| Parkinsons disease,Neurology/Psychiatric| Rare Diseases,Unidentified pharmacological activity| Unknown,,China,EVALUATE| CORTELLIS| PHARMAPROJECTS,2026-05-08T16:03:08.476Z,2026-05-08T16:03:08.476Z
8c6d374c-6c1f-475e-99ea-57c526417139,SLS-007,80499410-5a76-4b52-ba5d-69f90231e2dd,,Suspended,,,Seelos Therapeutics Inc,Adeno-associated virus| Biological| Gene therapy| Infusion| Intravenous formulation| Small molecule| Virus recombinant,Preclinical| Suspended,Parkinson's disease,Neurology/Psychiatric,Alpha-synuclein accumulation inhibitor| Synuclein inhibitor,Synuclein,US,EVALUATE| CORTELLIS| PHARMAPROJECTS,2026-05-08T16:03:09.096Z,2026-05-08T16:03:09.096Z
85c2502c-d343-4211-bcaa-53f312e2ee83,"arsenic trioxide, CTI BioPharma",de6e10ff-f9cb-4dc2-80aa-f5b43d91071d,"arsenic trioxide (intravenous, autoimmune disease/multiple sclerosis/systemic sclerosis), BioSenic",Suspended,,,BioSenic SA| CTI LLC| Fresenius BV| Ingenus Pharmaceuticals LLC| Intas Biopharmaceuticals| Lundbeck NV| Medison Group| Medsenic SAS| Nexus Co Inc| Nippon Shinyaku Co Ltd| Nordic Pharma| Phebra Pty Ltd| PolaRx Biopharmaceuticals Inc| Teva BV| Zydus France SAS,Capsule formulation| Infusion| Intravenous formulation| Oral formulation| Parenteral formulation| Small molecule| Synthetic small molecule,Launched| Phase 1 Clinical| Phase 2 Clinical| Phase 3 Clinical| Preclinical| Suspended,"Acute leukemia| Acute myelogenous leukemia| Acute promyelocytic leukemia| Autoimmune disease| Bladder tumor| Breast tumor| Cancer, leukaemia, chronic myelogenous| Cancer, myeloma| Chronic myelomonocytic leukemia| Colorectal tumor| Glioblastoma| Glioma| Graft versus host disease| Hepatoma, liver cancer| Hodgkins disease| Leukaemia, acute lymphocytic (ALL)| Leukaemia, acute myeloid (AML)| Leukaemia, chronic myeloid (CML)| Liver tumor| Melanoma| Multiple myeloma| Multiple sclerosis| Myelodysplastic syndrome| Neuroblastoma| Non-Hodgkin lymphoma| Non-small-cell lung cancer| Other immune indications| Prostate cancer| Scleroderma| Small lymphocytic lymphoma| Small-cell lung cancer| Solid tumour indications| Systemic lupus erythematosus| Uterine cancer",Cancer| Hematologic| Immune| Rare Diseases| Unknown,Activator protein 1 (AP1) inhibitor| Apoprotein stimulant| Apoptosis stimulant| DNA synthesis inhibitor| Hydrolase modulator| Inhibitor of NF-kappa-B kinase beta (IKKB) stimulant| Mitogen-activated protein kinase 1 (MAPK1) agonist| Mitogen-activated protein kinase 3 (MAPK3) agonist| Thioredoxin reductase 1 inhibitor,,Australia| Belgium| Denmark| France| Germany| India| Israel| Japan| US,EVALUATE| CORTELLIS| PHARMAPROJECTS,2026-05-08T16:03:11.936Z,2026-05-08T16:03:11.936Z
4983d04b-fb05-46ee-9326-68310ba80343,"dronabinol (sublingual tablet), Echo",bef7262b-b5ff-4bb7-a845-a07cff1b0d1a,Namisol,Suspended,,,Echo Inc,Buccal formulation systemic| Natural product| Oral formulation| Plant| Small molecule| Solubility-enhanced| Tablet formulation,Phase 1 Clinical| Phase 2 Clinical| Phase 3 Clinical| Suspended,"Alzheimers disease| Cachexia (wasting), other| Cancer pain| Dementia| Dementia, cerebrovascular| Migraine| Multiple sclerosis| Muscle hypertonia| Neuropathic pain| Pain| Pain, chronic| Parkinson's disease| Postoperative pain",Gastrointestinal| Musculoskeletal| Neurology/Psychiatric,Cannabinoid (CB) receptor agonist| Cannabinoid receptor agonist,Cannabinoid receptor,Netherlands,EVALUATE| CORTELLIS| PHARMAPROJECTS,2026-05-08T16:03:09.315Z,2026-05-08T16:03:09.315Z
0de3daf2-dac5-4173-9c5b-6059a4819508,OPM-101,4caa6eaf-5704-4af0-9d17-7b3933714c0f,ODS-101,Suspended,,,ONCODESIGN,Oral formulation| Protein| Small molecule| Synthetic small molecule,Phase 1 Clinical| Suspended,"Arthritis| Asthma| Autoimmune disease| Cancer| Crohns disease| General cancer indications| General inflammatory disorders| Inflammatory bowel disease| Irritable bowel syndrome| Lupus erythematosus, unspecified| Multiple sclerosis| Psoriasis| Rheumatoid arthritis| Stage III melanoma| Stage IV melanoma| Ulcerative colitis",Alimentary/Metabolic| Cancer| Dermatologic| Gastrointestinal| Immune| Inflammatory| Musculoskeletal| Neurology/Psychiatric| Respiratory,RIP-2 kinase inhibitor| Receptor interacting protein 2 (RIP2) kinase inhibitor| Receptor-interacting serine/threonine kinase 2 inhibitor| Serine/threonine-protein kinase inhibitor,RIP-2 kinase,France,EVALUATE| CORTELLIS| PHARMAPROJECTS,2026-05-08T16:03:09.756Z,2026-05-08T16:03:09.756Z
c45d5d2e-cf36-464f-8952-443cfc120ef8,BAY-85-8102,a6c71543-4bf6-4284-9014-2351c5c0a282,,Phase 2 Clinical,,,Sydney Water Corp,Infusion| Intravenous formulation| Radiolabeling| Small molecule,Phase 2 Clinical,Carotid stenosis| Chronic fatigue syndrome| Cognitive disorder| Fibromyalgia| Idiopathic pulmonary fibrosis| Ischemic stroke| Major depressive disorder| Medulloblastoma| Multiple sclerosis| Nervous system inflammation| Neuritis| Neurological disease| Parkinsons disease| Transient ischemic attack,Cancer| Cardiovascular| Immune| Musculoskeletal| Neurology/Psychiatric| Other/Miscellaneous| Respiratory,Benzodiazepine receptor agonist| Translocator protein modulator,Benzodiazepine receptor| Translocator protein,Australia,CORTELLIS,2026-05-08T16:03:11.933Z,2026-05-08T16:03:11.933Z
546aeac6-7da9-48e6-a757-7a187becd1de,Parkinson’s Disease Research Project (MUTH),5e6f58e0-e96d-4a08-a849-0bf41f25b610,,Preclinical,,,Muna Therapeutics ApS,Small molecule,Discovery| Preclinical,Frontotemporal dementia| Multiple sclerosis (MS) unspecified| Parkinson's disease,Neurology/Psychiatric,Kv1.3 potassium channel blocker,,Denmark,EVALUATE,2026-05-08T16:03:08.258Z,2026-05-08T16:03:08.258Z
2bad2e96-6deb-4335-982b-067807ca7656,dexpramipexole,96a8ffa9-85a6-4886-9827-45e9b05011b0,Dexpramipexole,Suspended,,,Knopp Biosciences LLC| University of Virginia,Film coating| Small molecule| Stereochemistry| Synthetic isomeric| Tablet formulation,Phase 2 Clinical| Phase 3 Clinical| Suspended,Amyotrophic lateral sclerosis| Asthma| COAD/COPD| Chronic obstructive airway disease| Eosinophilic asthma| General haematological indications| Hypereosinophilic syndrome| Sinusitis,Hematologic| Inflammatory| Neurology/Psychiatric| Other/Miscellaneous| Rare Diseases| Respiratory,Dopamine D3 receptor agonist| Dopamine receptor agonist| Free radical scavenger| Reducing agent,Dopamine D3 receptor,US,EVALUATE| CORTELLIS| PHARMAPROJECTS,2026-05-08T16:03:09.314Z,2026-05-08T16:03:09.314Z
c80ed6bd-3d54-4d75-aab8-0847fb05abb8,RN006-AD,606ffec2-922b-442b-9cc2-292401fa5ce1,,Preclinical,,,Suzhou Ronnsi Pharma Co Ltd,Small molecule,Preclinical,Alzheimers disease,Neurology/Psychiatric,Unclassified,,China,EVALUATE,2026-05-08T16:03:09.373Z,2026-05-08T16:03:09.373Z
7f37c05e-64d5-4ff7-a99d-ebae3afddbb6,"muscarinic acetylcholine M4 receptor positive allosteric modulators (psychosis), Suven Life Sciences",1559fd2d-6fd9-4bf0-b9e6-46313c604779,,Preclinical,,,Suven Life Sciences Ltd,Small molecule| Systemic formulation unspecified,Preclinical,Alzheimers disease| Neurological disease| Psychiatric symptom| Schizophrenia,Neurology/Psychiatric,Muscarinic M4 receptor agonist,Muscarinic M4 receptor,India,CORTELLIS,2026-05-08T16:03:11.993Z,2026-05-08T16:03:11.993Z
6b1198a6-8857-4f11-b361-1fad4b966e80,AZD-5904,adeca09d-e431-4507-b9e8-4890ea4477a2,AZD5904,Suspended,,,AstraZeneca AB| CDT Equity Inc,Oral formulation| Small molecule,Phase 1 Clinical| Preclinical| Suspended,COAD/COPD| Chronic obstructive airway disease| Male infertility| Multiple sclerosis| Multiple sclerosis (MS) unspecified,Genitourinary/Sexual Function| Immune| Neurology/Psychiatric| Respiratory,Myeloperoxidase (MPO) modulator| Myeloperoxidase modulator,Myeloperoxidase,UK| US,EVALUATE| CORTELLIS| PHARMAPROJECTS,2026-05-08T16:03:08.434Z,2026-05-08T16:03:08.434Z
57dcf478-a883-4fcd-80ba-cf4d4481ae8e,"neurological disease therapy, Nido Biosciences",5e2f5127-1a61-41a3-9a9f-e987d4df0ea9,,Preclinical,,,Nido Surgical Inc,Synthetic small molecule,Preclinical,Amyotrophic lateral sclerosis,Neurology/Psychiatric| Rare Diseases,Unidentified pharmacological activity,,US,PHARMAPROJECTS,2026-05-08T16:03:11.481Z,2026-05-08T16:03:11.481Z
3422bb2c-29fa-4b48-88f3-3ac9de7b4c67,SRXXX,5a92108b-1af9-4e97-8b8f-74f311942416,,Preclinical,,,Shanghai SIMR Biotech Co Ltd,Small molecule,Preclinical,"Alzheimers disease| Depression| Epilepsy| Pain, cancer-induced| Pain, chronic",Neurology/Psychiatric,Ion channel blocker,,China,EVALUATE,2026-05-08T16:03:08.594Z,2026-05-08T16:03:08.594Z
e8dbac83-19f9-4038-aac7-25d6a3d37aef,"pramipexole hydrochloride, Guangdong Hongshanhu Pharmaceutical",433cdbce-9ab4-4f26-9e4a-ead3493d238e,,Preclinical,,,Hongshanhu Pharmaceutical Group Co Ltd,Synthetic small molecule| Transdermal formulation,Preclinical,Parkinson's disease,Neurology/Psychiatric,Dopamine D3 receptor agonist,,China,PHARMAPROJECTS,2026-05-08T16:03:11.496Z,2026-05-08T16:03:11.496Z
37b4f036-f6a2-4476-8f3e-c58967d6c8b4,M-102,3d61ee04-10db-4200-be4e-33c3c67b1bc5,,Preclinical,,,Sheffield City Council,Small molecule| Systemic formulation unspecified,Preclinical,Amyotrophic lateral sclerosis| Batten disease| Friedreich ataxia| Huntingtons chorea| Neurodegenerative disease| Parkinsons disease,Neurology/Psychiatric,Heat shock factor protein 1 stimulator| Nuclear erythroid 2-related factor 2 modulator,Heat shock factor protein 1| Nuclear erythroid 2-related factor 2,UK,CORTELLIS,2026-05-08T16:03:12.276Z,2026-05-08T16:03:12.276Z
963bb7c1-0474-4b18-98f0-768209383f04,"aprepitant (Alzheimers disease), Hoth Therapeutics/Washington University",d888aa81-29e0-478e-8183-905e81e3afe6,,Preclinical,,,Washington University in St Louis School of Medicine,Oral formulation| Small molecule,Preclinical,Alzheimers disease,Neurology/Psychiatric,NK1 receptor agonist,NK1 receptor,US,CORTELLIS,2026-05-08T16:03:12.313Z,2026-05-08T16:03:12.313Z
d649fd8e-4ad4-4fdf-b0c1-78480b05525d,"donepezil (transdermal patch formulation, Alzheimers disease/ dementia), Icure/ Celltrion",4f546f70-34ad-4b09-acb1-d357c39e4e85,Donepezil,Phase 1 Clinical,,,Boehringer Ingelheim KG| G2GBio Inc,Small molecule,Phase 1 Clinical| Preclinical,Alzheimers disease,Neurology/Psychiatric,Unknown,,Germany| South Korea,EVALUATE| CORTELLIS| PHARMAPROJECTS,2026-05-08T16:03:08.596Z,2026-05-08T16:03:08.596Z
8caf883a-83a4-46bd-ac78-09133a7ef02a,plosaracetam,f3d923ac-8228-4ac8-877e-36512c76437d,ABBV-552,Phase 2 Clinical,,,AbbVie BV| UCB SA,Capsule formulation| Formulation powder| Small molecule| Synthetic small molecule,Phase 1 Clinical| Phase 2 Clinical,Alzheimers disease| Cognitive disorder| Depression| Other neurological indications,Neurology/Psychiatric,Synaptic vesicle 2 (SV2) glycoprotein regulator| Synaptic vesicle 2A (SV2A) glycoprotein regulator| Synaptic vesicle glycoprotein 2A modulator| Unidentified pharmacological activity,Synaptic vesicle glycoprotein 2A,Belgium| US,EVALUATE| CORTELLIS| PHARMAPROJECTS,2026-05-08T16:03:09.634Z,2026-05-08T16:03:09.634Z
bbd8d1dc-5e04-4ef6-9aa8-b9bc32af8f59,C-AM-01,1ea0c08d-dd8b-4ac5-88f9-951e021b14fd,C-012,Phase 1 Clinical,,,Shanghai Pharmaceuticals Holding,Small molecule| Unidentified,Phase 1 Clinical,Alzheimers disease,Neurology/Psychiatric,Unidentified pharmacological activity,,China,CORTELLIS| PHARMAPROJECTS,2026-05-08T16:03:09.754Z,2026-05-08T16:03:09.754Z
78f33a14-f9cf-4f99-83bc-b6144175389b,ropanicant,8b5dcfcc-8019-415f-9cfb-b66f007f2259,,Suspended,,,Suven Life Sciences Ltd,Oral formulation| Small molecule| Tablet formulation,Phase 2 Clinical| Suspended,"Alzheimers disease| Depression| Depression, major depressive disorder| Major depressive disorder",Neurology/Psychiatric,Muscarinic receptor agonist| Nicotinic ACh receptor alpha 4 subunit inhibitor| Nicotinic ACh receptor beta 2 subunit inhibitor| Nicotinic acetylcholine receptor (nAChR) agonist| Nicotinic acetylcholine receptor (nAChR) alpha-4 antagonist| Nicotinic acetylcholine receptor (nAChR) beta-2 antagonist,Nicotinic ACh receptor alpha 4 subunit| Nicotinic ACh receptor beta 2 subunit,India,EVALUATE| CORTELLIS| PHARMAPROJECTS,2026-05-08T16:03:11.616Z,2026-05-08T16:03:11.616Z
5ae292a6-eef7-4cf9-98ec-a03383e9fccd,RO-7812653,32f046b4-7311-431c-9256-df10d40e8b97,,Preclinical,,,Hoffmann-La Roche AG,Intrathecal formulation| Small molecule,Preclinical,Alzheimers disease| Cognitive disorder| Dementia,Neurology/Psychiatric,,,Canada,CORTELLIS,2026-05-08T16:03:12.155Z,2026-05-08T16:03:12.155Z
50e3bc24-c505-4399-a90a-8ac0434345bf,SPM-0404,16105fba-c995-4b6a-b931-695f7c634354,,Preclinical,,,Inotiv Inc| Sea Srl,Oral formulation| Small molecule| Synthetic small molecule,Preclinical,"Amyotrophic lateral sclerosis| Epilepsy| Seizures, general| Tinnitus",Neurology/Psychiatric| Other/Miscellaneous| Rare Diseases| Sensory Organs,AMPA receptor agonist| Alpha-amino-3-hydroxy-5-methyl-4-isoxazole-propionic acid (AMPA) receptor antagonist| Ionotropic glutamate receptor agonist| Kainate receptor agonist,AMPA receptor| Kainate receptor,US,EVALUATE| CORTELLIS| PHARMAPROJECTS,2026-05-08T16:03:08.537Z,2026-05-08T16:03:08.537Z
5251aa20-c274-4ad3-8770-79cdb50d0229,Neurological disease therapy,a672647c-7da4-4a97-90f2-14d94a165926,,Preclinical,,,Nido Surgical Inc,Small molecule,Preclinical,Amyotrophic lateral sclerosis,Neurology/Psychiatric,Unknown,,US,EVALUATE,2026-05-08T16:03:09.374Z,2026-05-08T16:03:09.374Z
f6c7bd6a-93c8-438f-b071-0d32850ca6ef,VRN04-2,2c5d4dde-f3d3-4ed1-9543-552c2ed89fc0,,Suspended,,,Voronoi Inc,Small molecule| Synthetic small molecule,Preclinical| Suspended,Amyotrophic lateral sclerosis| Multiple sclerosis| Multiple sclerosis (MS) unspecified,Neurology/Psychiatric| Rare Diseases,Receptor-interacting serine/threonine kinase 1 inhibitor| Serine/threonine-protein kinase 1 PLK1 inhibitor,,South Korea,EVALUATE| PHARMAPROJECTS,2026-05-08T16:03:09.474Z,2026-05-08T16:03:09.474Z
baff76c3-2df2-461c-bb26-ea69d8661a8d,brilaroxazine,02355486-1a99-45f6-b061-4005c8af9639,,Suspended,,,Reviva Pharmaceuticals Inc| Undisclosed Partner Sales,Dermatological formulation| Gel formulation| Liposome formulation| Liposome formulation transdermal| Once daily formulation| Oral formulation| Small molecule| Synthetic small molecule| Transdermal gel formulation,Phase 1 Clinical| Phase 2 Clinical| Phase 3 Clinical| Preclinical| Suspended,"Alzheimers disease| Attention deficit disorder/hyperactivity (ADD/ADHD)| Attention deficit hyperactivity disorder| Autism| Bipolar disorder| Depression| Depression, major depressive disorder| Idiopathic pulmonary fibrosis| Major depressive disorder| Parkinson's disease| Psoriasis| Psychosis, Alzheimer's disease| Psychosis, Parkinson's disease| Psychotic disorder| Pulmonary artery hypertension| Pulmonary hypertension| Schizophrenia| Tourette syndrome",Cardiovascular| Dermatologic| Neurology/Psychiatric| Rare Diseases| Respiratory,5 Hydroxytryptamine 1A receptor agonist| 5 Hydroxytryptamine 2A receptor antagonist| 5 Hydroxytryptamine 2B receptor antagonist| 5 Hydroxytryptamine 2C receptor antagonist| 5 Hydroxytryptamine 6 receptor antagonist| 5 Hydroxytryptamine 7 receptor antagonist| 5-HT 1a receptor partial agonist| 5-HT 2a receptor partial agonist| 5-HT 2b receptor antagonist| 5-HT 6 receptor antagonist| 5-HT 7 receptor antagonist| 5-HT1A (serotonin) receptor agonist| 5-HT2A (serotonin) receptor agonist| 5-HT2B (serotonin) receptor antagonist| 5-HT2C (serotonin) receptor agonist| 5-HT6 (serotonin) receptor antagonist| 5-HT7 (serotonin) receptor antagonist| Dopamine D2 receptor partial agonist| Dopamine D3 receptor agonist| Dopamine D3 receptor partial agonist| Dopamine D4 receptor agonist| Dopamine D4 receptor partial agonist| Dopamine receptor agonist,5-HT 1a receptor| 5-HT 2a receptor| 5-HT 2b receptor| 5-HT 6 receptor| 5-HT 7 receptor| Dopamine D2 receptor| Dopamine D3 receptor| Dopamine D4 receptor,US,EVALUATE| CORTELLIS| PHARMAPROJECTS,2026-05-08T16:03:11.495Z,2026-05-08T16:03:11.495Z
326fb1fd-2a74-49bc-9e20-b102891ff5a5,"synuclein nitrase inhibitor (Parkinsons disease), Nitrome Biosciences",cf9ba258-4692-4aaf-bf71-7dc4ba2fcb4a,NDC-0524,Preclinical,,,Nitrase Therapeutics Inc,Biological| Humanized antibody| Humanized monoclonal antibody| Immunoglobulin G isotype antibody| Synthetic small molecule| Systemic formulation unspecified,Preclinical,Parkinson's disease| Parkinsons disease,Neurology/Psychiatric,Synuclein inhibitor,Immunoglobulin| Synuclein,US,CORTELLIS| PHARMAPROJECTS,2026-05-08T16:03:11.554Z,2026-05-08T16:03:11.554Z
e4a661e5-62da-4905-a3f3-c5499ca78a18,"Parkinson’s disease therapy, QPMind",366ae66f-3c32-494e-9bb6-f4248f3e24b2,,Preclinical,,,QPMind,Synthetic small molecule,Preclinical,Parkinson's disease| Schizophrenia,Neurology/Psychiatric,Unidentified pharmacological activity,,US,PHARMAPROJECTS,2026-05-08T16:03:11.614Z,2026-05-08T16:03:11.614Z
da1134bd-a722-43c9-b111-35f4aeeab23f,DNL-628,20a63dc0-dc34-4d46-a8cf-b9a0e2018bcc,,Phase 1 Clinical,,,Denali Pharma| Secarna Pharmaceuticals GmbH & Co KG,"DNA & RNA therapeutics| Oligonucleotide antisense| Oligonucleotide, non-antisense, non-RNAi| Small molecule| Systemic formulation unspecified",Phase 1 Clinical,Alzheimers disease| Cognitive disorder| Dementia,Neurology/Psychiatric,MAPT gene inhibitor| Tau aggregation inhibitor,MAPT gene,Germany| US,EVALUATE| CORTELLIS| PHARMAPROJECTS,2026-05-08T16:03:12.096Z,2026-05-08T16:03:12.096Z
318285f1-95f8-4808-bbbe-3511fef8c7e7,"talfirastide (cancer), Wake Forest University",8ea45313-bfe9-4586-95b8-c7217b7aeaca,talfirastide,Phase 2 Clinical,,,Biotest AG| Usc Llc,Infusion| Intravenous formulation| Natural product| Peptide| Small molecule| Subcutaneous formulation,Phase 2 Clinical,Amyotrophic lateral sclerosis| Coronavirus disease 19 infection| Diabetes mellitus| Dilated cardiomyopathy| Epidermolysis bullosa| Epidermolysis bullosa dystrophica| Ischemic stroke| Limb girdle muscular dystrophy| Marfan syndrome| Muscular dystrophy| Peripheral vascular disease| Respiratory distress syndrome| Stem cell transplantation| Stroke,Cancer| Cardiovascular| Dermatologic| Endocrine/Metabolic| Hematologic| Immune| Infection| Musculoskeletal| Neurology/Psychiatric| Respiratory| Toxicity/Intoxication,Angiotensin II ligand modulator,Angiotensin II ligand,US,CORTELLIS,2026-05-08T16:03:12.316Z,2026-05-08T16:03:12.316Z
205bd1e9-cd31-4758-9539-5ab9caf634e1,BWS-8,439b2f62-09f8-4da9-a571-3778f5e2504d,,Suspended,,,Argo Co Ltd,Infusion| Intravenous formulation| Oligonucleotide| RNA interference| Small molecule| small interfering RNA (siRNA),Preclinical| Suspended,Parkinson's disease| Parkinsons disease,Neurology/Psychiatric,Unidentified pharmacological activity| Unspecified gene modulator,Gene target,China,CORTELLIS| PHARMAPROJECTS,2026-05-08T16:03:12.273Z,2026-05-08T16:03:12.273Z
bea6d6a6-2795-49db-af92-250ad0308e07,PUR003,4dc2f643-1050-4825-a696-893a3e3c578c,,Preclinical,,,10763942 Canada Inc (d/b/a Purminds Neuropharma),Small molecule,Preclinical,Alzheimers disease| Huntington's disease| Parkinson's disease,Neurology/Psychiatric,Unclassified,,Canada,EVALUATE,2026-05-08T16:03:08.375Z,2026-05-08T16:03:08.375Z
025f7bd3-0086-41a8-bcb2-0835c8a292e9,QRL-201,26213fa9-0987-45a8-9aa6-030f49a4dfb8,,Phase 1 Clinical,,,Quiver Dental Inc| QurAlis Corp,"Antisense therapy| Intrathecal formulation| Nucleic acid, vector type| Oligonucleotide antisense| Small molecule",Phase 1 Clinical,Amyotrophic lateral sclerosis,Neurology/Psychiatric| Rare Diseases,Gene expression stimulant| Human stathmin (STMN) modulator| Stathmin 2 agonist| Stathmin-2 stimulator| TAR DNA binding protein 43 inhibitor,Stathmin-2| TAR DNA binding protein 43,US,EVALUATE| CORTELLIS| PHARMAPROJECTS,2026-05-08T16:03:08.777Z,2026-05-08T16:03:08.777Z
87f26965-e973-4be4-89f7-df259f633186,dipraglurant-ER,4ebe6c04-b4b5-4f4a-98d0-37e38bf1c312,Dipraglurant-IR| dipraglurant| dipraglurant-IR,Suspended,,,Addex Therapeutics Ltd| Sinntaxis AB,Capsule formulation| Oral formulation| Quick release formulation| Small molecule| Sustained release formulation| Synthetic small molecule| Tablet formulation,Phase 1 Clinical| Phase 2 Clinical| Preclinical| Suspended,"Alcoholism| Anxiety, unspecified| Blepharospasm| Depression| Dyskinesia, levodopa-induced| Fragile X syndrome| Gastroesophageal reflux| Generalised anxiety| Ischaemia, cerebral| Migraine prophylaxis| Movement disorder| Other neurological indications| Pain| Pain, acute| Parkinson's disease| Parkinsons disease| Stroke| Stroke prophylaxis, general| Tardive dyskinesia| Torticollis| Traumatic brain injury",Alimentary/Metabolic| Cardiovascular| Gastrointestinal| Musculoskeletal| Neurology/Psychiatric| Ocular| Rare Diseases| Sensory Organs,Glutamate 5 receptor antagonist| Metabotropic glutamate receptor 5 (MGLUR5) antagonist| Metabotropic glutamate receptor 5 agonist,Metabotropic glutamate receptor 5,Sweden| Switzerland,EVALUATE| CORTELLIS| PHARMAPROJECTS,2026-05-08T16:03:09.314Z,2026-05-08T16:03:09.314Z
5b9fcfc0-b6bd-46ec-8b2d-64050069df93,tisolagiline mesylate,60bcee8c-735c-4f44-9b28-a18032369248,Tisolagiline| tisolagiline,Phase 2 Clinical,,,"Neurobiogen Co Ltd| Scilex Bio| University of Science and Technology, Korea",Oral formulation| Small molecule| Synthetic small molecule| Tablet formulation,Phase 1 Clinical| Phase 2 Clinical| Preclinical,"Alzheimers disease| Cognitive disorder| Dementia| Depression| Ischaemia, cerebral| Multiple sclerosis| Non-insulin dependent diabetes| Obesity| Parkinson's disease| Parkinsons disease| Post traumatic stress disorder| Spinal cord injury| Stroke| Traumatic brain injury",Alimentary/Metabolic| Cardiovascular| Endocrine/Metabolic| Gastrointestinal| Immune| Neurology/Psychiatric| Other/Miscellaneous| Rare Diseases,GABA receptor agonist| Gamma-aminobutyric acid (GABA) receptor agonist| MAO B inhibitor| Monoamine oxidase B (MAOB) inhibitor| Monoamine oxidase B inhibitor,MAO B,South Korea| US,EVALUATE| CORTELLIS| PHARMAPROJECTS,2026-05-08T16:03:08.595Z,2026-05-08T16:03:08.595Z
c3edec89-36ca-4eb8-8ea1-b5710d272f6d,GIBH-130,3e33a171-f9e6-4725-801e-43c2b2d2b009,,Phase 1 Clinical,,,Guangzhou Institutes of Biomedicine and Health,Oral formulation| Small molecule| Tablet formulation,Phase 1 Clinical,Alzheimers disease,Neurology/Psychiatric,,,China,CORTELLIS,2026-05-08T16:03:11.934Z,2026-05-08T16:03:11.934Z
0431c8dd-a721-4e29-8641-33f657bfec98,Telomerase Research Program,df72778e-bb92-4635-83e0-5d0a76423dfa,,Preclinical,,,Ben-Gurion University,Small molecule,Preclinical,Amyotrophic lateral sclerosis,Unknown,Unclassified,,Israel,EVALUATE,2026-05-08T16:03:09.096Z,2026-05-08T16:03:09.096Z
5209ad23-360d-4eb9-ac5e-8a796e717f16,Statin Alzheimer's Disease Research Program,a7bb780b-a72f-4a94-861f-905cc91a7248,,Preclinical,,,Nymox Corp,Small molecule,Preclinical,Alzheimers disease,Neurology/Psychiatric,HMG-CoA reductase inhibitor,,Canada,EVALUATE,2026-05-08T16:03:09.413Z,2026-05-08T16:03:09.413Z
2d99583a-5505-42c3-a549-83025ce16e24,"ibudilast eye drops (ocular allergy), MSD Japan/Kyorin",3540c373-1aaa-4bfb-a192-4c0fc3810306,"Ketas| ibudilast| ibudilast (oral, neurodegenerative disease/substance dependence/COVID-19), MediciNova",Suspended,,,Handok| Kyorin USA Inc| MediciNova Inc| Merck & Co Inc| Senju Usa Inc,Capsule formulation| Exosomes| Immuno-oncology| Infusion| Intravenous formulation| Ophthalmic formulation| Oral sustained release formulation| Small molecule| Synthetic small molecule,Launched| Phase 1 Clinical| Phase 2 Clinical| Phase 3 Clinical| Preclinical| Suspended,"Acute lung injury| Addiction, methamfetamine| Addiction, narcotic/opiate| Alcoholism| Allergic conjunctivitis| Amphetamine dependence| Amyotrophic lateral sclerosis| Anxiety, unspecified| Asthma| Brain tumor| COVID-19 complications| COVID-19 treatment| Cerebral infarction| Chemotherapy-induced side effects| Complex regional pain syndrome| Coronavirus disease 19 infection| Cytokine release syndrome| Degenerative cervical myelopathy| Diabetic neuropathy| General inflammatory disorders| Glioblastoma| Globoid cell leukodystrophy| Krabbe's disease/Globoid cell leukodystrophy (GLD)| Melanoma| Multiple sclerosis| Multiple sclerosis, progressive, primary| Multiple sclerosis, progressive, secondary| Multiple sclerosis, relapsing-remitting| Neuropathic pain| Opiate dependence| Other musculoskeletal disorders| Other neurological indications| Pain, chronic| Peripheral neuropathy| Primary-Progressive MS (PPMS)| Radio/chemotherapy-induced peripheral neuropathy| Respiratory distress syndrome| Respiratory tract infection| Secondary-Progressive MS (SPMS)| Sepsis| Spinal cord disease| Stroke| Traumatic brain injury",Cancer| Cardiovascular| Endocrine/Metabolic| Hematologic| Immune| Infection| Neurology/Psychiatric| Ocular| Other/Miscellaneous| Rare Diseases| Respiratory| Sensory Organs| Toxicity/Intoxication,Cytokine receptor agonist| Interleukin-1 ligand| Leucotriene D4 antagonist| Leucotriene receptor antagonist| Leukotriene D4 (LTD4) receptor antagonist| Leukotriene D4 agonist| Macrophage migration inhibitory factor inhibitor| Nitric oxide synthase (NOS) inhibitor| PDE 10 inhibitor| PDE 4 inhibitor| Phosphodiesterase 1 inhibitor| Phosphodiesterase 10A inhibitor| Phosphodiesterase 3 inhibitor| Phosphodiesterase 4 inhibitor| Phosphodiesterase 4A (PDE4A) inhibitor| Phosphodiesterase 4B (PDE4B) inhibitor| Phosphodiesterase 4C (PDE4C) inhibitor| Platelet activating factor receptor agonist| Sodium/potassium/chloride cotransporter 1 inhibitor| TLR-4 antagonist| TNF agonist| Toll-like receptor 4 (TLR4) agonist| Toll-like receptor 4 agonist,Cysteinyl leukotriene receptor| Interleukin-1 ligand| Macrophage migration inhibitory factor| PDE 10| PDE 4| Platelet activating factor receptor| TLR-4| TNF gene,Japan| South Korea| US,EVALUATE| CORTELLIS| PHARMAPROJECTS,2026-05-08T16:03:08.654Z,2026-05-08T16:03:08.654Z
caa3ce5f-7cc9-4d0e-b6ff-6a2665dafce3,ApoE4 Research Program,b7171851-74b5-44c3-bc00-2762f7e8cb29,,Preclinical,,,Innovative California Biosciences International,Small molecule,Preclinical,Alzheimers disease,Neurology/Psychiatric,Apolipoprotein E (ApoE) 4 regulator,,US,EVALUATE,2026-05-08T16:03:09.315Z,2026-05-08T16:03:09.315Z
7af83f61-a53d-432f-b7c6-e07badc92172,pimicotinib,ff8a9929-765e-4db0-af28-367f6b5e33d2,,Launched,,,Abbisko Wuxi co Ltd| Merck KGaA| Sperogenix Therapeutics Ltd,Capsule formulation| Once daily formulation| Small molecule,Launched| Phase 1 Clinical| Phase 2 Clinical| Preclinical,"Advanced solid tumor| Amyotrophic lateral sclerosis| Cancer, solid, unspecified| General cancer indications| General liver disorders| Graft versus host disease| Lung tumor| Metastatic pancreas cancer| Non-small-cell lung cancer| Osteosarcoma| Pancreas tumor| Pancreatic cancer| Pancreatic ductal adenocarcinoma| Rare neurological disease| Solid tumour indications| Tenosynovial giant cell tumor| Triple-negative breast cancer",Cancer| Immune| Musculoskeletal| Neurology/Psychiatric| Rare Diseases,CSF-1 antagonist| CSF1-R tyrosine kinase inhibitor| Immuno-oncology therapy| Macrophage colony stimulating factor receptor 1 (CSF-1R) inhibitor,CSF-1,China| Germany,EVALUATE| CORTELLIS| PHARMAPROJECTS,2026-05-08T16:03:11.714Z,2026-05-08T16:03:11.714Z
fedc22ff-af25-4d02-98bf-c22227ad94c8,HMPL-523,7b108d35-8588-4198-93e7-57f4a0f23a91,sovleplenib acetate,Suspended,,,HUTCHMED Ltd,Plant| Small molecule,Launched| Phase 1 Clinical| Phase 2 Clinical| Phase 3 Clinical| Suspended,"Acute myelogenous leukemia| B-cell lymphoma| Cancer, haematological, unspecified| Cancer, lymphoma, unspecified| Cold agglutinin disease| General blood malignancies| Hemolytic anemia| Immune thrombocytopenic purpura| Leukaemia, acute myeloid (AML)| Lupus erythematosus, unspecified| Multiple sclerosis| Multiple sclerosis (MS) unspecified| Non-Hodgkin lymphoma| Rheumatoid arthritis| Small lymphocytic lymphoma| Solid tumour indications| Systemic lupus erythematosus| Thrombocytopaenic purpura, idiopathic (ITP)",Cancer| Hematologic| Immune| Neurology/Psychiatric| Rare Diseases,SYK gene inhibitor| Spleen tyrosine kinase (SYK) inhibitor,,Hong Kong,EVALUATE| PHARMAPROJECTS,2026-05-08T16:03:11.714Z,2026-05-08T16:03:11.714Z
93643af7-dfce-4c0f-8223-81810a6e3832,"levodopa prodrug (subcutaneous, Parkinson's disease), synAgile",01f5e6ac-a0f2-4c67-bf6c-b67a22bf2f6a,,Suspended,,,SynAgile Corp,<=24hr release| Fixed-dose combination| Oral formulation| Oral suspension formulation| Small molecule,Phase 2 Clinical| Suspended,Parkinson's disease| Parkinsons disease,Neurology/Psychiatric,Dopa decarboxylase modulator| Dopamine receptor agonist,Dopa decarboxylase| Dopamine receptor,US,CORTELLIS| PHARMAPROJECTS,2026-05-08T16:03:12.055Z,2026-05-08T16:03:12.055Z
b54a9df7-95e3-4e47-aed6-5f56fb0ea781,"reformulated/repurposed trimetazidine (liquid formulation, acute-on-chronic liver failure/PAH/dilated cardiomyopathy), Martin Pharmaceuticals",767b4b5e-7d5d-4adf-bff6-730285baf21c,Trimetazidine,Preclinical,,,Woolsey Pharmaceuticals,Small molecule,Preclinical,Amyotrophic lateral sclerosis,Neurology/Psychiatric,Unclassified,,US,EVALUATE| CORTELLIS| PHARMAPROJECTS,2026-05-08T16:03:09.155Z,2026-05-08T16:03:09.155Z
890efbfb-54e2-46cb-87bb-b546d2fb7689,MK-1468,7da144a6-ec18-4f28-80dd-dd5c22c08506,,Preclinical,,,Merck & Co Inc,Small molecule,Preclinical,Parkinson's disease,Neurology/Psychiatric,Leucine-rich repeat serine/threonine-protein kinase 2 inhibitor,,US,EVALUATE,2026-05-08T16:03:08.258Z,2026-05-08T16:03:08.258Z
5d5ff602-b026-451c-b5dd-b19d3bebe596,"ciprofloxacin + celecoxib (fixed-dose combination/oral, extended-release/ALS), NeuroSense Therapeutics",610f82d1-3ddd-477a-8083-e93a3f3970b0,"PrimeC| ciprofloxacin + celecoxib, NeuroSense Therapeutics",Phase 2 Clinical,,,NeuroSense AI Corp,Capsule formulation| Drug combination| Fixed-dose combination| Oral sustained release formulation| Small molecule| Synthetic small molecule| Tablet formulation,Phase 2 Clinical| Preclinical,Alzheimers disease| Amyotrophic lateral sclerosis| Parkinson's disease,Neurology/Psychiatric| Rare Diseases,Anti-receptor tyrosine kinase like orphan receptor 1 (ROR1) CAR-T cell therapy| Cyclo-oxygenase 2 (COX-2) inhibitor| Cyclooxygenase 2 modulator| Endoribonuclease DICER stimulator| Retinoic acid receptor (RAR)-related orphan receptor (ROR) antagonist,Cyclooxygenase 2| Endoribonuclease DICER,Israel,EVALUATE| CORTELLIS| PHARMAPROJECTS,2026-05-08T16:03:08.556Z,2026-05-08T16:03:08.556Z
5acf32b6-18ce-451d-b1c5-95e93dfd33b5,NRCT-101SR,fecb1914-e691-49f0-af48-ae8a10b880a5,,Phase 3 Clinical,,,Neurocentria Inc,Oral formulation| Small molecule| Sustained release formulation| Unidentified,Phase 3 Clinical,Alzheimers disease| Attention deficit disorder/hyperactivity (ADD/ADHD)| Attention deficit hyperactivity disorder| Cognitive disorder| Depression,Neurology/Psychiatric,Glutamate receptor modulator| N-methyl-D-aspartate (NMDA) receptor regulator| Unidentified pharmacological activity,Glutamate receptor,US,EVALUATE| CORTELLIS| PHARMAPROJECTS,2026-05-08T16:03:08.877Z,2026-05-08T16:03:08.877Z
328b392b-4209-4b38-b3c8-6249cfc82ec8,"DESYNA (degradation of extracellular α-SYNuclein aggregates) research project, Draupnir Bio",6d27f199-1190-4226-8776-3e591a65f1db,,Preclinical,,,Draupnir Bio ApS,Synthetic small molecule,Preclinical,Parkinson's disease,Neurology/Psychiatric,E3 ubiquitin ligase regulator| Protein degrader| Synuclein inhibitor,,Denmark,PHARMAPROJECTS,2026-05-08T16:03:11.713Z,2026-05-08T16:03:11.713Z
8064c3ad-9b83-44a3-bd16-089ce7f02680,PK-051,c81d4b1d-a9da-4a8e-89e5-cd2c76ed560d,,Suspended,,,PharmaKure Ltd,Capsule formulation| Fixed-dose combination| Oral formulation| Small molecule| Synthetic small molecule| Tablet formulation,Phase 2 Clinical| Suspended,Alzheimers disease| Cognitive disorder,Neurology/Psychiatric,Amyloid beta A4 binding protein inhibitor| Beta amyloid modulator,Amyloid beta A4 binding protein,UK,CORTELLIS| PHARMAPROJECTS,2026-05-08T16:03:12.273Z,2026-05-08T16:03:12.273Z
4f8c3e6e-867a-4ba1-969a-91cc9dfb4ca8,"Parkinson's disease therapeutics, Berg Pharma/AstraZeneca",0908fa84-bc89-4718-9b63-c244e20d4fb5,,Clinical,,,BERG LLC,Small molecule| Systemic formulation unspecified,Clinical,Parkinsons disease,Neurology/Psychiatric,,,US,CORTELLIS,2026-05-08T16:03:12.373Z,2026-05-08T16:03:12.373Z
8e832f5d-a3e9-4d8e-83d9-3f439aad0fb1,FHL-601,338d8daa-84a4-4b54-9ff6-7b93e0283251,,Suspended,,,Forest Hills Health Care Inc,Other reformulation| Small molecule| Synthetic small molecule,Preclinical| Suspended,Alzheimers disease| Parkinson's disease,Neurology/Psychiatric,C-C chemokine receptor type 5 (CCR5) antagonist| CC chemokine receptor 8 antagonist,,Hong Kong,EVALUATE| PHARMAPROJECTS,2026-05-08T16:03:08.375Z,2026-05-08T16:03:08.375Z
4c842013-9499-45e7-bb93-5cf4e0b1fb31,Alzheimer's Research Project,5560c3aa-0374-424d-8a67-318ade08f1a0,,Preclinical,,,FAR Research,Small molecule,Preclinical,Alzheimers disease,Neurology/Psychiatric,Tau aggregation inhibitor,,US,EVALUATE,2026-05-08T16:03:08.376Z,2026-05-08T16:03:08.376Z
f2e1ea37-850f-4d68-b4b3-91965f26404e,LW-1017,68ad3271-569f-4c7f-8527-0bf968f69eca,,Preclinical,,,Lysoway Therapeutics Inc,Small molecule| Synthetic small molecule| Tablet formulation,Preclinical,Alzheimers disease| Amyotrophic lateral sclerosis| Bipolar disorder| Frontotemporal dementia| Parkinson's disease| Parkinsons disease,Neurology/Psychiatric,Mucolipin 1 stimulator| Mucolipin transient receptor potential channel 1 (TRPML1) activator| TRPV agonist,Mucolipin 1,US,EVALUATE| CORTELLIS| PHARMAPROJECTS,2026-05-08T16:03:09.155Z,2026-05-08T16:03:09.155Z
ad476431-3f65-484d-ad2a-dbfba0de34bd,AR-1001,501fecfe-342a-4e0d-a20c-8025bb4fb426,AR1001| mirodenafil dihydrochloride,Suspended,,,Acino Pharma AG| AriBio Co Ltd| Fosun Foundation| Johnson & Johnson| Neuco Inc| SK Inc| Samjin Pharmaceutical Co Ltd,Film coating| Oral formulation| Small molecule| Synthetic small molecule| Tablet formulation,Launched| Phase 1 Clinical| Phase 2 Clinical| Phase 3 Clinical| Preclinical| Suspended,"Alzheimers disease| Amyotrophic lateral sclerosis| Dementia| Dementia, cerebrovascular| Erectile dysfunction| Hypertension| Ischaemia, cerebral| Lewy body dementia| Parkinson's disease| Post traumatic stress disorder| Renal failure| Stroke| Traumatic brain injury| Unidentified indication| Vascular dementia",Cardiovascular| Genitourinary/Sexual Function| Neurology/Psychiatric| Rare Diseases,PDE 5 inhibitor| Phosphodiesterase 4 (PDE4) inhibitor| Phosphodiesterase 4 inhibitor| Phosphodiesterase 5 (PDE5) inhibitor| Phosphodiesterase 5 inhibitor,PDE 5,China| Germany| Hong Kong| South Korea| Switzerland| US,EVALUATE| CORTELLIS| PHARMAPROJECTS,2026-05-08T16:03:08.374Z,2026-05-08T16:03:08.374Z
40f0bb99-f7de-4896-8b8e-f507ce5ad283,XJN2502,333e3c83-083c-4ec3-bb3b-478eecfd0464,XJN-2502,Phase 2 Clinical,,,Guangzhou Novaken Pharmaceutical Co Ltd,Reformulation| Small molecule,Phase 2 Clinical,Parkinson's disease,Neurology/Psychiatric,Unidentified pharmacological activity| Unknown,,China,EVALUATE| PHARMAPROJECTS,2026-05-08T16:03:08.554Z,2026-05-08T16:03:08.554Z
b62d5601-16a0-4026-8b6f-4803950175a9,Neurotherapeutics Research Project (RENE),fc739bae-ce34-4105-8512-49bf16cf227c,,Preclinical,,,"Renew, LLC",Small molecule,Preclinical,"Epilepsy| Huntington's disease| Other neurological indications| Pain| Pain, chronic| Parkinson's disease| Traumatic brain injury",Neurology/Psychiatric,Cannabinoid (CB) receptor regulator,,US,EVALUATE,2026-05-08T16:03:09.414Z,2026-05-08T16:03:09.414Z
af6c0735-e5c3-4b45-9de4-0f2cb89f5b8e,enrupatinib,c23cdcee-f14d-43e7-9344-f4d82e02b0b9,EI-1071,Suspended,,,4B Ventures LLC| Development Center for Biotechnology| Elixiron Immunotherapeutics Inc,Immuno-oncology| Small molecule| Tablet formulation,Phase 1 Clinical| Phase 2 Clinical| Suspended,"Alzheimers disease| Amyotrophic lateral sclerosis| Breast tumor| Cancer| Central nervous system disease| Colon tumor| Haemorrhage, cerebral| Idiopathic pulmonary fibrosis| Neuromyelitis optica| Osteosarcoma| Pancreas tumor| Solid tumour indications| Stroke| Tenosynovial giant cell tumor",Cancer| Hematologic| Musculoskeletal| Neurology/Psychiatric| Rare Diseases| Respiratory| Sensory Organs,CSF-1 antagonist| Colony stimulating factor 1 receptor (CSF1R) antagonist| Colony stimulating factor 1 receptor antagonist| Immuno-oncology therapy,CSF-1,China| Taiwan,EVALUATE| CORTELLIS| PHARMAPROJECTS,2026-05-08T16:03:08.257Z,2026-05-08T16:03:08.257Z
3aa718e4-bee8-4f70-92c7-3b7f2c891868,PBT-4,46a262b1-9636-4506-9cdf-1604e522d227,ATH-434| ATH434| PBT-434,Suspended,,,Alterity Therapeutics Ltd,CNS formulation| Small molecule| Synthetic small molecule| Tablet formulation,Phase 2 Clinical| Preclinical| Suspended,Friedreich ataxia| Multiple system atrophy| Other neurological indications| Parkinson's disease| Parkinsons disease| Progressive supranuclear palsy,Neurology/Psychiatric| Ocular| Rare Diseases,Alpha-synuclein accumulation inhibitor| Chelating agent| Synuclein accumulation inhibitor| Synuclein inhibitor| Tau aggregation inhibitor| Tau kinase inhibitor,Synuclein| Tau protein,Australia,EVALUATE| CORTELLIS| PHARMAPROJECTS,2026-05-08T16:03:09.415Z,2026-05-08T16:03:09.415Z
f07635eb-9c6e-44a2-8571-372cb0c0fa16,"MAR, Noah Pharmaceutical",a33dda22-dcbf-479a-a977-0ed096122160,,Preclinical,,,Noah Labs GmbH,Fixed-dose combination| Formulation other| Synthetic small molecule,Preclinical,Alzheimers disease,Neurology/Psychiatric,Unidentified pharmacological activity,,India,PHARMAPROJECTS,2026-05-08T16:03:11.613Z,2026-05-08T16:03:11.613Z
ef92048a-f512-4510-8898-4eae527ba119,"dextromethorphan hydrobromide + bupropion hydrochloride (depression/agitation/smoking cessation), Axsome Therapeutics",a497e203-a91a-40ac-ae72-d5d102ca4772,bupropion + dextromethorphan,Suspended,,,Antecip Bioventures II LLC| Axsome Therapeutics Inc,Controlled release formulation| Drug combination| Fixed-dose combination| Small molecule| Tablet formulation,Launched| Phase 2 Clinical| Phase 3 Clinical| Suspended,"Agitation| Agitation, Alzheimer's disease| Alzheimers disease| Depression| Depression, major depressive disorder| Major depressive disorder| Nicotine dependence| Pain, nociceptive, general| Smoking cessation",Neurology/Psychiatric| Toxicity/Intoxication,Adrenergic transmitter uptake inhibitor| Cytochrome P450 2D6 inhibitor| Dopamine reuptake inhibitor| Immunosuppressant| Interferon alpha antagonist| N-methyl-D-aspartate (NMDA) receptor antagonist| NMDA receptor agonist| Nicotinic acetylcholine receptor agonist| Norepinephrine reuptake stimulant| Norepinephrine/dopamine dual reuptake inhibitor| Opioid receptor mu agonist| Opioid receptor sigma agonist 1| Sigma receptor agonist,Cytochrome P450 2D6| NMDA receptor| Nicotinic acetylcholine receptor| Opioid receptor sigma 1,US,EVALUATE| CORTELLIS| PHARMAPROJECTS,2026-05-08T16:03:11.716Z,2026-05-08T16:03:11.716Z
c9319fdd-f1bf-4032-af83-0d88f24ed8a8,HJY-03,acb309a1-d024-41cb-be4d-88f844b8bad0,,Preclinical,,,Hygieia Inc,Infusion| Intravenous formulation| Small molecule| small interfering RNA (siRNA),Preclinical,Alzheimers disease,Neurology/Psychiatric,Unspecified gene modulator,Gene target,China,CORTELLIS,2026-05-08T16:03:12.216Z,2026-05-08T16:03:12.216Z
d5e8f321-abc6-4ee5-b04f-f0a2ea7a7cb8,talfirastide,4ae0fb42-4596-4918-beed-79295b4857c8,,Suspended,,,Biotest AG| Constant Systems| TarixCVM| Usc Llc,Peptide| Protein & peptide therapeutics| Synthetic peptide,Phase 2 Clinical| Preclinical| Suspended,"Acute Radiation Syndrome| Amyotrophic lateral sclerosis| Becker muscular dystrophy| Bone marrow transplantation| COVID-19 complications| COVID-19 treatment| Cancer, haematological, unspecified| Cardiomyopathy, unspecified| Dilated cardiomyopathy| Dystrophy, congenital muscular| Epidermolysis bullosa| General haematological indications| Graft versus host disease| Immunodeficiency, unspecified| Infection, coronavirus, novel coronavirus| Ischaemia, cerebral| Leukaemia, acute lymphocytic (ALL)| Limb girdle muscular dystrophy| Marfan syndrome| Mucositis| Muscular dystrophy| Myelodysplastic syndrome| Osteosarcoma| Peripheral vascular disease| Pneumonia| Poisoning, radiation| Pulmonary hypertension| Radio/chemotherapy-induced injury, bone marrow, thrombocytopaenia| Radiotherapy-induced side effects| Respiratory distress syndrome| Sarcoma| Stem cell engraftment| Stroke| Thrombocytopenia",Cancer| Cardiovascular| Dermatologic| Hematologic| Immune| Infection| Musculoskeletal| Other/Miscellaneous| Rare Diseases| Respiratory,G protein-coupled receptor (GPCR) agonist| MAS1-G protein-coupled receptor (GPCR) peptide agonist| Mas 1 receptor agonist,,US,EVALUATE| CORTELLIS| PHARMAPROJECTS,2026-05-08T16:03:12.376Z,2026-05-08T16:03:12.376Z
30362bc5-896a-4233-9a07-03c715973993,HER-096,3461e7cc-cecd-4948-91f1-24560a093437,,Suspended,,,Helsinki Ltd| Herantis Pharma Plc,Biological| CNS formulation| Drug implant| Infusion| Parenteral formulation unspecified| Peptidomimetic| Protein| Protein recombinant| Recombinant growth factor| Small molecule| Subcutaneous formulation,Phase 1 Clinical| Phase 2 Clinical| Suspended,Alzheimers disease| Amyotrophic lateral sclerosis| Lewy body dementia| Neurodegenerative disease| Neurological disease| Other neurological indications| Parkinson's disease| Parkinsons disease,Neurology/Psychiatric| Rare Diseases,Cerebral dopamine neurotrophic factor stimulator| Dopaminergic neuron stimulant| Neurotrophic factor (NGF) stimulant,Cerebral dopamine neurotrophic factor,Finland,EVALUATE| CORTELLIS| PHARMAPROJECTS,2026-05-08T16:03:08.594Z,2026-05-08T16:03:08.594Z
323fc72d-cb7f-4666-b7c2-af49c67a5640,tramiprosate,502714cf-e487-474f-b2a7-838537635208,ALZ-801| valiltramiprosate,Suspended,,,2930862 Canada Inc| Alzheon Inc| Bellus Medical LLC| GSK plc,CNS formulation| Capsule formulation| Oligosaccharide| Oral formulation| Oral quick release formulation| Prodrug| Small molecule| Synthetic small molecule| Tablet formulation,Phase 1 Clinical| Phase 2 Clinical| Phase 3 Clinical| Suspended,Alzheimers disease| Amyloidosis| Dementia| Down syndrome| Inclusion body myositis| Parkinson's disease| Traumatic brain injury,Musculoskeletal| Neurology/Psychiatric| Ocular,Amyloid beta A4 binding protein inhibitor| Amyloid precursor protein (APP) inhibitor| Amyloid precursor protein antagonist| Amyloid protein deposition inhibitor| Beta amyloid modulator| Beta amyloid precursor protein antagonist,Beta amyloid,Canada| UK| US,EVALUATE| CORTELLIS| PHARMAPROJECTS,2026-05-08T16:03:09.214Z,2026-05-08T16:03:09.214Z
29305b1b-0fee-4b07-bfc9-c55bf5936a64,zovaglutide,53eb5814-e469-4e96-aeae-8a19047a6582,Zovaglutide,Phase 3 Clinical,,,Ql Co Ltd,Biological| Once monthly formulation| Peptide| Small molecule| Subcutaneous formulation,Phase 2 Clinical| Phase 3 Clinical| Preclinical,Alzheimers disease| Metabolic dysfunction-associated steatohepatitis| Non-alcoholic steatohepatitis| Non-insulin dependent diabetes| Obesity,Alimentary/Metabolic| Endocrine/Metabolic| Gastrointestinal| Neurology/Psychiatric| Other/Miscellaneous,Glucagon-like peptide 1 (GLP-1) receptor agonist| Glucagon-like peptide 1 gene stimulator| Incretin mimetic,Glucagon-like peptide 1 gene,China,EVALUATE| CORTELLIS| PHARMAPROJECTS,2026-05-08T16:03:09.374Z,2026-05-08T16:03:09.374Z
1df2e380-b818-4409-8c75-12915882bc95,"alpha-synuclein degrader, Aprinoia Therapeutics",74641c23-73c1-45fd-9b99-957bac031c0b,,Preclinical,,,APRINOIA Therapeutics Inc,Synthetic small molecule,Preclinical,Lewy body dementia| Multiple system atrophy| Parkinson's disease,Neurology/Psychiatric| Rare Diseases,Protein degrader| Synuclein inhibitor,,Taiwan,PHARMAPROJECTS,2026-05-08T16:03:11.616Z,2026-05-08T16:03:11.616Z
556c84cf-bfa0-4697-b16d-a3fed088a5be,AC-25793,2c69128d-bcd7-410d-b824-4fdd70e98cd7,,Preclinical,,,AlzeCure Pharma AB,Small molecule,Preclinical,Alzheimers disease| Neurodegenerative disease,Neurology/Psychiatric,Brain derived neurotrophic factor ligand| Nerve growth factor ligand| TrkA receptor agonist| TrkB receptor agonist,Brain derived neurotrophic factor ligand| Nerve growth factor ligand| TrkA receptor| TrkB receptor,Sweden,CORTELLIS,2026-05-08T16:03:12.214Z,2026-05-08T16:03:12.214Z
f317acc4-8c7c-409a-9198-428d43b756de,MIB-626,707799d1-8c06-4183-844e-98292a09d4e0,,Suspended,,,Metro Pain,Small molecule| Tablet formulation,Phase 2 Clinical| Suspended,"Acute kidney injury| Alzheimers disease| COVID-19 treatment| Chronic kidney disease| Coronavirus disease 19 infection| Diabetic nephropathy| Friedreich ataxia| Infection, coronavirus, novel coronavirus| Lebers hereditary optic atrophy| Mitochondrial disease| Mitochondrial myopathy| Muscle disease| Musculoskeletal pain| Other musculoskeletal disorders| Pancreatitis| Renal failure| Renal injury",Endocrine/Metabolic| Gastrointestinal| Genitourinary/Sexual Function| Infection| Musculoskeletal| Neurology/Psychiatric| Rare Diseases,NAD synthase modulator| NLR family pyrin domain containing 3 (NLRP3) inflammasome inhibitor| NLR family pyrin domain containing 3 inhibitor,NAD synthase,US,EVALUATE| CORTELLIS| PHARMAPROJECTS,2026-05-08T16:03:09.414Z,2026-05-08T16:03:09.414Z
c7a1f937-00af-435b-b304-4916905f1e54,AMDX-2011P,85ae3610-8829-4f31-ace8-a4d4e6025109,,Phase 2 Clinical,,,Amydis Inc,Diagnostic method| Imaging agent| Intravenous formulation| Small molecule| Synthetic small molecule,Phase 2 Clinical,"Alzheimers disease| Amyotrophic lateral sclerosis| Cerebral amyloid angiopathy| Diagnosis, ocular| Open angle glaucoma| Parkinsons disease| Traumatic brain injury",Neurology/Psychiatric| Ocular| Other/Miscellaneous,Not applicable| Synuclein inhibitor| TAR DNA binding protein 43 modulator,Synuclein| TAR DNA binding protein 43,US,CORTELLIS| PHARMAPROJECTS,2026-05-08T16:03:11.994Z,2026-05-08T16:03:11.994Z
0bbdba0f-79a6-4a48-ab62-f4b455ee5f4e,LMI PI-2620,f573a558-909e-48f3-b92f-265e237ad9c4,,Phase 2 Clinical,,,DuChemBio Co Ltd,Small molecule,Phase 2 Clinical,Alzheimers disease| Progressive supranuclear palsy,Neurology/Psychiatric,Unclassified,,South Korea,EVALUATE,2026-05-08T16:03:08.877Z,2026-05-08T16:03:08.877Z
add1e172-9aa2-40de-acad-3c32c38da8d6,NS350,be21a6f0-62a3-4fc3-81c4-9ee58264da62,NS-350,Preclinical,,,Neuracle Science Co Ltd,Small molecule| Synthetic small molecule,Discovery| Preclinical,"Age-related macular degeneration (AMD), unspecified| Alzheimers disease| Amyotrophic lateral sclerosis| Hearing loss| Hearing loss/Deafness| Macular degeneration, age-related, unspecified| Spinal cord injury",Neurology/Psychiatric| Rare Diseases| Sensory Organs,FAM19A5/TAFA chemokine like family member 5 (TAFA5) inhibitor| Unidentified pharmacological activity,,South Korea,EVALUATE| PHARMAPROJECTS,2026-05-08T16:03:11.494Z,2026-05-08T16:03:11.494Z
838c727a-00bc-455b-9ec7-63e68f121a91,PSIL-001,a93005ac-9750-4318-aa47-d188af415afc,,Suspended,Active,Active,Psilera Inc,Small molecule| Synthetic small molecule| Systemic formulation unspecified,Preclinical| Suspended,"Alcoholism| Alzheimers disease| Cognitive disorder| Depression, major depressive disorder| Drug dependence| Mood disorder| Neurological disease",Neurology/Psychiatric| Toxicity/Intoxication,Unidentified pharmacological activity,,US,CORTELLIS| PHARMAPROJECTS| CRM,2026-05-08T16:03:11.895Z,2026-05-08T16:03:11.895Z
202618dd-00ed-4b03-8abe-d90893a20ae8,"pirfenidone (controlled release tablet), Overseas Pharmaceuticals",bc8caa0b-76e3-45f5-bcc6-9cb263a1dfb8,pirfenidone,Suspended,,,Marnac Inc| Shanghai Genomics Inc| Shionogi Ltd,Capsule formulation| Film coating| Inhalant formulation| Oral formulation| Powder formulation inhalant| Small molecule| Tablet formulation,Launched| Suspended,Cardiac failure| Dermatomyositis| Diabetic nephropathy| Idiopathic pulmonary fibrosis| Interstitial lung disease| Lung injury| Lung transplantation| Pneumoconiosis| Pneumonia| Rheumatoid arthritis| Scleroderma associated interstitial lung disease,Cancer| Cardiovascular| Genitourinary/Sexual Function| Hematologic| Immune| Infection| Inflammatory| Respiratory,FGF ligand| PDGF ligand| TGF beta ligand| p38 MAP kinase inhibitor,FGF ligand| PDGF gene| TGF gene| p38 MAP kinase,,CORTELLIS,2026-05-08T16:03:12.377Z,2026-05-08T16:03:12.377Z
6634aa44-6516-4ba2-bd09-f477523139d4,Tocovid Suprabio,f5eac3c3-ba78-4ab3-8771-142012f7b5c4,,Phase 2 Clinical,,,Hovid Berhad,Small molecule,Phase 2 Clinical,Alcoholic fatty liver disease| Non-alcoholic steatohepatitis| Other neurological indications| Parkinson's disease,Neurology/Psychiatric,Unclassified,,Malaysia,EVALUATE,2026-05-08T16:03:08.994Z,2026-05-08T16:03:08.994Z
901a018e-b19c-4cd9-92e2-57b19fe61d37,lasmotinib,3d0a6ae4-08c3-48b0-8d3c-178c171dd52a,,Suspended,,,Daegu-Gyeongbuk Medical Innovation Foundation| Pharos iBio Co Ltd,Oral formulation| Small molecule| Synthetic small molecule,Phase 1 Clinical| Preclinical| Suspended,"Acute myelogenous leukemia| Breast tumor| Fallopian tube tumor| General cancer indications| Leukaemia, acute myeloid (AML)| Metastatic ovary cancer| Multiple sclerosis| Ovarian cancer| Peritoneal tumor",Cancer| Neurology/Psychiatric| Rare Diseases,Checkpoint kinase 2 (Chk2) inhibitor| Checkpoint kinase 2 inhibitor| FLT3 gene inhibitor| FMS-like tyrosine kinase 3 (FLT3) agonist| Flt-3 antagonist,Flt3 tyrosine kinase,South Korea,EVALUATE| CORTELLIS| PHARMAPROJECTS,2026-05-08T16:03:09.696Z,2026-05-08T16:03:09.696Z
8b7a23a3-76e7-4f28-a892-392025499656,SANA,00ea9871-5f73-4447-978e-c845915d2f2a,MVD-1,Phase 1 Clinical,,,EOLO Pharma SA,Oral formulation| Small molecule| Synthetic small molecule,Phase 1 Clinical| Preclinical,"Alimentary/metabolic disease, unspecified| Alzheimers disease| Amyotrophic lateral sclerosis| Autoimmune disease| General inflammatory disorders| Hypertension| Metabolic disorder| Metabolic dysfunction-associated steatohepatitis| Non-insulin dependent diabetes| Obesity| Steatohepatitis",Alimentary/Metabolic| Cardiovascular| Endocrine/Metabolic| Gastrointestinal| Immune| Neurology/Psychiatric| Other/Miscellaneous| Rare Diseases,Unclassified| Unidentified pharmacological activity,,Argentina| US,EVALUATE| CORTELLIS| PHARMAPROJECTS,2026-05-08T16:03:11.674Z,2026-05-08T16:03:11.674Z
32141eea-0997-4cf3-8abe-afa8e0b71d96,renzapride,6dfec0e3-7e09-49e0-94b1-05a9524b0745,,Suspended,,,Alizyme plc| SmithKline Beecham plc,Capsule formulation| Oral controlled release formulation| Oral formulation| Small molecule| Synthetic small molecule,Phase 1 Clinical| Suspended,"Cystic fibrosis| Gastrointestinal disease| Gastroparesis| Irritable bowel syndrome, constipation-predominant (IBS-C)| Parkinson's disease| Parkinsons disease| Scleroderma",Alimentary/Metabolic| Gastrointestinal| Immune| Neurology/Psychiatric| Rare Diseases| Respiratory,5 Hydroxytryptamine 3 receptor antagonist| 5 Hydroxytryptamine 4 receptor agonist| 5-HT 3 receptor agonist| 5-HT 4 receptor agonist,5-HT 3 receptor| 5-HT 4 receptor,UK,CORTELLIS| PHARMAPROJECTS,2026-05-08T16:03:11.897Z,2026-05-08T16:03:11.897Z
1cbfc246-bcb7-4905-8758-e3e3b01be504,DDN-A-0104,1c043710-7b74-4afe-9a32-07648fff15fc,,Preclinical,,,Dadang & BIO,Small molecule,Preclinical,Alzheimers disease,Neurology/Psychiatric,Unclassified,,South Korea,EVALUATE,2026-05-08T16:03:09.416Z,2026-05-08T16:03:09.416Z
d409d4d9-1e3d-4577-87c6-a7391af4f2e1,CKD-504,60163c98-985c-4eb9-8bed-80295e00a16b,,Suspended,,,Chong Kun Dang Holdings Corp,Oral formulation| Small molecule| Synthetic small molecule,Phase 1 Clinical| Suspended,Alzheimers disease| Huntington's disease| Huntingtons chorea,Neurology/Psychiatric| Rare Diseases,Histone deacetylase 6 (HDAC6) inhibitor| Histone deacetylase 6 inhibitor| Histone deacetylase inhibitor| Histone deacetylase-6 inhibitor,Histone deacetylase-6,South Korea,EVALUATE| CORTELLIS| PHARMAPROJECTS,2026-05-08T16:03:12.155Z,2026-05-08T16:03:12.155Z
922c987c-5b60-4172-ac2c-a8799fdc1d26,BSC-3301,e78976cd-ee4f-4f11-ae41-ff2a227fa55e,,Preclinical,Active,Active,Bisichem Co Ltd,Small molecule| Synthetic small molecule,Preclinical,Alzheimers disease| Amyotrophic lateral sclerosis| Multiple sclerosis| Parkinson's disease,Neurology/Psychiatric| Rare Diseases,Receptor interacting protein 1 (RIP1) kinase inhibitor| Receptor-interacting serine/threonine kinase 1 inhibitor| Serine/threonine-protein kinase inhibitor,,South Korea,EVALUATE| PHARMAPROJECTS| CRM,2026-05-08T16:03:08.374Z,2026-05-08T16:03:08.374Z
dcc658e4-5406-4182-9430-13e14ecca7d3,CogniC,9e9c8bc4-94ee-4646-9677-028041ccfc20,,Preclinical,,,NeuroSense AI Corp,Drug combination| Small molecule| Synthetic small molecule,Preclinical,Alzheimers disease,Neurology/Psychiatric,Cyclooxygenase 2 modulator| Endoribonuclease DICER stimulator,Cyclooxygenase 2| Endoribonuclease DICER,Israel,CORTELLIS| PHARMAPROJECTS,2026-05-08T16:03:11.555Z,2026-05-08T16:03:11.555Z
699e67ae-22a7-46d2-87e2-678d445051c5,AVN-211,c2c6ae43-0443-4b11-8b7e-e86742b411a6,,Suspended,,,Alla Chem LLC| AllaChem,Oral formulation| Small molecule| Synthetic small molecule,Phase 3 Clinical| Suspended,Alzheimers disease| Obesity| Schizophrenia,Alimentary/Metabolic| Neurology/Psychiatric| Other/Miscellaneous,5 Hydroxytryptamine 6 receptor antagonist| 5-HT 6 receptor antagonist,5-HT 6 receptor,US,CORTELLIS| PHARMAPROJECTS,2026-05-08T16:03:12.054Z,2026-05-08T16:03:12.054Z
68d54be9-3688-4587-a4c6-a85e29469b48,Neurological Disease Project,68081189-eb7e-4e55-a0d1-22320e9fc176,,Preclinical,,,Neuro Vigor LLC| Purdue Pharma LP,Small molecule,Preclinical,Multiple sclerosis (MS) unspecified| Neuropathic pain| Parkinson's disease,Neurology/Psychiatric,Unknown,,US,EVALUATE,2026-05-08T16:03:08.537Z,2026-05-08T16:03:08.537Z
94a6be6b-3537-4c2e-903c-a649aced8b75,"fenretinide (pulmonary Pseudomonas aeruginosa infections in cystic fibrosis/COVID-19), McGill University/Laurent Pharmaceuticals",dca7f5c9-11f4-4c54-9cf5-a6d44d63cbf8,Spinal Cord Injury Research Program (MCGLUT),Phase 3 Clinical,,,Cystic Fibrosis Trust| McGill University| St Laurent Institute,Antibiotic| Capsule formulation| Oral formulation| Semisynthetic small molecule| Small molecule| Synthetic small molecule,Phase 2 Clinical| Phase 3 Clinical| Preclinical,"Amyotrophic lateral sclerosis| COVID-19 complications| COVID-19 treatment| Coronavirus disease 19 infection| Cystic fibrosis| Idiopathic pulmonary fibrosis| Infection, coronavirus, novel coronavirus| Inflammatory disease| Post-COVID syndrome| Respiratory distress syndrome| Spinal cord injury",Infection| Inflammatory| Neurology/Psychiatric| Other/Miscellaneous| Rare Diseases| Respiratory,Apoptosis stimulant| Retinoic acid receptor (RAR) agonist| Retinoic acid receptor agonist| Unclassified,,Canada| US,EVALUATE| CORTELLIS| PHARMAPROJECTS,2026-05-08T16:03:08.876Z,2026-05-08T16:03:08.876Z
ffcb7b71-90ea-4409-bbd9-db6326d81fc1,CT-02,dc27e173-b57d-46e3-88ae-6f8a89e84983,,Preclinical,,,Captor Therapeutics Inc,Molecular glue degrader| Oral formulation| Small molecule,Preclinical,"Acute myelogenous leukemia| Autoimmune disease| General blood malignancies| Gout| Hematological neoplasm| Hyperuricaemia/Gout| Inflammatory bowel disease| Leukaemia, acute myeloid (AML)| Metabolic dysfunction-associated steatohepatitis| Myelodysplastic syndrome| Non-alcoholic steatohepatitis| Parkinson's disease| Systemic lupus erythematosus",Cancer| Gastrointestinal| Immune| Inflammatory,Nek-7 protein kinase inhibitor| Protein cereblon modulator| Protein degrader| Toll-like receptor 2 (TLR2) agonist| Toll-like receptor 4 (TLR4) agonist| Ubiquitin ligase inhibitor| Ubiquitin specific protease (USP) regulator| Virus replication inhibitor,Nek-7 protein kinase| Protein cereblon| Ubiquitin ligase,Poland,EVALUATE| CORTELLIS,2026-05-08T16:03:09.254Z,2026-05-08T16:03:09.254Z
f13e65d4-a956-4266-ac7d-167bd8c03822,AKST-4290,df40bff8-a8d7-4798-815b-b7279748d53e,,Suspended,,,Alkahest Inc| Boehringer Ingelheim KG,Film coating| Oral formulation| Small molecule| Tablet formulation,Phase 2 Clinical| Suspended,Alzheimers disease| Diabetic retinopathy| Inflammatory disease| Macular degeneration| Non-proliferative diabetic retinopathy| Parkinson's disease| Parkinsons disease| Pemphigoid| Wet age related macular degeneration,Dermatologic| Inflammatory| Neurology/Psychiatric| Ocular| Rare Diseases| Sensory Organs,CC chemokine receptor 8 antagonist| CCR3 chemokine antagonist| Eotaxin ligand inhibitor,CCR3 chemokine| Eotaxin ligand,Germany| US,CORTELLIS| PHARMAPROJECTS,2026-05-08T16:03:12.215Z,2026-05-08T16:03:12.215Z
569b34bf-b2f8-4f0b-9229-558e55b09961,CN-128,d870e1e4-2af0-413f-873f-349bae6c288e,CN128,Suspended,,,Hangzhou Zede Pharmaceutical Technology Co Ltd| Zede Pharma-Tech,Oral formulation| Small molecule| Synthetic small molecule| Tablet formulation,Phase 2 Clinical| Suspended,Aplastic anemia| Influenza virus infection| Myelodysplastic syndrome| Parkinson's disease| Thalassemia,Cancer| Hematologic| Infection| Neurology/Psychiatric| Rare Diseases,Chelating agent| Iron chelator,,China,EVALUATE| CORTELLIS| PHARMAPROJECTS,2026-05-08T16:03:09.034Z,2026-05-08T16:03:09.034Z
813e82f0-3aeb-4e0b-8dba-8abceabfdb2e,WTX-607,612d6eee-7b7f-470d-9513-bb3dca2fcc9e,,Phase 1 Clinical,,,WaveBreak Inc,Oral formulation| Small molecule| Synthetic small molecule,Phase 1 Clinical| Preclinical,Lewy body dementia| Parkinson's disease| Parkinsons disease,Neurology/Psychiatric,Synuclein accumulation inhibitor| Synuclein inhibitor,Synuclein,UK| US,EVALUATE| CORTELLIS| PHARMAPROJECTS,2026-05-08T16:03:09.216Z,2026-05-08T16:03:09.216Z
aaad4aba-01cd-47f1-b7a7-c6f6c3fb48b0,4B08-05,e3c1fdd2-f4ed-47ae-93bb-f7335c33f0bf,,Preclinical,,,4B Ventures LLC,Small molecule| Synthetic small molecule,Discovery| Preclinical,Alzheimers disease,Neurology/Psychiatric,Unidentified pharmacological activity| Unknown,,China,EVALUATE| PHARMAPROJECTS,2026-05-08T16:03:09.697Z,2026-05-08T16:03:09.697Z
04589112-b3d5-40b6-a439-5adbf58269c8,"Parkin activators, Vincere Biosciences",399faa79-328d-433e-a48e-1451d15ea098,,Preclinical,,,Vincere Health Inc,Synthetic small molecule,Preclinical,Parkinson's disease,Neurology/Psychiatric,,,US,PHARMAPROJECTS,2026-05-08T16:03:09.796Z,2026-05-08T16:03:09.796Z
c91b7290-b348-48cb-8174-c802f8f88c8e,SPG-101,f96209a1-992c-43e3-adc3-f2b2fc9be44c,,Preclinical,,,Spinogenix Inc,Small molecule| Systemic formulation unspecified,Preclinical,Alzheimers disease| Neurodegenerative disease,Neurology/Psychiatric,Synuclein inhibitor,Synuclein,US,CORTELLIS,2026-05-08T16:03:11.935Z,2026-05-08T16:03:11.935Z
fa70a873-82ce-4cc5-a051-93e630cad59b,Arvinas Tau Degrader Research Project,990e9a04-6cd1-4b0a-8b2f-2fd924f3e3fe,"tau degrader, Arvinas",Preclinical,,,Arvinas Inc,Small molecule| Synthetic small molecule,Preclinical,Alzheimers disease| Frontotemporal dementia| Progressive supranuclear palsy,Neurology/Psychiatric| Rare Diseases,E3 ubiquitin ligase regulator| Protein degrader| Tau aggregation inhibitor,,US,EVALUATE| PHARMAPROJECTS,2026-05-08T16:03:09.216Z,2026-05-08T16:03:09.216Z
522936a4-e084-4fbc-9a31-e2f57f359145,BL-1060,f948eeb4-fc43-4dd5-9906-87e5962a365e,aramchol meglumine,Suspended,,,Galmed GmbH| MyBiotics Pharma Ltd.| Samil SpA| Virginia Commonwealth University,Companion diagnostic| Oral formulation| Small molecule| Steroid| Synthetic small molecule| Tablet formulation,Phase 1 Clinical| Phase 2 Clinical| Phase 3 Clinical| Preclinical| Suspended,"Alcoholic fatty liver disease| Atherosclerosis| Cancer| Cancer, gastrointestinal, unspecified| Cardiac failure| Cholelithiasis| Cholelithiasis/Gallstones| Colorectal tumor| Dermatological disease| Diagnosis, hepatic| Gastrointestinal tumor| General cancer indications| General respiratory disorders| Hepatocellular carcinoma| Hepatoma, liver cancer| Idiopathic pulmonary fibrosis| Inflammatory bowel disease| Lipodystrophy| Liver fibrosis| Liver tumor| Metabolic dysfunction-associated steatohepatitis| Metabolic dysfunction-associated steatotic liver disease| Metastatic colorectal cancer| Metastatic gastrointestinal cancer| Metastatic liver cancer| Non-alcoholic steatohepatitis| Non-insulin dependent diabetes| Parkinson's disease| Primary sclerosing cholangitis| Renal disease| Ulcerative colitis",Alimentary/Metabolic| Cancer| Cardiovascular| Dermatologic| Endocrine/Metabolic| Gastrointestinal| Genitourinary/Sexual Function| Immune| Neurology/Psychiatric| Rare Diseases| Respiratory,ABCA1 transporter stimulant| ATP-binding cassette transporter (ABC) stimulant| Acyl CoA desaturase-1 inhibitor| Cholesterol 7 alpha hydroxylase stimulant| Not applicable| Oxidoreductase inhibitor| Stearoyl CoA desaturase-1 inhibitor| Stearoyl-CoA desaturase 1 (SCD1) inhibitor| Stearoyl-CoA desaturase 1 (SCD1) regulator,Stearoyl CoA desaturase-1,Israel| South Korea| US,EVALUATE| CORTELLIS| PHARMAPROJECTS,2026-05-08T16:03:11.495Z,2026-05-08T16:03:11.495Z
89ff3357-9c51-4ad4-94b7-5bc82777cbbd,SER-252,f58f5018-09c9-4a63-9e2d-14e8353bb5ed,"POZ-apomorphine, Serina Therapeutics",Phase 1 Clinical,,,Serina Therapeutics Inc| Undisclosed Partner Sales,Injectable controlled release formulation| Reformulation| Small molecule| Subcutaneous formulation| Sustained release formulation,Phase 1 Clinical| Preclinical,Parkinson's disease| Parkinsons disease,Neurology/Psychiatric,Dopamine receptor agonist| Dopamine receptor potentiator,Dopamine D2 receptor,US,EVALUATE| CORTELLIS| PHARMAPROJECTS,2026-05-08T16:03:08.716Z,2026-05-08T16:03:08.716Z
7666a25c-6c73-41dd-8c16-98102c74b398,AQU-118,65343098-08f5-445b-854e-3335089f0a83,,Phase 1 Clinical,,,Aquilus Pharmaceuticals Inc,Small molecule| Systemic formulation unspecified,Phase 1 Clinical| Preclinical,Amyotrophic lateral sclerosis| Neuropathic pain,Musculoskeletal| Neurology/Psychiatric,Matrix metalloproteinase-2 (MMP2) inhibitor| Matrix metalloproteinase-9 (MMP9) inhibitor| Metalloprotease-2 inhibitor| Metalloprotease-9 inhibitor,Metalloprotease-2| Metalloprotease-9,US,EVALUATE| CORTELLIS,2026-05-08T16:03:09.154Z,2026-05-08T16:03:09.154Z
beac148a-6567-402b-a8e1-cc96719f18d0,"ARC-100 (oral, cancer), Archer Biosciences",df6b4d8a-91f7-4c37-8c5e-05dac0c6c300,"ARC-100| ARC-100 (iv, cancer/neurological disease/neurodegenerative disease), Cortice Biosciences| TPI 287",Suspended,,,CNS Co| Cortice Biosciences Inc| Tapestry,Infusion| Intravenous formulation| Oral formulation| Small molecule| Synthetic small molecule,Discovery| Phase 2 Clinical| Suspended,"Alzheimers disease| Brain tumor| Breast tumor| Cancer, lymphoma, Hodgkin's| Cancer, melanoma| Cancer, neuroblastoma| Corticobasal degeneration| General cancer indications| Glioblastoma| Hodgkins disease| Medulloblastoma| Melanoma| Metastatic brain cancer| Metastatic breast cancer| Neuroblastoma| Neurodegenerative disease| Neuroendocrine tumour| Non-Hodgkin lymphoma| Non-small-cell lung cancer| Other neurological indications| Ovarian cancer| Pancreas tumor| Pancreatic cancer| Progressive supranuclear palsy| Prostate cancer| Solid tumor| Solid tumour indications| Spinocerebellar ataxia| Thyroid cancer",Cancer| Neurology/Psychiatric| Rare Diseases,Cytoskeletal protein modulator| Microtubule inhibitor| Taxane| Tubulin Inhibitor| Tubulin beta chain inhibitor| Tubulin polymerisation inhibitor| Tubulin polymerization protein modulator,Tubulin,US,EVALUATE| CORTELLIS| PHARMAPROJECTS,2026-05-08T16:03:09.317Z,2026-05-08T16:03:09.317Z
c4ffa91f-149b-4841-afda-97561fff6883,"TML-6, Merry Life",fbbd4882-9a40-44fa-b4db-35d8f72fec71,TML-6,Phase 1 Clinical,,,Merry Plus Corp,Oral formulation| Small molecule| Synthetic small molecule,Phase 1 Clinical,Alzheimers disease| Parkinsons disease,Neurology/Psychiatric,Apolipoprotein E agonist| Beta amyloid modulator| Nuclear erythroid 2-related factor 2 modulator| Nuclear factor kappa B modulator| Synuclein inhibitor| Unidentified pharmacological activity| Unknown,Apolipoprotein E| Beta amyloid| Nuclear erythroid 2-related factor 2| Nuclear factor kappa B| Synuclein,Taiwan,EVALUATE| CORTELLIS| PHARMAPROJECTS,2026-05-08T16:03:09.317Z,2026-05-08T16:03:09.317Z
291d77d0-72c8-4d3e-8bff-1969b50ba116,N403,7f532b20-fcc0-4562-b9da-5d00cba1d92c,AS-403,Preclinical,,,Amyloid Solution Inc,Gene therapy| Small molecule| Synthetic small molecule,Discovery| Preclinical,Alzheimers disease,Neurology/Psychiatric,Unidentified pharmacological activity| Unknown,,South Korea,EVALUATE| PHARMAPROJECTS,2026-05-08T16:03:09.795Z,2026-05-08T16:03:09.795Z
abdb0aab-a9d0-4a66-86f0-3250bf8795a7,"Alzheimers Disease Research project, Lunai Bioworks",5c4f747b-4a9d-41f5-8981-82a785f962c6,,Preclinical,,,Lunai Bioworks Inc,Small molecule,Preclinical,Alzheimers disease,Neurology/Psychiatric,Unidentified pharmacological activity,,US,PHARMAPROJECTS,2026-05-08T16:03:11.713Z,2026-05-08T16:03:11.713Z
54d07dfb-e516-473d-a851-74f12d70b1f3,[11C]anle-253b,ea465920-f04a-4d85-924a-3622be3cce19,,Preclinical,,,MODAG GmbH,Radiolabeling| Small molecule| Systemic formulation unspecified,Preclinical,Multiple system atrophy| Parkinsons disease,Neurology/Psychiatric,Synuclein inhibitor,Synuclein,Germany,CORTELLIS,2026-05-08T16:03:12.276Z,2026-05-08T16:03:12.276Z
436ded4e-325a-4184-8736-3116893523d5,NTRX-07,a95a7869-46e0-4433-85b8-9cda07c786fe,,Suspended,,,NeuroTherapia Inc,Oral formulation| Small molecule| Synthetic small molecule,Phase 2 Clinical| Suspended,Alzheimers disease| Amyotrophic lateral sclerosis| Cancer pain| Cognitive disorder| Multiple sclerosis| Neuropathic pain,Immune| Neurology/Psychiatric,Cannabinoid (CB) receptor type 2 (CB2) agonist| Cannabinoid CB2 receptor agonist,Cannabinoid CB2 receptor,US,EVALUATE| CORTELLIS| PHARMAPROJECTS,2026-05-08T16:03:08.375Z,2026-05-08T16:03:08.375Z
11aa8368-8067-43ac-88b7-c06ae8e94ea3,NRCT-202XR,20bd62d5-c3e5-4dec-b2b1-6087a2347b06,,Phase 2 Clinical,,,Neurocentria Inc,Small molecule| Systemic formulation unspecified,Phase 2 Clinical,Alzheimers disease| Attention deficit disorder/hyperactivity (ADD/ADHD)| Attention deficit hyperactivity disorder,Neurology/Psychiatric,Unclassified| Unidentified pharmacological activity,,US,EVALUATE| CORTELLIS| PHARMAPROJECTS,2026-05-08T16:03:08.935Z,2026-05-08T16:03:08.935Z
910bfeae-1da7-4285-8381-a8bb58dcc62b,LTX-007,71a30494-eedb-467e-ad60-814a4cdf9658,,Preclinical,,,Leal Health Inc,Small molecule| Systemic formulation unspecified,Preclinical,Alzheimers disease| Amyotrophic lateral sclerosis| Lipid metabolism disorder| Obesity,Endocrine/Metabolic| Neurology/Psychiatric| Other/Miscellaneous,Serine C-palmitoyltransferase inhibitor,Serine C-palmitoyltransferase,US,CORTELLIS,2026-05-08T16:03:12.216Z,2026-05-08T16:03:12.216Z
47b5a981-80bb-4faa-9aa2-5d540c72fb29,PQ-1565,a1716bb3-e2bd-4ad3-979e-f640efa00d9c,Varoglutamstat| varoglutamstat,Suspended,,,Crossbeta Biosciences BV| Evotec (UK) Ltd| Nordic Bioscience| Novartis AG| Simcere Shanghai| Vivoryon Therapeutics NV,Film coating| Oral formulation| Small molecule| Synthetic small molecule| Tablet formulation,Phase 2 Clinical| Preclinical| Suspended,Alport syndrome| Alzheimers disease| Arthritis| Cancer| Cognitive disorder| Diabetic nephropathy| Fabry disease| Fibrosis| General cancer indications| General cardiovascular indications| General inflammatory disorders| Huntington's disease| Hypertension| Inflammatory disease,Alimentary/Metabolic| Cancer| Cardiovascular| Endocrine/Metabolic| Gastrointestinal| Genitourinary/Sexual Function| Inflammatory| Musculoskeletal| Neurology/Psychiatric| Rare Diseases,Amyloid protein deposition inhibitor| Glutaminyl cyclase inhibitor| Glutaminyl cyclotransferase like protein inhibitor| Glutaminyl peptide cyclotransferase inhibitor,Beta amyloid| Glutamine cyclotransferase like protein| Glutaminyl peptide cyclotransferase,China| Denmark| Germany| Netherlands| Switzerland,EVALUATE| CORTELLIS| PHARMAPROJECTS,2026-05-08T16:03:08.435Z,2026-05-08T16:03:08.435Z
41f4ca09-4391-4ad0-aecf-32006da2fa42,NB-4746,1ba45350-dec5-45f0-b614-ea28b0a032f0,,Phase 1 Clinical,Inactive,Active,NURA,Capsule formulation| Small molecule| Synthetic small molecule,Phase 1 Clinical,Amyotrophic lateral sclerosis| Central nervous system disease| Multiple sclerosis| Multiple sclerosis (MS) unspecified| Nervous system injury| Neurological disease| Optic nerve disorder| Peripheral neuropathy| Traumatic brain injury,Immune| Neurology/Psychiatric| Rare Diseases,Glial cell therapy| Hydrolase modulator| Selective androgen receptor modulator| Selective androgen receptor modulator 1 (SARM1) inhibitor| Sterile alpha TIR motif protein 1 inhibitor| Sterile alpha and TIR motif containing protein 1 inhibitor,Sterile alpha TIR motif protein 1,US,EVALUATE| CORTELLIS| PHARMAPROJECTS| CRM,2026-05-08T16:03:08.553Z,2026-05-08T16:03:08.553Z
55634411-3903-4b48-b3b0-bfb70d161ee8,GT-04686,c869e7c0-85b3-450a-95e3-58cd42a1f0d5,,Preclinical,,,Gain Medical Co Ltd,Oral formulation| Small molecule| Synthetic small molecule,Preclinical,Neurological disease| Other neurological indications| Parkinson's disease| Parkinsons disease,Neurology/Psychiatric,Glucocerebrosidase (GCase) regulator| Glucocerebrosidase (GCase) stimulant| Glucosylceramidase beta (GBA) stimulant| Glucosylceramidase modulator,Glucosylceramidase,US,EVALUATE| CORTELLIS| PHARMAPROJECTS,2026-05-08T16:03:08.714Z,2026-05-08T16:03:08.714Z
d4949b80-9840-48ca-90e6-fcf60ae56aae,BEY-2153,6af798b2-2fb1-4ad6-b723-bd9ee08ec41d,BEY2153,Phase 1 Clinical,,,Beyondbio Inc,Capsule formulation| Oral formulation| Small molecule| Synthetic small molecule,Phase 1 Clinical,Alzheimers disease,Neurology/Psychiatric,Amyloid precursor protein (APP) inhibitor| Amyloid protein deposition inhibitor| Beta amyloid modulator| Beta amyloid synthesis inhibitor| Tau aggregation inhibitor| Tau kinase inhibitor,Beta amyloid| Tau protein,South Korea,EVALUATE| CORTELLIS| PHARMAPROJECTS,2026-05-08T16:03:08.714Z,2026-05-08T16:03:08.714Z
20104006-45ec-4d0b-b3b2-6c930136e98a,Neurology Research Project (VANBI),4cdb210b-230d-421a-b0b0-b32978c102d5,"small molecule, complement pathway therapy, Vanqua Bio",Suspended,,,Vanqua Bio Inc,Small molecule| Synthetic small molecule,Discovery| Preclinical| Suspended,Alzheimers disease| Huntington's disease| Multiple sclerosis| Multiple sclerosis (MS) unspecified| Parkinson's disease| Peripheral neuropathy,Neurology/Psychiatric| Rare Diseases,Alternative complement pathway regulator| C5a inhibitor,,US,EVALUATE| PHARMAPROJECTS,2026-05-08T16:03:08.936Z,2026-05-08T16:03:08.936Z
c3541fc0-f998-485a-880f-d7bd5406bcc2,CST-2032,9f472f39-91e1-44c7-a618-b826623d547d,,Phase 2 Clinical,,,CuraSen Therapeutics Inc| Stanford Medicine,CNS formulation| Infusion| Intravenous formulation| Oral formulation| Small molecule| Synthetic small molecule| Tablet formulation,Phase 2 Clinical,"Alzheimers disease| Cognitive disorder| Dementia| Dementia, Parkinson's disease| Dementia, cerebrovascular| Parkinson's disease| Parkinsons disease",Neurology/Psychiatric,Adrenergic receptor agonist| Beta 2 adrenoceptor agonist| Beta 2 adrenoreceptor agonist,Adrenergic receptor| Beta 2 adrenoceptor,US,EVALUATE| CORTELLIS| PHARMAPROJECTS,2026-05-08T16:03:09.753Z,2026-05-08T16:03:09.753Z
80f034ae-84c5-45ac-9018-67bef9ab031a,"nalbuphine (oral extended release tablet, uremic pruritus/prurigo nodularis), Trevi Therapeutics",513ecac3-aa7f-4285-beca-055f46fb311a,Haduvio,Suspended,,,Endo LP| Keenova Therapeutics plc| Trevi NV| Undisclosed Partner Sales,Modified-release| Oral formulation| Reformulation| Small molecule| Sustained release formulation| Synthetic small molecule| Tablet formulation,Phase 1 Clinical| Phase 2 Clinical| Phase 3 Clinical| Suspended,"Atopic dermatitis| Cough| Cough/Common cold| Dyskinesia, levodopa-induced| Eczema/Dermatitis| Idiopathic pulmonary fibrosis| Interstitial lung disease| Liver disease| Movement disorder| Opiate dependence| Other dermatoses| Pain, nociceptive, general| Parkinson's disease| Prurigo nodularis| Pruritus",Dermatologic| Gastrointestinal| Neurology/Psychiatric| Rare Diseases| Respiratory| Toxicity/Intoxication,Opioid receptor kappa agonist| Opioid receptor mu agonist,Opioid receptor kappa| Opioid receptor mu,Ireland| US,EVALUATE| CORTELLIS| PHARMAPROJECTS,2026-05-08T16:03:08.475Z,2026-05-08T16:03:08.475Z
33aaa7ad-c367-46e7-9ea0-642f406a4a38,Sodium Selenate,7b760833-d0dd-47e5-a74d-3ed7e4904ad0,,Phase 2 Clinical,,,Monash Heart,Small molecule,Phase 2 Clinical,Alzheimers disease| Epilepsy| Frontotemporal dementia| Progressive supranuclear palsy| Traumatic brain injury,Neurology/Psychiatric,Protein phosphatase 2A (PP2A) stimulant,,Australia,EVALUATE,2026-05-08T16:03:09.374Z,2026-05-08T16:03:09.374Z
f9dada0f-693b-47aa-8cd3-be6fe7ab8f25,JBPOS-0755,08765da7-ce6b-4364-b352-31a71f2310e3,JBPOS0755,Suspended,,,Bio-Pharm Inc,Small molecule| Synthetic small molecule| Systemic formulation unspecified,Preclinical| Suspended,Alzheimers disease| Cancer| Epilepsy| General cancer indications| Glioma,Cancer| Neurology/Psychiatric,Unclassified| Unidentified pharmacological activity,,South Korea,EVALUATE| CORTELLIS| PHARMAPROJECTS,2026-05-08T16:03:09.534Z,2026-05-08T16:03:09.534Z
1297c964-188c-45d2-91e1-e265c8b45781,oditrasertib,975c1562-e825-40b6-8a08-9f2d141432ed,,Suspended,,,Denali Pharma,Capsule formulation| Oral formulation| Small molecule| Synthetic small molecule| Tablet formulation,Phase 2 Clinical| Suspended,Alzheimers disease| Amyotrophic lateral sclerosis| Multiple sclerosis| Neurological disease,Immune| Neurology/Psychiatric| Rare Diseases,RIP-1 kinase inhibitor| Receptor-interacting serine/threonine kinase 1 inhibitor,RIP-1 kinase,US,CORTELLIS| PHARMAPROJECTS,2026-05-08T16:03:11.993Z,2026-05-08T16:03:11.993Z
da56aceb-db39-47e1-bad4-2d4c5226cd9f,brincidofovir,5677857b-a821-426e-bf4c-e4af8f40b111,"Tembexa| brincidofovir (intravenous, adenovirus infection), SymBio",Suspended,,,Chimerix Inc| Diego| Emergent Group| Gilead Foundation| Institute of Organic Chemistry and Biochemistry of the Academy of Sciences of the Czech Republic| JAZZ Venture Partners| KU Leuven R&D| Symbio,Infusion| Intravenous formulation| Lipid| Nucleotide and derivatives| Once weekly formulation| Oral formulation| Oral suspension formulation| Small molecule| Tablet formulation,Launched| Phase 1 Clinical| Phase 2 Clinical| Phase 3 Clinical| Preclinical| Suspended,"Adenovirus infection| Adult T-cell lymphoma| Alzheimers disease| Anaplastic large cell lymphoma| Angioimmunoblastic T-cell lymphoma| B-cell lymphoma| BK virus infection| Brain tumor| CMV infection prophylaxis| Cancer, lymphoma, unspecified| Cystitis| Cytomegalovirus infection| Diffuse large B-cell lymphoma| Ebola virus disease (EVD) treatment| Ebola virus infection| Epstein Barr virus infection| General viral indications| Glioblastoma| Head injury| Helper T-cell follicular lymphoma| Hematological disease| Herpes simplex virus infection| Herpesvirus type 6 infection| Lymphoma| Lymphoproliferative disease| Monkeypox virus infection| Multiple sclerosis| Natural killer/T-cell lymphoma (NKTL)| Non-Hodgkin lymphoma| Oculomotor nerve disorder| Papillomavirus infection| Peripheral T-cell lymphoma| Polyomavirus infection| Progressive multifocal leukoencephalopathy| Respiratory tract infection| Smallpox treatment| Solid tumor| Squamous cell carcinoma| T-cell lymphoma| Variola virus infection| Viral encephalitis",Cancer| Genitourinary/Sexual Function| Hematologic| Immune| Infection| Neurology/Psychiatric| Rare Diseases,DNA polymerase inhibitor| RNA directed RNA polymerase modulator,DNA polymerase,Belgium| Czech Republic| Ireland| Japan| US,EVALUATE| CORTELLIS| PHARMAPROJECTS,2026-05-08T16:03:09.095Z,2026-05-08T16:03:09.095Z
624746e2-a995-4c69-9acf-26c052558f0b,IFB-048,183498f0-70be-4a4f-aaa9-5613ffe9d644,,Suspended,,,InFlectis BioScience SAS,Oral formulation| Small molecule| Synthetic small molecule,Preclinical| Suspended,General inflammatory disorders| Multiple sclerosis| Multiple sclerosis (MS) unspecified,Cancer| Immune| Neurology/Psychiatric,Unidentified pharmacological activity| Unknown,,France,EVALUATE| CORTELLIS| PHARMAPROJECTS,2026-05-08T16:03:09.096Z,2026-05-08T16:03:09.096Z
3d71f216-1a59-46cd-84e1-24333fe5e516,NMRA-215,5d745053-0f78-4dc4-95c0-b44aa2445507,,Preclinical,,,Neumora Therapeutics Inc,Once daily formulation| Oral formulation| Small molecule,Preclinical,Obesity| Parkinson's disease| Parkinsons disease,Alimentary/Metabolic| Gastrointestinal| Neurology/Psychiatric| Other/Miscellaneous,NACHT LRR PYD domain protein 3 inhibitor| NLR family pyrin domain containing 3 (NLRP3) inflammasome inhibitor| NLR family pyrin domain containing 3 inhibitor| Unknown,NACHT LRR PYD domain protein 3,US,EVALUATE| CORTELLIS| PHARMAPROJECTS,2026-05-08T16:03:09.156Z,2026-05-08T16:03:09.156Z
300d7750-d60c-4993-8678-65278d57c294,"levosimendan (injectable), Hainan Levtec Pharmaceutical",50e65a80-ad90-44e4-a56d-596efeba10e4,levosimendan,Launched,,,Orion srl| Tenax Corp,Infusion| Intravenous formulation| Oral formulation| Small molecule| Subcutaneous formulation,Discovery| Launched| Phase 3 Clinical| Preclinical,Acute decompensated heart failure| Brain hemorrhage| Cardiac failure| Chronic kidney disease| Left heart disease pulmonary hypertension| Stroke,Cardiovascular| Genitourinary/Sexual Function| Infection| Neurology/Psychiatric,Potassium channel stimulator| Troponin stimulator,Potassium channel| Troponin C,,CORTELLIS,2026-05-08T16:03:12.376Z,2026-05-08T16:03:12.376Z
e6640937-d7cf-4a95-a785-580f70cd871c,CVN-417,fc0cee14-f72f-473f-8e91-41e8367c9805,CVN417,Suspended,,,Cerevance Ltd,Small molecule| Synthetic small molecule| Systemic formulation unspecified,Discovery| Preclinical| Suspended,"Dyskinesia, levodopa-induced| Other neurological indications| Parkinson's disease",Neurology/Psychiatric,Nicotinic ACh receptor alpha 6 subunit inhibitor| Nicotinic acetylcholine receptor agonist| Unclassified| Unidentified pharmacological activity,Nicotinic ACh receptor alpha 6 subunit| Nicotinic acetylcholine receptor,US,EVALUATE| CORTELLIS| PHARMAPROJECTS,2026-05-08T16:03:08.994Z,2026-05-08T16:03:08.994Z
44c987e4-c284-4fe8-b562-a7cafbac346a,GLY-230,f68e1767-2470-4753-bdc7-275d681e69a0,,Suspended,,,Glycadia Inc,Small molecule| Synthetic small molecule| Systemic formulation unspecified,Phase 1 Clinical| Phase 2 Clinical| Preclinical| Suspended,Alzheimers disease| Diabetic nephropathy| Diabetic neuropathy| Diabetic retinopathy| General cardiovascular indications| Vascular disease,Alimentary/Metabolic| Cardiovascular| Endocrine/Metabolic| Genitourinary/Sexual Function| Neurology/Psychiatric| Ocular| Sensory Organs,Cyclooxygenase 1 inhibitor| Glycosylation inhibitor,Cyclooxygenase 1,US,EVALUATE| CORTELLIS| PHARMAPROJECTS,2026-05-08T16:03:08.994Z,2026-05-08T16:03:08.994Z
4ff8036b-0106-4258-8286-6ac55a249f8a,TR-012001,e3d23551-bab2-48ae-a473-55a234a6c4a1,,Phase 2 Clinical,,,Shin Corp,Small molecule,Phase 2 Clinical,Parkinson's disease,Neurology/Psychiatric,Unclassified,,Japan,EVALUATE,2026-05-08T16:03:09.415Z,2026-05-08T16:03:09.415Z
c1494930-e0f7-4d4b-a547-91d58f83ec80,"CD40L inhibitor, Arcus Biosciences",a41e694a-726c-490d-991d-7c5814036e88,,Preclinical,,,Arcus Medica,Small molecule,Preclinical,Multiple sclerosis| Systemic lupus erythematosus,Immune| Neurology/Psychiatric,CD40 ligand,,US,PHARMAPROJECTS,2026-05-08T16:03:11.676Z,2026-05-08T16:03:11.676Z
1eec4384-1c3e-47a3-8d58-1426f94a7ea3,MK-4334,425efead-5d76-4b81-88bd-98a575e33051,,Suspended,,,Merck & Co Inc,Small molecule| Synthetic small molecule,Phase 1 Clinical| Suspended,Alzheimers disease| Cognitive disorder| Schizophrenia,Neurology/Psychiatric,Unclassified| Unidentified pharmacological activity,,US,EVALUATE| PHARMAPROJECTS,2026-05-08T16:03:08.375Z,2026-05-08T16:03:08.375Z
44f6b77a-d751-4f97-979f-bfd9cf2a34a9,azetukalner,3b98b180-2e08-4563-bda8-5f36b5a82360,,Suspended,,,Bausch + Lomb| Bausch Health Companies Inc (d/b/a Bausch Health)| Undisclosed Partner Sales| Xenon Corp,Capsule formulation| Once daily formulation| Oral formulation| Small molecule| Synthetic small molecule,Phase 2 Clinical| Phase 3 Clinical| Suspended,"Amyotrophic lateral sclerosis| Bipolar I disorder| Bipolar II disorder| Bipolar disorder| Depression| Depression, major depressive disorder| Epilepsy| Epilepsy, encephalopathy, neonatal| Epilepsy, generalized, tonic-clonic| Epilepsy, partial (focal, local)| Major depressive disorder| Other psychoses| Seizures, general| Tinnitus| Tonic clonic epilepsy| Tonic seizure",Neurology/Psychiatric| Other/Miscellaneous| Rare Diseases| Sensory Organs,KCNQ voltage-gated potassium channel-2 stimulator| KCNQ voltage-gated potassium channel-3 stimulator| Kv7.2 potassium channel regulator| Potassium channel activator| Potassium channel agonist,KCNQ voltage-gated potassium channel-2| KCNQ voltage-gated potassium channel-3,Canada| US,EVALUATE| CORTELLIS| PHARMAPROJECTS,2026-05-08T16:03:09.694Z,2026-05-08T16:03:09.694Z
7380eaca-34d0-4450-bb87-27bafeed661b,FB-1008,79d78a11-0858-401e-8e64-1904a52368fe,4B07-05,Preclinical,,,4B Ventures LLC,Small molecule| Synthetic small molecule,Discovery| Preclinical,Alzheimers disease| Other neurological indications,Neurology/Psychiatric,Unclassified| Unidentified pharmacological activity,,China,EVALUATE| CORTELLIS| PHARMAPROJECTS,2026-05-08T16:03:09.796Z,2026-05-08T16:03:09.796Z
798f5c87-66cc-4206-835b-f89e63e9986b,"lysosomal channel modulators, Autifony Therapeutics",8792f58a-7a93-454c-924d-b5a8482417d5,,Preclinical,,,Autifony Alpha Ltd,Synthetic small molecule,Preclinical,Alzheimers disease| Lysosome storage disease| Parkinson's disease,Alimentary/Metabolic| Neurology/Psychiatric,Unidentified pharmacological activity,,UK,PHARMAPROJECTS,2026-05-08T16:03:11.556Z,2026-05-08T16:03:11.556Z
1b5feae7-9ae5-4308-9dac-9c75e05419f7,"donepezil (ODF, Alzheimer's disease), LP Pharmaceutical",4fb513c8-8a2a-43a1-84ec-ebbf84e07199,,Phase 1 Clinical,,,Xiamen LP Pharmaceutical Co Ltd,Oral formulation| Oral quick release formulation| Small molecule,Phase 1 Clinical,Alzheimers disease,Neurology/Psychiatric,Acetylcholinesterase inhibitor,Acetylcholinesterase,China,CORTELLIS,2026-05-08T16:03:12.313Z,2026-05-08T16:03:12.313Z
b6de79dd-dc9e-4918-b207-9cc23d61d29a,IMM-09,f5116192-dcbb-4408-b7bb-3a69a2c3d8a0,,Preclinical,,,IMMvention Therapeutix,Small molecule,Preclinical,Adult onset Stills disease| Alzheimers disease| General inflammatory disorders| Non-alcoholic steatohepatitis| Osteoarthritis| Parkinson's disease,Immune,NLR family pyrin domain containing 3 (NLRP3) inflammasome inhibitor,,US,EVALUATE,2026-05-08T16:03:09.096Z,2026-05-08T16:03:09.096Z
b362f892-4c9c-48a6-8969-d6f14810cb5f,"latrepirdine (oral, epilepsy), Biovista",39b87acd-9b78-4ac6-b0c3-832a574d8d33,"BVA101| latrepirdine (oral, multiple sclerosis), Biovista",Suspended,,,Biovista Inc,Oral formulation| Small molecule| Synthetic small molecule,Preclinical| Suspended,Epilepsy| Multiple sclerosis| Multiple sclerosis (MS) unspecified,Genitourinary/Sexual Function| Immune| Neurology/Psychiatric,Histamine receptor agonist| Reducing agent| Unknown,Histamine H1 receptor,US,EVALUATE| CORTELLIS| PHARMAPROJECTS,2026-05-08T16:03:09.536Z,2026-05-08T16:03:09.536Z
413c3b81-08bd-46bf-a81a-f1d65ab489b9,HECB-1701301,1258b3d7-5cad-4bf2-b903-266ff4f25dd9,HECB1701301,Phase 1 Clinical,,,HEC Pharm| Sunshine Lake Pharma Co,Injectable controlled release formulation| Intramuscular formulation| Other parenteral| Small molecule| Sustained release formulation| Synthetic small molecule,Phase 1 Clinical| Preclinical,Alzheimers disease,Neurology/Psychiatric,NMDA receptor agonist| Unidentified pharmacological activity| Unknown,NMDA receptor,China,EVALUATE| CORTELLIS| PHARMAPROJECTS,2026-05-08T16:03:09.256Z,2026-05-08T16:03:09.256Z
1e5915c3-dc14-48d5-8358-3fa74b42f823,izaflortaucipir (18F),3e52e16d-63ad-45d7-881d-27fc8fb93c26,,Phase 3 Clinical,,,AC Immune SA| Lantheus Holdings Inc,Imaging agent| In vivo diagnostics| Intravenous formulation| Radiolabeling| Small molecule| Synthetic small molecule,Phase 3 Clinical,"Alzheimers disease| Cognitive disorder| Diagnosis, CNS| Neurodegenerative disease| Nuclear imaging| Other neurological indications| Progressive supranuclear palsy| Traumatic brain injury",Neurology/Psychiatric| Unknown,"Beta radiation emitter| Radioemitter, beta| Tau kinase inhibitor",Tau protein,Switzerland| US,EVALUATE| CORTELLIS| PHARMAPROJECTS,2026-05-08T16:03:11.934Z,2026-05-08T16:03:11.934Z
2134ef52-fa5b-4d6f-8c80-b200d2a1d0d6,APX-New1,e141f4b3-2687-4704-803c-3bcc3c3b5bc6,,Suspended,,,Aptabio Therapeutics Inc,Oral formulation| Small molecule| Synthetic small molecule,Preclinical| Suspended,Parkinson's disease| Parkinsons disease,Neurology/Psychiatric,NADPH oxidase 1 inhibitor| NADPH oxidase 2 inhibitor| NADPH oxidase 4 inhibitor| Synuclein inhibitor| Unidentified pharmacological activity,NADPH oxidase 1| NADPH oxidase 2| NADPH oxidase 4| Synuclein,South Korea,CORTELLIS| PHARMAPROJECTS,2026-05-08T16:03:12.314Z,2026-05-08T16:03:12.314Z
a10b5886-852f-4232-8635-46deec1940dc,LTX-004,0072e873-c091-4a15-8774-23ec7fa6aaa8,,Preclinical,,,Leal Health Inc,DNA & RNA therapeutics| Oligonucleotide antisense| Small molecule| Systemic formulation unspecified,Preclinical,Alzheimers disease| Lewy body dementia,Neurology/Psychiatric,Lipid regulator,,US,EVALUATE| CORTELLIS,2026-05-08T16:03:12.316Z,2026-05-08T16:03:12.316Z
c5ff1151-30de-4458-9564-1f902a377fbd,OMS-527,d94639e2-3e6b-4ecf-a043-46aeeab5657f,OMS527,Phase 1 Clinical,,,Daiichi Sankyo| Omeros Corp,Oral formulation| Oral sustained release formulation| Small molecule| Synthetic small molecule,Phase 1 Clinical,Alcoholism| Binge eating disorder| Cocaine addiction| Drug dependence| Huntington's disease| Movement disorder| Nicotine dependence| Obsessive compulsive disorder| Obsessive compulsive disorders (OCDs)| Parkinson's disease| Restless legs syndrome| Smoking cessation,Neurology/Psychiatric| Toxicity/Intoxication,PDE 7 inhibitor| Phosphodiesterase 7 (PDE7) inhibitor| Phosphodiesterase 7 inhibitor,PDE 7,Japan| US,EVALUATE| CORTELLIS| PHARMAPROJECTS,2026-05-08T16:03:08.836Z,2026-05-08T16:03:08.836Z
d3120edd-ec11-47c5-8514-072ea2a4bf87,TTM-001,78d85458-e00b-4fe9-be21-6bfee20c84f1,"bromocriptine mesylate| repurposed bromocriptine (alzheimer's disease), Time Therapeutics/Towa Pharmaceutical",Phase 3 Clinical,,,On Time| Towa Co Ltd,Oral formulation| Small molecule| Systemic formulation unspecified| Tablet formulation,Phase 3 Clinical| Preclinical,Alzheimers disease,Neurology/Psychiatric,Dopamine receptor agonist| Dopamine receptor potentiator,Dopamine D2 receptor,Japan,EVALUATE| CORTELLIS| PHARMAPROJECTS,2026-05-08T16:03:09.413Z,2026-05-08T16:03:09.413Z
7ed8dbdc-2d84-47f8-b8db-8bc2882ece67,FB-1002,2bb7278c-3674-406b-9d3c-4ab91fca07d2,4B02-01,Preclinical,,,4B Ventures LLC,Small molecule| Synthetic small molecule,Preclinical,Amyotrophic lateral sclerosis,Neurology/Psychiatric| Rare Diseases,TrkB receptor agonist| Tropomyosin receptor kinase (Trk) stimulator,,China,EVALUATE| CORTELLIS| PHARMAPROJECTS,2026-05-08T16:03:08.936Z,2026-05-08T16:03:08.936Z
463746bd-f4a5-4cd9-919b-8482a9a753b0,"lauflumide (attention deficit hyperactivity disorder/narcolepsy/hypersomnia/excessive daytime sleepiness), NLS Pharmaceutics",e94e9fd1-edb5-4887-b478-ae6e52285185,NLS-4| lauflumide,Suspended,,,NewcelX Ltd,Other reformulation| Small molecule| Synthetic small molecule| Systemic formulation unspecified,Preclinical| Suspended,"Alzheimers disease| Attention deficit disorder/hyperactivity (ADD/ADHD)| Attention deficit hyperactivity disorder| COVID-19 treatment| Chronic fatigue syndrome| Coronavirus disease 19 infection| Hypersomnia| Hypersomnia, idiopathic| Narcolepsy| Post-COVID syndrome",Infection| Neurology/Psychiatric| Other/Miscellaneous| Rare Diseases,Dopamine reuptake inhibitor| Dopamine transmitter uptake inhibitor| Dopamine transporter modulator,Dopamine transporter,Switzerland,EVALUATE| CORTELLIS| PHARMAPROJECTS,2026-05-08T16:03:09.374Z,2026-05-08T16:03:09.374Z
ca230981-64ea-4173-a801-54796d5d1b82,MS Remyelination Program,dbbb261a-f93d-4a56-8840-343aee892cb9,,Preclinical,,,Korro AI Ltd,Small molecule,Preclinical,Multiple sclerosis (MS) unspecified,Neurology/Psychiatric,Unclassified,,US,EVALUATE,2026-05-08T16:03:09.475Z,2026-05-08T16:03:09.475Z
a645eae0-e410-45f3-8b9d-4769a2482057,NeuroMETOX,4f290d20-5d3e-4583-b8b7-9e080c79912c,,Preclinical,,,Antibiotic Co,Small molecule,Discovery| Preclinical,Alzheimers disease| Autism spectrum disorders (ASD)| Huntington's disease| Parkinson's disease,Neurology/Psychiatric,Unclassified,,Austria,EVALUATE,2026-05-08T16:03:08.774Z,2026-05-08T16:03:08.774Z
1f2bb41a-b531-4cab-8ca2-a8321d2c21f6,RTR242,3559b2b1-0385-4c45-ab6b-c9571ab57824,RTR-242,Phase 1 Clinical,,,Retro Biosciences Inc,Small molecule,Discovery| Phase 1 Clinical,Alzheimers disease| Undisclosed,Neurology/Psychiatric,Unclassified| Unidentified pharmacological activity,,US,EVALUATE| PHARMAPROJECTS,2026-05-08T16:03:09.157Z,2026-05-08T16:03:09.157Z
c8661a71-b917-417c-9528-3e97365d9a01,deferitrin,27c20520-9877-4448-b08b-d6715bb2b098,SP-420,Phase 2 Clinical,,,Pharmacosmos AS| Sideris Pharmaceuticals Inc| University of Florida,Capsule formulation| Oral formulation| Small molecule| Synthetic small molecule,Phase 1 Clinical| Phase 2 Clinical| Preclinical,"Beta thalassemia| Dry age-related macular degeneration (AMD)| General eye disorders| Haemochromatosis, secondary| Iron overload| Iron poisoning| Macular degeneration| Macular degeneration, age-related, unspecified| Myelodysplastic syndrome| Myelofibrosis| Parkinson's disease| Parkinsons disease| Reperfusion injury| Spinal cord injury| Thalassemia| Traumatic brain injury",Alimentary/Metabolic| Cancer| Cardiovascular| Endocrine/Metabolic| Hematologic| Neurology/Psychiatric| Ocular| Rare Diseases| Sensory Organs| Unknown,Chelating agent| Iron chelator,,Denmark| US,EVALUATE| CORTELLIS| PHARMAPROJECTS,2026-05-08T16:03:11.496Z,2026-05-08T16:03:11.496Z
a6880ce3-c695-4bc4-bce1-0784b92b5912,S-740792,8e0b29af-ce2b-407b-a72c-b9849e230a48,,Phase 1 Clinical,,,Shionogi Ltd,Oral suspension formulation| Small molecule| Tablet formulation| Unidentified,Phase 1 Clinical,Multiple sclerosis| Multiple sclerosis (MS) unspecified,Immune| Neurology/Psychiatric,Unidentified pharmacological activity| Unknown,,Japan,EVALUATE| CORTELLIS| PHARMAPROJECTS,2026-05-08T16:03:08.256Z,2026-05-08T16:03:08.256Z
df4a7cc4-d399-4f66-b109-972a12ecfe71,NLRP3 inhibitors,cd5e27dd-1ff9-4a3f-b5a0-15f5adc44c14,"NLRP3 inhibitors, AC Immune",Preclinical,,,AC Immune SA,Small molecule| Synthetic small molecule,Preclinical,Alzheimers disease| Parkinson's disease,Neurology/Psychiatric,Inflammasome inhibitor| NLR family pyrin domain containing 3 inhibitor| Unknown,,Switzerland,EVALUATE| PHARMAPROJECTS,2026-05-08T16:03:09.476Z,2026-05-08T16:03:09.476Z
ec3fe13d-e72f-40a4-a00a-e76385a68592,"TYK2 inhibitor (multiple sclerosis/Alzheimer's disease/Parkinson's disease/CNS diseases), Myrobalan Therapeutics",7fce13ef-3f2d-42fa-b2d5-b5b27b21c03c,,Preclinical,,,Myrobalan Therapeutics Inc,CNS formulation| Oral formulation| Small molecule,Preclinical,Alzheimers disease| Multiple sclerosis| Parkinsons disease,Immune| Neurology/Psychiatric,Non receptor tyrosine kinase TYK2 inhibitor,Non receptor tyrosine kinase TYK2,US,CORTELLIS,2026-05-08T16:03:12.096Z,2026-05-08T16:03:12.096Z
525a1d08-4176-473b-be21-46d4db519754,ARO-SNCA,f061d5e2-4d13-4c21-afec-a7e8db463506,,Preclinical,,,Arrowhead Center Inc| Novartis AG,DNA & RNA therapeutics| Oligonucleotide| RNA interference| Small molecule| Subcutaneous formulation| small interfering RNA (siRNA),Preclinical,Lewy body dementia| Multiple system atrophy| Parkinson's disease| Parkinsons disease,Neurology/Psychiatric,Gene expression inhibitor| SNCA gene inhibitor| Unknown,SNCA gene,Switzerland| US,EVALUATE| CORTELLIS| PHARMAPROJECTS,2026-05-08T16:03:12.274Z,2026-05-08T16:03:12.274Z
0c07a08a-449b-41c3-b78e-817999df9877,KL-002,b1cb9206-fb3e-462d-810f-f2c12457686c,,Preclinical,,,Kanglin Biotech (Hangzhou) Co. LTD,Gene therapy,Preclinical,Parkinson's disease,Neurology/Psychiatric,Unclassified,,China,EVALUATE,2026-05-08T16:03:12.375Z,2026-05-08T16:03:12.375Z
e0f85261-7184-471b-82ca-9fe5a142beb4,PNV-001,bd43760f-832f-4e5c-ba46-0e52ced0edde,basmisanil,Suspended,,,Newleos Therapeutics Inc| Roche Ltd,Oral formulation| Small molecule| Synthetic small molecule,Phase 1 Clinical| Phase 2 Clinical| Suspended,"Alzheimers disease| Cognitive disorder| Down syndrome| Duplication 15q syndrome| Epilepsy| Ischaemia, cerebral| Schizophrenia",Cardiovascular| Endocrine/Metabolic| Neurology/Psychiatric| Rare Diseases,GABA A receptor alpha-5 subunit modulator| GABA receptor inverse agonist| Gamma-aminobutyric acid (GABA) A5 receptor inverse agonist,GABA A receptor| GABA A receptor alpha-5 subunit,Switzerland| US,EVALUATE| CORTELLIS| PHARMAPROJECTS,2026-05-08T16:03:11.496Z,2026-05-08T16:03:11.496Z
883a1b6d-488a-49cb-8b0d-f5a3e23e6462,AMP-X-0079,03879c3e-1a38-4bf0-9a5e-f515cab244ff,,Suspended,,,AurimMed Pharma Inc,Oral formulation| Small molecule| Synthetic small molecule,Preclinical| Suspended,"Epilepsy| Other neurological indications| Pain| Pain, chronic| Parkinson's disease| Parkinsons disease| Spinal muscular atrophy",Neurology/Psychiatric,Unclassified| Unidentified pharmacological activity,,US,EVALUATE| CORTELLIS| PHARMAPROJECTS,2026-05-08T16:03:08.656Z,2026-05-08T16:03:08.656Z
385c2287-5dcb-4a5a-a4ed-755aaf331307,RP-323,f5e5115d-ece6-4618-b11b-388d56a87d5f,,Suspended,,,Biosuccess Biotech Co| PhorMed Inc,Infusion| Intravenous formulation| Small molecule| Synthetic small molecule,Phase 1 Clinical| Phase 2 Clinical| Preclinical| Suspended,"Acute myelogenous leukemia| COVID-19 treatment| Cancer, lymphoma, Hodgkin's| Coronavirus disease 19 infection| Hodgkins disease| Infection, HIV/AIDS| Infection, coronavirus, novel coronavirus| Ischaemia, cerebral| Leukaemia, acute myeloid (AML)| Myelodysplastic syndrome| Parkinson's disease| Parkinsons disease| Respiratory distress syndrome| Stroke",Cancer| Cardiovascular| Infection| Neurology/Psychiatric| Rare Diseases| Respiratory,Mitogen-activated protein kinase (MAPK) regulator| Protein kinase C stimulator| Protein kinase inhibitor,Protein kinase C,US,EVALUATE| CORTELLIS| PHARMAPROJECTS,2026-05-08T16:03:09.097Z,2026-05-08T16:03:09.097Z
374dbbd4-21a0-4409-bbca-f01788662ea4,FZ001,4c9d1bf4-d0e3-4506-8456-8bfc4cffbb52,FZ-001,Preclinical,,,Fermion Oy,Small molecule| Synthetic small molecule,Preclinical,Alzheimers disease| Rheumatoid arthritis,Immune| Musculoskeletal| Neurology/Psychiatric,Unidentified pharmacological activity| Unknown,,China,EVALUATE| PHARMAPROJECTS,2026-05-08T16:03:09.477Z,2026-05-08T16:03:09.477Z
6f006860-ee84-492a-a47b-d331594eca93,AST-029,5e2a562f-5f8c-4e43-8d5e-b919dc732b2e,,Preclinical,,,Astrogen Inc,Small molecule| Synthetic small molecule| Systemic formulation unspecified,Preclinical,Parkinson's disease| Parkinsons disease,Neurology/Psychiatric,Unclassified| Unidentified pharmacological activity,,South Korea,EVALUATE| CORTELLIS| PHARMAPROJECTS,2026-05-08T16:03:09.697Z,2026-05-08T16:03:09.697Z
eaf765a0-d78f-4571-9bbb-f7904ab8c185,KIT-13,0f93517d-1c71-442e-b751-c18063e53270,,Suspended,,,Institute of Rheological Function of Food Co Ltd| NeuroCores Inc,Small molecule| Synthetic small molecule| Systemic formulation unspecified,Preclinical| Suspended,Alzheimers disease| Dementia| Depression| Rett syndrome,Neurology/Psychiatric| Rare Diseases,Unidentified pharmacological activity,,Japan| US,CORTELLIS| PHARMAPROJECTS,2026-05-08T16:03:09.754Z,2026-05-08T16:03:09.754Z
244c7da8-3732-4099-9fe2-923f2ff9115c,"dapansutrile (topical gel, pain), Olatec Therapeutics",433ed04f-0037-44ce-b082-493e6cb8debb,"Dapansutrile| dapansutrile| dapansutrile (oral capsule, inflammation/pain), Olatec Therapeutics",Suspended,,,Olatec Therapeutics LLC,Capsule formulation| Dermatological gel formulation| Oral formulation| Small molecule| Synthetic small molecule| Tablet formulation,Phase 1 Clinical| Phase 2 Clinical| Phase 3 Clinical| Preclinical| Suspended,"Alzheimers disease| Arthritis| Asthma| COVID-19 treatment| Cancer, melanoma| Cardiac failure| Chronic heart failure (CHF)| Coronavirus disease 19 infection| Cytokine release syndrome| Diabetic complications, other| Eczema/Dermatitis| General inflammatory disorders| Gout| Hyperuricaemia/Gout| Inflammatory disease| Insulin dependent diabetes| Melanoma| Metastatic breast cancer| Multiple sclerosis| Myocardial infarction, acute (AMI)| Non-insulin dependent diabetes| Osteoarthritis| Osteoarthritis pain| Pain| Pain, chronic| Pain, musculoskeletal, arthritis| Pain, nociceptive, general| Pancreatic ductal adenocarcinoma| Parkinson's disease| Parkinsons disease| Schnitzler syndrome| Solid tumour indications| Spinal cord injury| Stage III melanoma| Stage IV melanoma| Systemic inflammatory response syndrome| Systolic heart failure",Cancer| Cardiovascular| Dermatologic| Endocrine/Metabolic| Immune| Infection| Inflammatory| Musculoskeletal| Neurology/Psychiatric| Rare Diseases| Respiratory,Inflammasome inhibitor| NACHT LRR PYD domain protein 3 inhibitor| NLR family pyrin domain containing 3 (NLRP3) inflammasome inhibitor| NLR family pyrin domain containing 3 inhibitor,NACHT LRR PYD domain protein 3,US,EVALUATE| CORTELLIS| PHARMAPROJECTS,2026-05-08T16:03:08.314Z,2026-05-08T16:03:08.314Z
b0d8cf29-535a-4c9e-bc1a-783b2bd56f01,"donepezil (weekly patch, Alzheimer's disease), Dong-A",04955d46-7dbe-40bd-a404-7ce5bee4875e,"DA-5207| donepezil, weekly patch, Dong-A ST",Suspended,,,Dong-A ST Co Ltd,Patch formulation| Small molecule| Synthetic small molecule| Transdermal formulation,Phase 1 Clinical| Suspended,Alzheimers disease,Neurology/Psychiatric,Acetylcholinesterase (AChE) stimulant| Acetylcholinesterase inhibitor,Acetylcholinesterase,South Korea,EVALUATE| CORTELLIS| PHARMAPROJECTS,2026-05-08T16:03:08.593Z,2026-05-08T16:03:08.593Z
794ba51d-b9dc-45c4-b6aa-93e1e49c2e9e,CogniCann,95daa94a-9048-4d26-8d85-09ba7af1efa3,"cannabidiol + THC, MGC Pharmaceuticals",Launched,,,Mgc,Buccal formulation systemic| Drug combination| Fixed-dose combination| Plant| Small molecule| Transmucosal formulation,Launched| Phase 2 Clinical,"Agitation, Alzheimer's disease| Alzheimers disease| Dementia| Senile dementia",Neurology/Psychiatric,Cannabinoid CB1 receptor inverse agonist| Cannabinoid CB2 receptor agonist| Cannabinoid receptor agonist| GPR55 antagonist| TRPV agonist| Unclassified| Vanilloid receptor 1 agonist,Cannabinoid receptor,UK,EVALUATE| CORTELLIS| PHARMAPROJECTS,2026-05-08T16:03:11.776Z,2026-05-08T16:03:11.776Z
01e916bd-8056-4111-be6d-1151f51752b8,VTA-27,3109fe70-55c8-41a5-adb6-21ca1eed222c,,Preclinical,,,Vasthera Co Ltd,Small molecule| Synthetic small molecule,Preclinical,Alzheimers disease,Neurology/Psychiatric,Unclassified| Unidentified pharmacological activity,,South Korea,EVALUATE| PHARMAPROJECTS,2026-05-08T16:03:08.595Z,2026-05-08T16:03:08.595Z
4b753e0a-2d68-4687-93a9-bf54bbb97d8b,Alzhiemer Disease Research Project,db45d8a3-7ee2-47d8-a55b-89064c2a8d87,,Preclinical,,,Zhittya Genesis Medicine Inc,Small molecule,Preclinical,Alzheimers disease,Neurology/Psychiatric,Angiogenesis inhibitor,,US,EVALUATE,2026-05-08T16:03:09.315Z,2026-05-08T16:03:09.315Z
bd798537-5ff1-4f17-b5ae-7977249af077,elunetirom,30e16d0e-9e13-498d-8fdb-57ffc5d5f42a,,Suspended,,,AUTOBAHN Inc.,Capsule formulation| Once daily formulation| Prodrug| Small molecule| Solution| Synthetic small molecule,Phase 2 Clinical| Preclinical| Suspended,"Adrenoleukodystrophy| Bipolar I disorder| Bipolar II disorder| Bipolar disorder| Depression| Depression, major depressive disorder| Major depressive disorder| Multiple sclerosis| Other metabolic indications| Other neurological indications",Endocrine/Metabolic| Immune| Neurology/Psychiatric| Rare Diseases,ABCD2 gene modulator| Thyroid hormone receptor agonist,ABCD2 gene| Thyroid hormone,US,EVALUATE| CORTELLIS| PHARMAPROJECTS,2026-05-08T16:03:09.415Z,2026-05-08T16:03:09.415Z
3254f4b3-cc83-494a-9426-18a2dcaeaba4,Butylphthalide,ce091477-41fb-45f6-b35f-712396422cb5,"butylphthalide, CSPC",Suspended,,,CSPC Pharmaceutical Group Co Ltd,Plant| Small molecule,Launched| Phase 3 Clinical| Suspended,"Amyotrophic lateral sclerosis| Dementia, cerebrovascular| Ischaemia, cerebral| Radio/chemotherapy-induced peripheral neuropathy| Stroke prophylaxis, general| Vascular dementia",Cardiovascular| Neurology/Psychiatric| Rare Diseases,Unidentified pharmacological activity| Unknown,,China,EVALUATE| PHARMAPROJECTS,2026-05-08T16:03:11.715Z,2026-05-08T16:03:11.715Z
257bd7f4-ed8b-41fe-9e26-63605c16d7cb,TMP-301,538740cb-5159-4a79-b1e3-6811854799ca,HTL0014242,Suspended,,,Sosei Inc| Tempero Bio Inc,Oral formulation| Small molecule| Synthetic small molecule,Phase 1 Clinical| Phase 2 Clinical| Preclinical| Suspended,"Addiction, drug, unspecified| Addiction, methamfetamine| Alcoholism| Amyotrophic lateral sclerosis| Anxiety disorders| Anxiety, unspecified| Autism| Autism spectrum disorders (ASD)| Cocaine addiction| Depression| Drug dependence| Dyskinesia, unspecified| Impulse control disorder| Movement disorder| Neurological disease| Opiate dependence| Other neurological indications| Parkinsons disease| Psychiatric disorder| Torticollis| Undisclosed",Neurology/Psychiatric| Toxicity/Intoxication,Glutamate 5 receptor antagonist| Glutamate receptor agonist| Metabotropic glutamate receptor 5 (MGLUR5) agonist| Metabotropic glutamate receptor 5 (MGLUR5) antagonist| Metabotropic glutamate receptor 5 (mGluR5) regulator| Metabotropic glutamate receptor 5 agonist,Metabotropic glutamate receptor 5,Japan| UK| US,EVALUATE| CORTELLIS| PHARMAPROJECTS,2026-05-08T16:03:08.875Z,2026-05-08T16:03:08.875Z
ff10ad53-79da-4a4b-8624-b2e90d83db97,famlasertib,6dc7aa89-b1c8-485d-8cf0-c5552efc8bee,PRO-101| Prosetin,Phase 1 Clinical,,,Columbia University| ProJenX Inc,CNS formulation| Oral solution formulation| Small molecule| Synthetic small molecule,Phase 1 Clinical| Preclinical,Amyotrophic lateral sclerosis| Neurological disease| Parkinson's disease,Neurology/Psychiatric| Rare Diseases,MAP kinase kinase 4 inhibitor| MAP kinase kinase kinase kinase 1 inhibitor| Mitogen-activated protein kinase kinase kinase kinase (MAP4K) 4 inhibitor,MAP kinase kinase 4,US,EVALUATE| CORTELLIS| PHARMAPROJECTS,2026-05-08T16:03:08.996Z,2026-05-08T16:03:08.996Z
12597440-c56e-46ec-90c4-05b31180de30,"ReS3-T compounds (Alzheimer's disease/epilepsy/Dravet syndrome), reMYND/Roche/National Institute of Neurological Disorders and Stroke",817120d3-834e-496d-b514-045b6f502f53,ReS3-T,Suspended,,,Centre for Drug Design and Discovery| remynd NV,Small molecule| Synthetic small molecule,Preclinical| Suspended,Alzheimers disease| Epilepsy,Neurology/Psychiatric| Rare Diseases,Phosphodiesterase (PDE) inhibitor| Tau aggregation inhibitor| Tau deposition inhibitor| Unidentified pharmacological activity,Tau protein,Belgium,EVALUATE| CORTELLIS| PHARMAPROJECTS,2026-05-08T16:03:09.476Z,2026-05-08T16:03:09.476Z
df4b53a9-4d0f-4bb8-8c4f-74ec4bfa84a6,SDC-1802,a813bf9d-f596-42b3-b381-a485c19b962b,SDC-1801,Suspended,,,Sareum Holdings plc,Capsule formulation| Once daily formulation| Oral formulation| Small molecule| Synthetic small molecule,Phase 1 Clinical| Preclinical| Suspended,"Anaplastic large cell lymphoma| Autoimmune disease| B-cell lymphoma| Bacterial pneumonia| COVID-19 complications| COVID-19 treatment| Cancer| Cancer, renal| Cancer, solid, unspecified| Colon tumor| Colorectal tumor| Coronavirus disease 19 infection| Cytokine release syndrome| General inflammatory disorders| Inflammatory bowel disease| Leukaemia, acute lymphocytic (ALL)| Lupus erythematosus, unspecified| Multiple sclerosis| Multiple sclerosis (MS) unspecified| Non-Hodgkin lymphoma| Other immune indications| Pancreas tumor| Pancreatic cancer| Parkinsons disease| Plaque psoriasis| Psoriasis| Renal cell carcinoma| Renal tumor| Respiratory distress syndrome| Rheumatoid arthritis| Skin cancer| Skin tumor| Systemic inflammatory response syndrome| Systemic lupus erythematosus| T-cell acute lymphoblastic leukemia| Ulcerative colitis",Alimentary/Metabolic| Cancer| Dermatologic| Gastrointestinal| Immune| Infection| Inflammatory| Neurology/Psychiatric| Other/Miscellaneous| Rare Diseases| Respiratory,JAK1 gene inhibitor| Janus kinase 1 (JAK1) inhibitor| Janus kinase 1 inhibitor| Non receptor tyrosine kinase TYK2 inhibitor| Tyrosine kinase (TYK) 2 inhibitor| Tyrosine kinase 2 inhibitor,Jak1 tyrosine kinase| Non receptor tyrosine kinase TYK2,UK,EVALUATE| CORTELLIS| PHARMAPROJECTS,2026-05-08T16:03:11.553Z,2026-05-08T16:03:11.553Z
0e24710a-d972-4752-b5d8-9e2a7b525bc3,"donepezil hydrochloride + nebivolol hydrochloride (fixed-dose combination, amyotrophic lateral sclerosis), Dr.Noah Biotech",28c68eae-d9c5-4916-96ba-1bd824f05172,"NDC-011| donepezil hydrochloride + nebivolol hydrochloride, Dr. Noah Biotech",Preclinical,,,Noah Labs GmbH,Drug combination| Fixed-dose combination| Small molecule| Synthetic small molecule| Systemic formulation unspecified,Preclinical,Amyotrophic lateral sclerosis,Neurology/Psychiatric| Rare Diseases,Acetylcholinesterase (AChE) stimulant| Acetylcholinesterase inhibitor| Beta 1 adrenoceptor antagonist| Beta 1 adrenoreceptor antagonist| Beta-1 adrenoceptor antagonist,Acetylcholinesterase| Beta 1 adrenoceptor,South Korea,EVALUATE| CORTELLIS| PHARMAPROJECTS,2026-05-08T16:03:08.654Z,2026-05-08T16:03:08.654Z
8e00f2b6-b6e0-4bde-bf11-888856da1e29,Amyloid Beta Research Progam,f9f9f06e-fb31-4aac-8220-7b661c65ecc8,,Preclinical,,,Innovative California Biosciences International,Small molecule,Preclinical,Alzheimers disease,Neurology/Psychiatric,Beta amyloid modulator,,US,EVALUATE,2026-05-08T16:03:08.716Z,2026-05-08T16:03:08.716Z
dc845799-ac01-403d-9fef-2c4a677d11c6,ADP-056,7620c127-a33d-44cb-a5ea-d7fa49491abf,ADP056-ABC,Preclinical,,,Alector LLC,Biological| Small molecule| Systemic formulation unspecified,Discovery| Preclinical,Alzheimers disease,Neurology/Psychiatric,Reelin modulator| Tau kinase inhibitor| Unclassified,Reelin| Tau protein,US,EVALUATE| CORTELLIS,2026-05-08T16:03:09.417Z,2026-05-08T16:03:09.417Z
ba43c760-4ea4-4c50-aa60-29ec473083d7,QRL-203,7ba737ed-afa9-4199-8d43-2fec6d3734a5,,Suspended,,,QurAlis Corp,"Antisense therapy| Nucleic acid, vector type| Oligonucleotide antisense| Small molecule| Systemic formulation unspecified",Preclinical| Suspended,Frontotemporal dementia,Neurology/Psychiatric| Rare Diseases,Gene expression stimulant| Stathmin 2 agonist| Stathmin-2 stimulator| TAR DNA binding protein 43 inhibitor,Stathmin-2| TAR DNA binding protein 43,US,CORTELLIS| PHARMAPROJECTS,2026-05-08T16:03:11.995Z,2026-05-08T16:03:11.995Z
3e708864-1edb-420d-8af4-a45507ed8ff1,ALN-SNCA,72606acd-8c3d-4988-80d0-1290a6b0c877,,Suspended,,,Alnylam UK Ltd| Regeneron Japan Inc,"DNA & RNA therapeutics| Infusion| Intrathecal formulation| Nucleic acid technology| Nucleic acid, vector type| Oligonucleotide| RNA interference| Small molecule| small interfering RNA (siRNA)",Phase 1 Clinical| Suspended,Parkinson's disease| Parkinsons disease,Neurology/Psychiatric,Gene expression inhibitor| SNCA gene inhibitor| Synuclein inhibitor| Unknown,SNCA gene,US,EVALUATE| CORTELLIS| PHARMAPROJECTS,2026-05-08T16:03:11.996Z,2026-05-08T16:03:11.996Z
12ba475a-7fa7-4e5d-abbf-f684e8bba342,PTT-019,15b7751f-7ce4-4ac8-bcb7-8300b12689bc,,Preclinical,,,Advanced Pyrotech Sdn Bhd,Small molecule,Discovery| Preclinical,Amyotrophic lateral sclerosis,Neurology/Psychiatric| Rare Diseases,Protein modulator,,China,EVALUATE| PHARMAPROJECTS,2026-05-08T16:03:11.614Z,2026-05-08T16:03:11.614Z
37473bc5-6209-444e-b8c9-fe0aaf02ce11,NH-280105,620673ad-f1f0-4120-ac6a-5f6e43858a66,,Phase 1 Clinical,,,Jiangsu Nhwa Pharmaceutical Co Ltd,Capsule formulation| Miscellaneous| Oral formulation| Small molecule| Unidentified,Phase 1 Clinical,Alzheimers disease| Dementia,Neurology/Psychiatric,PAF acetylhydrolase inhibitor| Unidentified pharmacological activity| Unknown,PAF acetylhydrolase,China,EVALUATE| CORTELLIS| PHARMAPROJECTS,2026-05-08T16:03:11.836Z,2026-05-08T16:03:11.836Z
0d527035-4c6d-44d2-a1eb-2047931a6e3b,diranersen,fb50ebda-4d13-4141-b900-ac42c840b473,,Suspended,,,Biogen NV| Ionis Ireland Ltd,Antisense therapy| DNA & RNA therapeutics| Intrathecal formulation| Naked oligonucleotide| Oligonucleotide antisense| RNA antisense| Small molecule,Phase 2 Clinical| Suspended,Alzheimers disease| Frontotemporal dementia| Neurological disease,Neurology/Psychiatric| Rare Diseases,Gene expression inhibitor| MAPT gene inhibitor| Tau aggregation inhibitor| Tau protein RNAi therapeutic,MAPT gene,US,EVALUATE| CORTELLIS| PHARMAPROJECTS,2026-05-08T16:03:12.156Z,2026-05-08T16:03:12.156Z
74786f32-f719-479f-8cbc-3d3653b1e4b6,DPT-0416,27994d96-6bd8-4ed2-98eb-5f3841e71994,,Preclinical,,,Dp Supply Bv,Small molecule| Systemic formulation unspecified,Preclinical,Alzheimers disease,Neurology/Psychiatric,PAF acetylhydrolase inhibitor| Phospholipase A2 inhibitor,PAF acetylhydrolase| Phospholipase A2,China,CORTELLIS,2026-05-08T16:03:12.273Z,2026-05-08T16:03:12.273Z
240c234d-4b16-4d36-a827-fba858966f3a,Thiethylperazine,0f3db927-ec5f-4565-bba5-01921d39b3ae,,Suspended,,,Immungenetics AG,Other reformulation| Small molecule| Synthetic small molecule,Phase 2 Clinical| Suspended,Alzheimers disease| Huntington's disease| Lewy body dementia| Parkinson's disease,Neurology/Psychiatric| Rare Diseases,Dopamine receptor agonist,,Germany,EVALUATE| PHARMAPROJECTS,2026-05-08T16:03:08.436Z,2026-05-08T16:03:08.436Z
99760167-9b09-4e59-9d15-869d9a899f00,S-636,ff0e0374-8382-48df-95a9-a55bf50089cb,Alzheimer's Disease Research Project (PERT)| PT-NCE-SPC,Suspended,,,PerioTrap Pharmaceuticals GmbH,Small molecule| Synthetic small molecule,Discovery| Phase 2 Clinical| Preclinical| Suspended,Alzheimers disease| Periodontitis,Alimentary/Metabolic| Musculoskeletal| Neurology/Psychiatric,Glutaminyl cyclase inhibitor| Unclassified| Unidentified pharmacological activity,,Germany,EVALUATE| PHARMAPROJECTS,2026-05-08T16:03:08.315Z,2026-05-08T16:03:08.315Z
d41bb7dd-f97f-4b9d-aac6-48b59fd1c96f,PRX-303,e3c667b8-2eca-45eb-9024-dd81d7b23e92,,Preclinical,,,Prazer Therapeutics Inc,Biological| Small molecule| Synthetic small molecule,Discovery| Preclinical,Parkinson's disease| Parkinsons disease,Neurology/Psychiatric,Alpha-synuclein accumulation inhibitor| Synuclein accumulation inhibitor| Synuclein inhibitor,Synuclein,South Korea,EVALUATE| CORTELLIS| PHARMAPROJECTS,2026-05-08T16:03:09.597Z,2026-05-08T16:03:09.597Z
eded02e4-bd96-4c5d-8bd1-9de357dc7ba0,Amyotrophic Lateral Sclerosis Research Program (ATKK),8584aa1f-5ec9-4e97-a2a4-11d2a6156768,,Preclinical,,,ATEKA,Small molecule,Preclinical,Amyotrophic lateral sclerosis,Neurology/Psychiatric,Brain derived neurotrophic factor (BDNF) stimulant,,France,EVALUATE,2026-05-08T16:03:08.256Z,2026-05-08T16:03:08.256Z
e08b300f-c13b-4dbb-98f3-8a1d548be53d,levosimendan,efade599-1467-44dd-adaa-b60f4b5adfbd,Simdax po,Suspended,,,AbbVie BV| Orion srl| Tenax Corp| Undisclosed Partner Sales,Small molecule| Synthetic isomeric,Launched| Phase 3 Clinical| Suspended,"Acute kidney injury| Amyotrophic lateral sclerosis| Cardiac failure| Chronic heart failure (CHF)| Chronic kidney disease| Coronary artery bypass graft (CABG)| Ischaemia, cerebral| Low cardiac output syndrome| Pulmonary hypertension| Sepsis| Sepsis/Septic shock| Stroke| Subarachnoid haemorrhage",Cardiovascular| Hematologic| Neurology/Psychiatric| Rare Diseases,ATP dependent potassium channel (KATP) activator| ATP-sensitive potassium channel agonist| Calcium sensitizer| Phosphodiesterase 3 (PDE3) inhibitor| Phosphodiesterase 3 (PDE3)inhibitor| Phosphodiesterase 3 inhibitor| Troponin calcium combination agonist,,Bangladesh| Finland| US,EVALUATE| CORTELLIS| PHARMAPROJECTS,2026-05-08T16:03:08.474Z,2026-05-08T16:03:08.474Z
dd04dce8-58ff-4d2a-aa43-f03bd1916450,CDCS04,3e3a1243-99c9-4a68-8b36-9632841c9860,CDCS-04,Preclinical,,,Shenzhen Chipscreen Biotech Co Ltd,Small molecule| Synthetic small molecule,Preclinical,Alzheimers disease,Neurology/Psychiatric,Unidentified pharmacological activity| Unknown,,China,EVALUATE| PHARMAPROJECTS,2026-05-08T16:03:09.374Z,2026-05-08T16:03:09.374Z
407e558d-6c04-4219-90b4-faa46bc45c9b,ASN-51,7595b44f-5d0c-4219-9fed-890c2c0298a6,ASN51,Phase 2 Clinical,,,Asceneuron SA,Capsule formulation| Oral formulation| Small molecule| Synthetic small molecule,Phase 1 Clinical| Phase 2 Clinical| Preclinical,Alzheimers disease| Amyotrophic lateral sclerosis| Neurodegenerative disease| Parkinson's disease| Parkinsons disease,Neurology/Psychiatric| Rare Diseases,Bifunctional protein NCOAT inhibitor| Hydrolase modulator| Muscarinic M1 receptor modulator| Synuclein inhibitor,Bifunctional protein NCOAT| Muscarinic M1 receptor| Synuclein,Switzerland,EVALUATE| CORTELLIS| PHARMAPROJECTS,2026-05-08T16:03:08.717Z,2026-05-08T16:03:08.717Z
3f20f370-993c-4cbe-a01e-9900f050b134,PMS-002,b57e3a5f-ed25-4aa8-bcb9-e51c20ff5056,,Suspended,,,Qingdao Primedicine Pharmaceutical Co Ltd,Small molecule| Synthetic small molecule,Preclinical| Suspended,"Alzheimers disease| Ischaemia, cerebral| Schizophrenia| Stroke",Cardiovascular| Neurology/Psychiatric,N-methyl-D-aspartate (NMDA) receptor antagonist| NMDA receptor agonist,NMDA receptor,China,EVALUATE| CORTELLIS| PHARMAPROJECTS,2026-05-08T16:03:08.933Z,2026-05-08T16:03:08.933Z
7270e7eb-8db7-4c81-9874-f6c7df78212b,"siRNA + pegcetacoplan (sc, PNH/CAD/ALS/C3 glomerulopathy/IC-MPGN/HSCT-TM), Apellis",960a8519-5c61-4e20-a506-e0921735ac22,,Launched,,,Apellis Europe BV| Asahi Kasei Corp| Pennsylvania Bio| SFJ Pharma Ltd| Swedish Orphan Biovitrum AG,DNA & RNA therapeutics| Drug combination| Infusion| Injectable controlled release formulation| Oligonucleotide| Ophthalmic formulation| PEGylated formulation| Peptide| Peptidomimetic| Protein & peptide therapeutics| RNA| RNA interference| Small molecule| Subcutaneous formulation| Sustained release formulation| small interfering RNA (siRNA),Launched| Phase 2 Clinical| Phase 3 Clinical,"Acute kidney injury| Amyotrophic lateral sclerosis| C3 glomerulopathy| Chronic kidney disease| Cold agglutinin disease| Delayed graft function | Dry age related macular degeneration| Dry age-related macular degeneration (AMD)| Fibrosis, renal, glomerulosclerosis| Focal segmental glomerulosclerosis| Geographic atrophy| Glomerulonephritis| Hemolytic anemia| IgA nephropathy| Kidney transplantation| Lupus nephritis| Membranoproliferative glomerulonephritis| Membranous glomerulonephritis| Microangiopathy| Myasthenia gravis| Nephrotic syndrome| Neuromyelitis optica| Other nephrological disorders| Paroxysmal nocturnal hemoglobinuria| Primary membranous nephropathy| Rare disease| Skin transplant rejection| Stargardt disease| Systemic lupus erythematosus| Thrombosis| Thrombotic microangiopathy| Wet age related macular degeneration| Wet age-related macular degeneration (AMD)",Cardiovascular| Genitourinary/Sexual Function| Hematologic| Immune| Neurology/Psychiatric| Ocular| Rare Diseases| Sensory Organs,Complement C3 inhibitor| Complement Factor inhibitor| Complement cascade modulator| Complement factor C3 convertase inhibitor| Gene expression inhibitor,Complement C3| Complement cascade,Japan| Sweden| US,EVALUATE| CORTELLIS| PHARMAPROJECTS,2026-05-08T16:03:11.895Z,2026-05-08T16:03:11.895Z
e222fb2d-bba7-4c4d-83c3-3bef61f5d818,"PRX-302, Prazer Therapeutics",613da22c-47d9-4cc0-a5c7-a0b91ab9d7c1,,Preclinical,,,Prazer Therapeutics Inc,Biological| Degrader| Small molecule| Synthetic small molecule| Systemic formulation unspecified,Discovery| Preclinical,Alzheimers disease,Neurology/Psychiatric,Tau aggregation inhibitor| Tau kinase inhibitor| Ubiquitin associated protein modulator,Tau protein| Ubiquitin associated protein,South Korea,EVALUATE| CORTELLIS| PHARMAPROJECTS,2026-05-08T16:03:09.795Z,2026-05-08T16:03:09.795Z
215d2e71-7053-45e6-b33f-49581771017a,AVM-0703,5c07138f-52e0-4493-a4a5-ec215bd2c200,,Phase 2 Clinical,,,AVM Licensing,Infusion| Intravenous formulation| Other reformulation| Small molecule| Steroid| Synthetic small molecule| Topical mucosal,Phase 2 Clinical,"Acute leukemia| Adenocarcinoma| B-cell acute lymphoblastic leukemia| B-cell lymphoma| Biliary atresia| Burkitts lymphoma| COVID-19 complications| COVID-19 treatment| Cancer| Coronavirus disease 19 infection| Diffuse large B-cell lymphoma| Follicle center lymphoma| General blood malignancies| Glioblastoma| High grade B-cell lymphoma| Hodgkins disease| Influenza virus infection| Insulin dependent diabetes| Leukaemia, acute lymphocytic (ALL)| Leukaemia, acute myeloid (AML)| Liver failure| Lymphoblastic leukemia| Mantle cell lymphoma| Metastatic breast cancer| Metastatic colon cancer| Metastatic esophageal cancer| Metastatic ovary cancer| Metastatic stomach cancer| Multiple myeloma| Non-Hodgkin lymphoma| Osteoarthritis| Parkinsons disease| Prostate tumor| Respiratory distress syndrome| Sarcoma| Small lymphocytic lymphoma| Squamous cell carcinoma| Stem cell transplantation| T-cell acute lymphoblastic leukemia",Cancer| Endocrine/Metabolic| Gastrointestinal| Immune| Infection| Inflammatory| Neurology/Psychiatric| Other/Miscellaneous| Rare Diseases| Respiratory,Arachidonic acid inhibitor| Cyclooxygenase inhibitor| Glucocorticoid receptor (GCR) agonist| Glucocorticoid receptor agonist| Natural killer T cell inhibitor| Natural killer T-cell (NKT) stimulant,,US,EVALUATE| CORTELLIS| PHARMAPROJECTS,2026-05-08T16:03:12.057Z,2026-05-08T16:03:12.057Z
f0824b85-76d1-4512-8c23-a544ea2131d6,GM-625,01df0561-8e99-4a6e-95b5-a6c750d9cb38,,Preclinical,,,Fudan University,Small molecule| Systemic formulation unspecified,Preclinical,Alzheimers disease,Neurology/Psychiatric,,,China,CORTELLIS,2026-05-08T16:03:12.096Z,2026-05-08T16:03:12.096Z
5b4cc8de-2690-4e60-9101-17fab6b253f3,PIP2 Research Program,96337a70-a878-4e55-be3d-25b1352b037c,,Preclinical,,,Columbia University,Small molecule,Preclinical,Alzheimers disease,Neurology/Psychiatric,Unclassified,,US,EVALUATE,2026-05-08T16:03:09.034Z,2026-05-08T16:03:09.034Z
095bb065-08cd-4186-808c-cc26fe8ba1bb,Nilotinib Parkinson's Research Project,93e65afe-1cf3-46ba-9642-95be96383519,,Phase 3 Clinical,,,KeifeRx LLC,Small molecule,Phase 1 Clinical| Phase 2 Clinical| Phase 3 Clinical,Alzheimers disease| Huntington's disease| Lewy body dementia| Parkinson's disease,Neurology/Psychiatric,Bcr/Abl fusion protein inhibitor| Platelet-derived growth factor receptor (PDGFR) antagonist| Proto-oncogene c-Kit (CD117) inhibitor| Tyrosine kinase (TYK) inhibitor,,US,EVALUATE,2026-05-08T16:03:09.156Z,2026-05-08T16:03:09.156Z
3776048f-d0ba-4679-9000-24577fba1714,ANVS-301,85d9a011-4920-459d-899d-8ced5846a470,,Suspended,,,Horizon Orphan Holdings LLC| Qr Ltd| Raptor Systems Inc,Oral formulation| Small molecule| Synthetic small molecule| Systemic formulation unspecified,Phase 1 Clinical| Preclinical| Suspended,"Alzheimers disease| Cognitive disorder| Dementia| Poisoning, organophosphate",Neurology/Psychiatric| Other/Miscellaneous| Toxicity/Intoxication,Amyloid precursor protein (APP) inhibitor| Beta amyloid precursor protein antagonist| Beta amyloid synthesis inhibitor| Butyrylcholinesterase inhibitor| Cholinesterase modulator,Beta amyloid| Cholinesterase,US,EVALUATE| CORTELLIS| PHARMAPROJECTS,2026-05-08T16:03:09.634Z,2026-05-08T16:03:09.634Z
82eedf60-507c-4966-bc30-8585200d9f3c,"edaravone (oral tablet, amyotrophic lateral sclerosis/acute ischemic stroke/ASD/AD/NASH), Auzone Biological Technology/Huadong Medicine",8d1c8537-28bf-421c-a046-5c1a9012d3f2,"edaravone, Auzone Biological Technology",Launched,,,Auzone Biological Technology Pty Ltd| Huadong Hospital,Oral formulation| Small molecule| Tablet formulation,Launched| Phase 2 Clinical| Preclinical,"Altitude sickness| Alzheimers disease| Amyotrophic lateral sclerosis| Autism| Autism spectrum disorders (ASD)| Ischaemia, cerebral| Ischemic stroke| Metabolic dysfunction-associated steatohepatitis| Stroke",Cardiovascular| Gastrointestinal| Neurology/Psychiatric| Rare Diseases| Respiratory,Apoptosis regulator BAX inhibitor| Apoptosis stimulant| Free radical scavenger,,Australia| China,EVALUATE| CORTELLIS| PHARMAPROJECTS,2026-05-08T16:03:11.775Z,2026-05-08T16:03:11.775Z
fc9ff9df-e01b-4f8c-9fb3-1ee6e25a1fdf,KINE-PD-28,b2f0664e-4ab5-422d-8fef-57ccc0d0f1c9,,Preclinical,,,Kine Sciences,Peptide| Small molecule| Systemic formulation unspecified,Preclinical,Alzheimers disease,Neurology/Psychiatric,Amyloid protein deposition inhibitor,Beta amyloid,South Korea,CORTELLIS,2026-05-08T16:03:12.096Z,2026-05-08T16:03:12.096Z
1414ff33-6bcb-4709-a7b4-28d794a451fa,AST-004,fe088d9f-fb84-46af-8c16-e1707dc4b808,AST-004 Oral,Suspended,,,Astrocyte Pharmaceuticals Inc,Infusion| Intravenous formulation| Small molecule| Synthetic small molecule,Phase 1 Clinical| Phase 2 Clinical| Preclinical| Suspended,"Alzheimers disease| Ischaemia, cerebral| Ischemic stroke| Neurological disease| Traumatic brain injury",Cardiovascular| Neurology/Psychiatric,Adenosine A1 receptor agonist| Adenosine A3 receptor agonist| K-Ras inhibitor| PY2 purinoceptor 1 agonist| Purinoceptor agonist,Adenosine A1 receptor| Adenosine A3 receptor| Purinoceptor,US,EVALUATE| CORTELLIS| PHARMAPROJECTS,2026-05-08T16:03:08.374Z,2026-05-08T16:03:08.374Z
8129d242-f37e-4817-a70f-95dab40a5c53,QRL-101,9c8786f4-c60a-4f29-9a01-a3290610e1c6,,Phase 1 Clinical,,,Quiver Dental Inc| QurAlis Corp,Oral formulation| Small molecule,Phase 1 Clinical| Preclinical,"Amyotrophic lateral sclerosis| Developmental and epileptic encephalopathy| Encephalopathy, epileptic| Epilepsy| Frontotemporal dementia| Musculoskeletal pain| Seizures, general",Neurology/Psychiatric| Rare Diseases,KCNQ voltage-gated potassium channel-2 stimulator| KCNQ voltage-gated potassium channel-3 stimulator| Kv7.2 potassium channel regulator| Potassium channel activator| Potassium channel agonist| TBK1 gene modulator,KCNQ voltage-gated potassium channel-2| KCNQ voltage-gated potassium channel-3| TBK1 gene,US,EVALUATE| CORTELLIS| PHARMAPROJECTS,2026-05-08T16:03:08.594Z,2026-05-08T16:03:08.594Z
9b74e0c7-0c82-4f36-92c2-d8aa7bb61e76,COG-112,d3d37486-20bb-4072-8d87-954c370e6756,COG112,Suspended,,,Cognosci Inc| Duke Ltd,Biological| Peptide| Small molecule| Sustained release formulation| Synthetic peptide,Preclinical| Suspended,"Colitis| Multiple sclerosis| Multiple sclerosis (MS) unspecified| Multiple sclerosis, progressive, unspecified| Multiple sclerosis, relapsing-remitting| Spinal cord injury",Alimentary/Metabolic| Cancer| Gastrointestinal| Immune| Neurology/Psychiatric| Rare Diseases,Apolipoprotein A1 agonist| Apolipoprotein E (ApoE) 4 mimetic| Apolipoprotein E agonist,Apolipoprotein E,US,EVALUATE| CORTELLIS| PHARMAPROJECTS,2026-05-08T16:03:08.656Z,2026-05-08T16:03:08.656Z
3c509675-657c-493b-a335-aae1d0e964f3,Parkinsons Disease Research Project,f50a163e-4d10-4b69-827e-51da929e34e0,,Preclinical,,,Cavalon Therapeutics Inc,Small molecule,Preclinical,Parkinson's disease,Neurology/Psychiatric,Calcium channel inhibitor,,US,EVALUATE,2026-05-08T16:03:08.316Z,2026-05-08T16:03:08.316Z
abb362f1-31de-490f-898b-0918af44522d,Bryostatin-1,d81159ca-7449-4375-9516-ee326c00af50,,Phase 2 Clinical,,,Petros Pharmaceuticals Inc| Stanford Medicine| TAO Synergies,Small molecule,Phase 1 Clinical| Phase 2 Clinical| Preclinical,Alzheimers disease| Amyotrophic lateral sclerosis| Fragile X syndrome| HIV treatment| Multiple sclerosis (MS) unspecified| Niemann Pick disease| Other neurological indications| Rett syndrome| Solid tumour indications| Traumatic brain injury,Neurology/Psychiatric,Protein kinase C (PKC) epsilon stimulant| Protein kinase C (PKC) inhibitor,,US,EVALUATE,2026-05-08T16:03:08.474Z,2026-05-08T16:03:08.474Z
f8455cf7-77ae-4309-b0f7-3de51e2457fe,monosodium alpha luminol,0386c23a-4159-45bf-90d1-ef0ab135c2ae,"monosodium alpha luminol (inhalant, Parkinsons disease/neurological diseases/COPD), Bach Pharma| monosodium alpha luminol (oral, neurological diseases/COPD/Parkinsons disease/Ataxia telangiectasia), Bach Pharma",Suspended,,,Bach Pharma Inc| The Centre of Modern Medicine Ltd,Aerosol formulation inhalant| Buccal formulation systemic| Dermatological formulation| Emulsion dermatological| Inhalant formulation| Intramuscular formulation| Intravenous formulation| Nasal formulation| Ophthalmic formulation| Ophthalmic liquid formulation| Oral formulation| Small molecule| Synthetic small molecule,Launched| Phase 1 Clinical| Suspended,"Alzheimers disease| Amyotrophic lateral sclerosis| Ataxia telangiectasia| Autoimmune disease| Biliary cancer| Chronic obstructive airway disease| Dry eye| Friedreich ataxia| Genitourinary disease| Gynecological disorder| Immune deficiency| Inflammatory disease| Ischaemia, cerebral| Liver tumor| Neurological disease| Parkinson's disease| Parkinsons disease| Radio/chemotherapy-induced injury, unspecified| Solid tumor| Thymus neoplasm| Wound healing",Cancer| Cardiovascular| Dermatologic| Genitourinary/Sexual Function| Immune| Musculoskeletal| Neurology/Psychiatric| Ocular| Other/Miscellaneous| Rare Diseases| Respiratory| Sensory Organs,IL2 gene inhibitor| Reducing agent| Unidentified pharmacological activity,IL2 gene,US,CORTELLIS| PHARMAPROJECTS,2026-05-08T16:03:12.055Z,2026-05-08T16:03:12.055Z
e39e2b7f-b0ec-4bd4-af94-5d62f73cb5bd,perampanel,c1879a68-b1d0-4974-86b6-4604c8b1e3ed,Fycompa| lemborexant,Launched,,,Eisai Inc| Ligand Research LLC,Film coating| Granule| Infusion| Injectable formulation| Once daily formulation| Oral formulation| Oral suspension formulation| Small molecule| Synthetic small molecule| Tablet formulation,Launched| Phase 1 Clinical| Phase 2 Clinical| Phase 3 Clinical,"Alzheimers disease| Amyotrophic lateral sclerosis| Apnea| Chronic obstructive airway disease| Circadian rhythm sleep disorder| Delirium| Dementia| Diabetic neuropathy| Epilepsy| Epilepsy, generalized, tonic-clonic| Epilepsy, partial (focal, local)| Insomnia| Migraine prophylaxis| Multiple sclerosis| Neuropathic pain| Obstructive sleep apnea| Pain, post-herpetic| Parkinson's disease| Tonic clonic epilepsy| Tonic seizure",Immune| Neurology/Psychiatric| Rare Diseases| Respiratory,AMPA receptor agonist| Alpha-amino-3-hydroxy-5-methyl-4-isoxazole-propionic acid (AMPA) receptor antagonist| Orexin 1 receptor agonist| Orexin 2 receptor agonist,AMPA receptor| Orexin 1 receptor| Orexin 2 receptor,Japan| US,EVALUATE| CORTELLIS| PHARMAPROJECTS,2026-05-08T16:03:08.556Z,2026-05-08T16:03:08.556Z
7e990479-dbda-4727-ae9a-1c005f2a532c,GT-02287,5c655ec6-94a3-4934-9d3b-63c886b9fe3a,,Phase 1 Clinical,,,Gain Medical Co Ltd,Oral suspension formulation| Powder for oral solution formulation| Small molecule,Phase 1 Clinical| Preclinical,Alzheimers disease| Gaucher disease| Lewy body dementia| Parkinson's disease| Parkinsons disease,Alimentary/Metabolic| Neurology/Psychiatric| Rare Diseases,Beta-glucosidase modulator| Glucocerebrosidase (GCase) regulator| Glucocerebrosidase (GCase) stimulant| Glucosylceramidase beta (GBA) stimulant| Glucosylceramidase modulator,Beta-glucosidase| Glucosylceramidase,US,EVALUATE| CORTELLIS| PHARMAPROJECTS,2026-05-08T16:03:08.373Z,2026-05-08T16:03:08.373Z
64abb199-349a-4ec6-9ead-84b972e3db29,CMS-121,04ed9656-bbe1-4024-b2c0-1103d74eebfb,CMS121,Phase 1 Clinical,,,Salk Cancer Center,Capsule formulation| Natural product| Oral formulation| Small molecule,Phase 1 Clinical,Alzheimers disease| Huntingtons chorea,Neurology/Psychiatric,Fatty acid synthase modulator| Inflammation mediator inhibitor| Lipid regulator,Fatty acid synthase,US,EVALUATE| CORTELLIS,2026-05-08T16:03:09.213Z,2026-05-08T16:03:09.213Z
dbce201f-9335-405b-b795-a7627da02262,YDC103,67bcb58b-8c01-4faf-ab40-74ad897e9ff4,YDC-103,Preclinical,,,Yd Ltd,Small molecule| Synthetic small molecule,Discovery| Preclinical,Alzheimers disease,Neurology/Psychiatric,Amyloid precursor protein (APP) inhibitor| Tau aggregation inhibitor,,South Korea,EVALUATE| PHARMAPROJECTS,2026-05-08T16:03:11.673Z,2026-05-08T16:03:11.673Z
650beb42-5372-41bc-9d43-326f8dab23c7,CB-2233,3b5ab858-113a-4556-9001-e9560f1616fe,CB2233,Suspended,,,Cennerv Pharmaceuticals Pte Ltd,Small molecule| Synthetic small molecule,Preclinical| Suspended,Alzheimers disease| Attention deficit disorder/hyperactivity (ADD/ADHD)| Attention deficit hyperactivity disorder| Frontotemporal dementia,Neurology/Psychiatric,Glutamine synthetase modulator| Unclassified| Unidentified pharmacological activity,Glutamine synthetase,Singapore| UK,EVALUATE| CORTELLIS| PHARMAPROJECTS,2026-05-08T16:03:08.476Z,2026-05-08T16:03:08.476Z
a4d00b97-839f-425f-995c-9d0fc2584726,PTG-630,e4fa75b1-b6cd-468a-b3cd-8c2c757eba06,,Preclinical,,,Praetego Inc,Small molecule| Synthetic small molecule,Preclinical,Alzheimers disease| Diabetic neuropathy| Diabetic peripheral neuropathy| Diabetic retinopathy,Neurology/Psychiatric| Ocular| Sensory Organs,Advanced glycation end-product (AGE) formation inhibitor| Fructosamine-3-kinase (FN3K) inhibitor,,US,EVALUATE| CORTELLIS| PHARMAPROJECTS,2026-05-08T16:03:08.876Z,2026-05-08T16:03:08.876Z
b67043b5-f8a6-4a33-a350-96481c6452cb,AI-116,f1fd4604-05cd-4539-8c40-661c5f95ff3e,,Preclinical,,,Algorae Pharmaceuticals,Small molecule,Preclinical,Frontotemporal dementia,Neurology/Psychiatric,Unclassified,,Australia,EVALUATE,2026-05-08T16:03:09.314Z,2026-05-08T16:03:09.314Z
edaabbc2-b475-470e-8c6b-9517ac885010,PRG-A-05,8a6e5ea7-a6ae-49c3-84ff-26a6c750a999,,Phase 1 Clinical,,,PRG S&Tech Inc,Oral formulation| Small molecule,Phase 1 Clinical,Amyotrophic lateral sclerosis,Neurology/Psychiatric,Superoxide dismutase (Cu-Zn) inhibitor,Superoxide dismutase (Cu-Zn),South Korea,CORTELLIS,2026-05-08T16:03:11.996Z,2026-05-08T16:03:11.996Z
d2d2e6ce-4132-4d7a-864d-415a6d58e59f,Allopregnanolone,70b27037-3102-4481-a3fd-1ac43497c72e,"allopregnanolone, NeuTherapeutics",Phase 2 Clinical,,,NeuTherapeutics,Animal| Parenteral formulation| Small molecule| Synthetic small molecule,Phase 2 Clinical,Alzheimers disease,Neurology/Psychiatric,Gamma-aminobutyric acid (GABA) A receptor positive allosteric regulator| Gamma-aminobutyric acid (GABA) receptor agonist| Unidentified pharmacological activity,,US,EVALUATE| PHARMAPROJECTS,2026-05-08T16:03:09.416Z,2026-05-08T16:03:09.416Z
3059220a-eab6-42fc-95fe-546257c059bd,JNJ-0376,06c55fa3-deee-476e-a055-403544013dd9,,Phase 1 Clinical,,,Johnson & Johnson Inc,Small molecule| Systemic formulation unspecified,Phase 1 Clinical,Parkinsons disease,Neurology/Psychiatric,,,US,CORTELLIS| PHARMAPROJECTS,2026-05-08T16:03:12.314Z,2026-05-08T16:03:12.314Z
58929051-7550-490d-b591-16f9fa814242,JBPOS0101-(PO),c5d31de8-4548-42e8-a3a2-06431ec9e092,,Phase 2 Clinical,,,Bio-Pharm Inc,Small molecule,Phase 1 Clinical| Phase 2 Clinical,Alzheimers disease| Depression| Epilepsy| Generalised anxiety| Pain| Parkinson's disease,Neurology/Psychiatric,Metabotropic glutamate receptor (mGluR) agonist,,South Korea,EVALUATE,2026-05-08T16:03:08.717Z,2026-05-08T16:03:08.717Z
8c36db2f-f3c0-4325-a207-eabcec386e05,JBPOS-0607,1dd3baee-b340-45c9-b733-5cc1b1b546c1,ADD485002,Suspended,,,Bio-Pharm Inc,Small molecule| Synthetic small molecule| Systemic formulation unspecified,Preclinical| Suspended,Alzheimers disease| Epilepsy| Parkinson's disease| Parkinsons disease,Neurology/Psychiatric,Unclassified| Unidentified pharmacological activity,,South Korea,EVALUATE| CORTELLIS| PHARMAPROJECTS,2026-05-08T16:03:09.414Z,2026-05-08T16:03:09.414Z
c67beddf-9629-43c2-a39c-f6b916c9d171,Kamlanoflast,b14f25aa-7222-4251-80fe-f828143f694f,,Preclinical,,,Inflammasome Therapeutics,Small molecule,Preclinical,Amyotrophic lateral sclerosis,Neurology/Psychiatric| Rare Diseases,Unidentified pharmacological activity| Unknown,,US,EVALUATE| PHARMAPROJECTS,2026-05-08T16:03:09.475Z,2026-05-08T16:03:09.475Z
89fbbdec-9170-4777-ba0b-9022aebe3a1f,IL-2112,9ed98844-c491-4bdf-b147-97e96e46ea9d,,Preclinical,,,iLeadBMS Co Ltd,Oral formulation| Small molecule| Synthetic small molecule,Preclinical,"Alimentary/metabolic disease, unspecified| Amyotrophic lateral sclerosis| Autoimmune disease| Cardiovascular disease| Fibrosis| General cardiovascular indications| General inflammatory disorders| Multiple sclerosis| Neurodegenerative disease| Neurological disease| Other metabolic indications| Other musculoskeletal disorders| Other neurological indications",Alimentary/Metabolic| Cardiovascular| Immune| Inflammatory| Musculoskeletal| Neurology/Psychiatric,C-X-C chemokine receptor 7 agonist| CXC chemokine receptor agonist| CXCR7 chemokine agonist,CXCR7 chemokine,South Korea,EVALUATE| CORTELLIS| PHARMAPROJECTS,2026-05-08T16:03:12.315Z,2026-05-08T16:03:12.315Z
ba7bc4fa-1b01-4e7e-adf2-f98836ff61ec,CVN-293,dfeec897-f355-412b-b25a-44a71c3482cc,CVN293,Suspended,,,Cerevance Ltd,Oral formulation| Small molecule| Synthetic small molecule| Systemic formulation unspecified,Phase 1 Clinical| Suspended,Alzheimers disease| Amyotrophic lateral sclerosis| Frontotemporal dementia| Inflammatory disease| Parkinsons disease,Musculoskeletal| Neurology/Psychiatric| Rare Diseases,KCNK potassium channel-13 inhibitor| NLR family pyrin domain containing 3 (NLRP3) inflammasome inhibitor| Potassium channel antagonist,KCNK potassium channel-13,US,EVALUATE| CORTELLIS| PHARMAPROJECTS,2026-05-08T16:03:08.594Z,2026-05-08T16:03:08.594Z
de37c83f-f090-49e1-a17e-d9b7ec83d162,Farnesyltransferase inhibitor,3b9844ba-d788-4861-9c69-45ce549e1fb6,"Farnesyltransferase inhibitor, QPMind",Preclinical,,,QPMind,Small molecule,Discovery| Preclinical,Alzheimers disease| Corticobasal degeneration| Other neurological indications,Neurology/Psychiatric| Rare Diseases,Farnesyl protein transferase (FPTase) inhibitor| Protein farnesyltransferase inhibitor,,US,EVALUATE| PHARMAPROJECTS,2026-05-08T16:03:11.614Z,2026-05-08T16:03:11.614Z
98370aed-b614-4f62-9174-94f3ec372225,AVB-08,b8f873a3-a4b3-4007-919a-6f795b3f55ce,,Preclinical,,,Aivo Biosciences Inc,Once daily formulation| Small molecule| Systemic formulation unspecified,Preclinical,Alzheimers disease| Dementia related psychosis| Neuropathic pain| Schizophrenia,Neurology/Psychiatric,Muscarinic M1 receptor agonist,Muscarinic M1 receptor,US,CORTELLIS,2026-05-08T16:03:12.217Z,2026-05-08T16:03:12.217Z
b87822b2-4ce6-4c8c-bd15-00ffe8629bb2,"AT-003, Cycle Pharmaceuticals",feba9f75-2e02-4522-9d3d-f9ea7c1f40c9,AT-003,Phase 2 Clinical,,,Arctic Inc,Small molecule,Phase 2 Clinical,Inflammatory bowel disease| Insulin dependent diabetes| Multiple sclerosis (MS) unspecified| Parkinson's disease| Rheumatoid arthritis| Systemic lupus erythematosus,Immune,Unclassified,,Iceland,EVALUATE| CORTELLIS| PHARMAPROJECTS,2026-05-08T16:03:08.376Z,2026-05-08T16:03:08.376Z
87a1b238-5004-4711-9a8b-8a695283f731,AKV-9,dc87bc54-9320-46e9-927d-1a1091b0378d,AKV9,Preclinical,,,AKAVA Therapeutics Inc| INVO Centers LLC,Small molecule| Synthetic small molecule| Systemic formulation unspecified| Unidentified,Preclinical,Alzheimers disease| Amyotrophic lateral sclerosis| Frontotemporal dementia| Hereditary spastic paraplegia| Primary lateral sclerosis,Neurology/Psychiatric| Rare Diseases,Beta amyloid modulator| Superoxide dismutase (Cu-Zn) modulator| Tau aggregation inhibitor| Unidentified pharmacological activity,Beta amyloid| Superoxide dismutase (Cu-Zn),US,EVALUATE| CORTELLIS| PHARMAPROJECTS,2026-05-08T16:03:08.776Z,2026-05-08T16:03:08.776Z
1840e0d2-272e-4f24-8c04-7491ac19ed21,AVI-009,d6d5e899-a022-4e51-a6c1-d447e647b1d9,,Preclinical,,,Avicenna Technology,Oral formulation| Small molecule,Preclinical,Amyotrophic lateral sclerosis| Charcot Marie Tooth type 2 disease| Parkinson's disease| Parkinsons disease,Neurology/Psychiatric| Rare Diseases,Rho associated protein kinase 1 inhibitor| Rho associated protein kinase 2 inhibitor| Rho-associated kinase inhibitor| Rho-associated protein kinase (ROCK) inhibitor,Rho associated protein kinase 1| Rho associated protein kinase 2,US,EVALUATE| CORTELLIS| PHARMAPROJECTS,2026-05-08T16:03:09.217Z,2026-05-08T16:03:09.217Z
056ee298-d1fe-4e52-a586-52aa2cd03d45,ACD-680,aa23de87-86de-40ed-86cb-1c9c1fa026b7,ACD-679| ACD679| ACD680,Suspended,,,AlzeCure Pharma AB,Oral formulation| Small molecule| Synthetic small molecule| Tablet formulation,Preclinical| Suspended,Alzheimers disease,Neurology/Psychiatric,Beta amyloid modulator| Beta amyloid protein 42 antibody| Gamma secretase complex regulator| Gamma secretase inhibitor| Gamma-secretase inhibitor| Secretase inhibitor,Beta amyloid| Gamma-secretase,Sweden,EVALUATE| CORTELLIS| PHARMAPROJECTS,2026-05-08T16:03:08.376Z,2026-05-08T16:03:08.376Z
17c34f10-60d5-4fec-9bb0-16877fdf0007,JAL-TA9,66b8a46d-5be5-4156-a814-59144f676d7e,,Preclinical,,,O-Force Co Ltd,Nasal formulation| Peptide| Small molecule,Preclinical,Alzheimers disease,Infection| Neurology/Psychiatric,Beta amyloid modulator| Protein Tob1 modulator,Beta amyloid| Protein Tob1,Japan,CORTELLIS,2026-05-08T16:03:11.835Z,2026-05-08T16:03:11.835Z
ddd647ee-d2d0-4796-8e64-1baaaadb8b0d,MT-101-5,02ae6e56-9cea-492e-93fa-f0bf1fea54d2,MT101,Phase 2 Clinical,,,Mthera Pharma Co Ltd,Natural product| Oral formulation| Plant| Small molecule| Tablet formulation,Phase 1 Clinical| Phase 2 Clinical,Parkinson's disease| Parkinsons disease,Neurology/Psychiatric,Synuclein accumulation inhibitor| Synuclein inhibitor,,South Korea,EVALUATE| CORTELLIS| PHARMAPROJECTS,2026-05-08T16:03:08.995Z,2026-05-08T16:03:08.995Z
5e8a4de7-925e-4041-9b58-a4f7cae3c1ba,NEU-411,2c1bb4fa-2bd1-47d9-9022-f12f9727af05,NEU-723,Suspended,,,Neuron23 Inc| Origenis GmbH| Qiagen NV,Companion diagnostic| Once daily formulation| Oral formulation| Small molecule| Synthetic small molecule,Phase 1 Clinical| Phase 2 Clinical| Suspended,"Diagnosis, CNS| Inflammatory disease| Neurological disease| Parkinson's disease| Parkinsons disease",Musculoskeletal| Neurology/Psychiatric,Leucine rich serine threonine kinase 2 inhibitor| Leucine-rich repeat kinase 2 inhibitor| Leucine-rich repeat serine/threonine-protein kinase 2 inhibitor| Not applicable,Leucine rich serine threonine kinase 2,Germany| Netherlands| US,EVALUATE| CORTELLIS| PHARMAPROJECTS,2026-05-08T16:03:09.376Z,2026-05-08T16:03:09.376Z
04144cbb-d71b-47a9-9fe6-d1236f29842c,NLY-03,1df10fbb-4071-421a-9ab2-da7c7fd49cb5,,Preclinical,,,D&D Pharmatech| Neuraly Inc,Small molecule| Synthetic small molecule,Discovery| Preclinical,"Ischaemia, cerebral| Parkinson's disease| Stroke",Cardiovascular| Neurology/Psychiatric,Macrophage migration inhibitory factor (MIF) inhibitor,,South Korea| US,EVALUATE| PHARMAPROJECTS,2026-05-08T16:03:11.554Z,2026-05-08T16:03:11.554Z
05bc2770-c3ec-4a9c-a28f-394ea35888e4,18F-FC211,ee71d376-4082-44d7-93ca-09e7c8cebc1b,,Suspended,,,Futurechem Co Ltd,Imaging agent| In vivo diagnostics| Radiolabeling| Small molecule| Systemic formulation unspecified,Preclinical| Suspended,"Alzheimers disease| Diagnosis, CNS",Neurology/Psychiatric| Unknown,"Beta radiation emitter| Radioemitter, beta",,South Korea,EVALUATE| CORTELLIS| PHARMAPROJECTS,2026-05-08T16:03:11.834Z,2026-05-08T16:03:11.834Z
11856d43-bc2e-4e45-a214-486360714fc3,"BT-13, Genecode/University of Helsinki",b06d9d73-6fc9-4020-8164-ec8e4d8d899c,,Preclinical,,,GeneCode AS,Small molecule,Preclinical,Diabetic peripheral neuropathy| Parkinsons disease,Neurology/Psychiatric,Glial cell neurotrophic factor ligand,Glial cell neurotrophic factor ligand,Estonia,CORTELLIS,2026-05-08T16:03:11.934Z,2026-05-08T16:03:11.934Z
d7f88c27-d1d9-49b7-9a6b-e65f40b91fe5,CT-2168,00ba1320-c632-4d8e-af49-0ebfc32ab664,,Suspended,,,Alpha Cognition Inc,Small molecule| Synthetic small molecule| Systemic formulation unspecified,Preclinical| Suspended,Alzheimers disease| Lewy body dementia| Parkinson's disease| Parkinsons disease dementia,Neurology/Psychiatric,Synuclein inhibitor,Synuclein,US,CORTELLIS| PHARMAPROJECTS,2026-05-08T16:03:12.156Z,2026-05-08T16:03:12.156Z
3c18bffd-4445-4fa9-9072-903ea5555622,JAN-101,e76a7300-4526-4e95-b99a-edbf2d3322bd,TV1001SR,Suspended,,,ALT5 Sigma Inc| Cleveland Eye Clinic| Louisiana University| Soin Neuroscience Inc| TheraVasc Inc,Capsule formulation| Dermatological formulation| Enteric coated formulation| Oral formulation| Other modified-release| Reformulation| Small molecule| Sustained release formulation| Synthetic small molecule| Tablet formulation,Phase 2 Clinical| Preclinical| Suspended,"Age-related frailty| Aging| COVID-19 complications| COVID-19 treatment| Diabetic complication| Diabetic foot ulcer| Diabetic neuropathy| Frailty syndrome| Ischaemia, general| Multiple sclerosis (MS) unspecified| Peripheral arterial occlusive disease| Peripheral vascular disease| Scleroderma| Ulcer, diabetic",Alimentary/Metabolic| Cardiovascular| Dermatologic| Immune| Infection| Neurology/Psychiatric| Other/Miscellaneous| Rare Diseases,Nitric oxide donor| Unidentified pharmacological activity| Virus replication inhibitor,,US,EVALUATE| CORTELLIS| PHARMAPROJECTS,2026-05-08T16:03:08.260Z,2026-05-08T16:03:08.260Z
bb7c3412-a5df-49f5-b7bd-8139420c5846,usnoflast,58f87f6f-03d0-4c4c-8880-a9c4bbf82426,Usnoflast,Suspended,,,Zydus France SAS,Capsule formulation| Small molecule| Synthetic small molecule| Unidentified,Phase 1 Clinical| Phase 2 Clinical| Preclinical| Suspended,"Acute lung injury| Amyotrophic lateral sclerosis| CIAS1 Associated Periodic Syndromes (CAPS)| CINCA syndrome| COVID-19 complications| Coronavirus disease 19 infection| Cytokine release syndrome| Inflammatory bowel disease| Inflammatory disease| Multiple sclerosis| Other immune indications| Pain, nociceptive, general| Parkinson's disease| Parkinsons disease| Respiratory distress syndrome| Sepsis| Systemic inflammatory response syndrome| Ulcerative colitis",Alimentary/Metabolic| Gastrointestinal| Immune| Infection| Inflammatory| Musculoskeletal| Neurology/Psychiatric| Other/Miscellaneous| Rare Diseases| Respiratory,NACHT LRR PYD domain protein 3 inhibitor| NLR family pyrin domain containing 3 (NLRP3) inflammasome inhibitor| NLR family pyrin domain containing 3 inhibitor| Unidentified pharmacological activity,NACHT LRR PYD domain protein 3,India,EVALUATE| CORTELLIS| PHARMAPROJECTS,2026-05-08T16:03:08.476Z,2026-05-08T16:03:08.476Z
9875827c-5342-4004-8a0d-492b27517105,NBT-NM108,81fa125a-7710-48ca-9c81-a669339561d5,,Phase 2 Clinical,,,Notitia Biotechnologies| Rutgers New Jersey Medical School,Small molecule,Phase 1 Clinical| Phase 2 Clinical,COVID-19 treatment| Colorectal tumor| Multiple sclerosis (MS) unspecified| Parkinson's disease| Prader-Willi syndrome,Infection,Severe acute respiratory syndrome coronavirus-2 (SARS-CoV-2) inhibitor,,US,EVALUATE,2026-05-08T16:03:08.776Z,2026-05-08T16:03:08.776Z
6a6430b8-a70e-4e52-bf57-17b3c5405aac,50561,5788944f-f97b-4518-b8b2-f55132d41cf4,,Phase 2 Clinical,,,Joekai Biotechnology LLC,Oral formulation| Small molecule| Tablet formulation,Phase 2 Clinical,Alzheimers disease,Neurology/Psychiatric,RAC1 GTPase inhibitor,RAC1 GTPase,China,CORTELLIS,2026-05-08T16:03:11.835Z,2026-05-08T16:03:11.835Z
88d72d23-b21c-4cfa-b1a2-a48a66cd1f67,"ambroxol hydrochloride (oral, Parkinson’s disease), Agyany Pharma",57f0102f-c462-4710-bf8c-9472543b8e0f,,Phase 2 Clinical,,,Agyany Pharma Ltd,Oral formulation| Small molecule,Phase 2 Clinical,Gaucher disease| Parkinsons disease,Endocrine/Metabolic| Neurology/Psychiatric,,,Israel,CORTELLIS,2026-05-08T16:03:12.154Z,2026-05-08T16:03:12.154Z
77dc588e-c1a7-429e-9cd5-05541ae3823d,NT-219,99b3d847-ff5f-465e-b3ef-2b6dc9280a9c,NT219,Suspended,,,M Purple Inc| The Hebrew University Of Jerusalem| TyrNovo Ltd,Small molecule| Synthetic small molecule| Systemic formulation unspecified,Phase 2 Clinical| Preclinical| Suspended,"Adenocarcinoma| Advanced solid tumor| Alzheimers disease| Cancer| Cancer, solid, unspecified| Cancer, squamous cell| Colorectal tumor| Head injury| Lung cancer| Melanoma| Metastatic breast cancer| Metastatic colorectal cancer| Metastatic esophageal cancer| Metastatic head and neck cancer| Metastatic pancreas cancer| Metastatic stomach cancer| Neurodegenerative disease| Neurological disease| Oesophageal cancer| Ovarian cancer| Pancreatic cancer| Prostate cancer| Sarcoma| Solid tumour indications| Squamous cell carcinoma",Cancer| Neurology/Psychiatric| Rare Diseases,Immuno-oncology therapy| Insulin receptor substrate (IRS) inhibitor| Insulin receptor substrate 1 inhibitor| Insulin receptor substrate stimulator| Insulin receptor substrate-1 inhibitor| Insulin receptor substrate-2 inhibitor| Insulin-like growth factor 1 receptor agonist| STAT transcription factor 3 inhibitor| STAT-3 inhibitor| Signal transducer and activator of transcription 3 (STAT3) inhibitor,Insulin receptor substrate-1| Insulin receptor substrate-2| Insulin-like growth factor 1 receptor| STAT-3,Israel,EVALUATE| CORTELLIS| PHARMAPROJECTS,2026-05-08T16:03:08.593Z,2026-05-08T16:03:08.593Z
3ca4ce70-e75b-48de-a0fc-12ab36ac1f06,crisdesalazine,ee80f6c9-5f79-4c45-b41c-718cd9bd2972,Crisdesalazine,Suspended,,,Gnt Llc| Toyota Tsusho Corp,Oral formulation| Small molecule| Synthetic small molecule,Phase 1 Clinical| Suspended,"Alzheimers disease| Amyotrophic lateral sclerosis| Arthritis| Dementia, cerebrovascular| Depression| Depression, major depressive disorder| Insulin dependent diabetes| Irritable bowel syndrome| Pain, moderate to severe| Pancreatitis| Parkinson's disease| Spinal muscular atrophy| Ulcer| Ulcerative colitis",Alimentary/Metabolic| Dermatologic| Neurology/Psychiatric| Rare Diseases,Beta amyloid modulator| Prostaglandin E synthase modulator| Prostaglandin E synthase-1 inhibitor| Prostaglandin E2 (PGE2) synthase inhibitor| Prostaglandin E2 receptor agonist| Prostaglandin receptor E2 (PGE2) agonist| Reducing agent,Beta amyloid| Prostaglandin E synthase-1,Japan| South Korea,EVALUATE| CORTELLIS| PHARMAPROJECTS,2026-05-08T16:03:09.153Z,2026-05-08T16:03:09.153Z
6a16de88-bb50-45ad-bca5-cf24ded14f2f,simufilam,9db16640-799e-40f7-8f32-53ba1e94ffaf,Simufilam,Phase 3 Clinical,,,Oy Filana Ltd| Yale University,Small molecule| Synthetic small molecule| Tablet formulation,Phase 3 Clinical| Preclinical,"Alzheimers disease| Central nervous system disease| Epilepsy| Pituitary tumor| Seizures, general| Tuberous sclerosis",Cancer| Neurology/Psychiatric| Rare Diseases,Actin modulator| Cytoskeletal protein modulator| Filamin A modulator| Nicotinic ACh receptor alpha 7 subunit stimulator| TLR-4 modulator,Filamin A| Nicotinic ACh receptor alpha 7 subunit| TLR-4,US,EVALUATE| CORTELLIS| PHARMAPROJECTS,2026-05-08T16:03:09.475Z,2026-05-08T16:03:09.475Z
4e45169f-f6fe-4e47-90d6-c1888f182a13,masitinib,a228056f-aa5f-481a-888b-b40cc3e52ccf,masitinib mesylate,Suspended,,,AB Science| AB Science SA| City of Chicago,Film coating| Oral formulation| Small molecule| Tablet formulation,Launched| Phase 2 Clinical| Phase 3 Clinical| Preclinical| Suspended,"Alzheimers disease| Amyotrophic lateral sclerosis| Anaphylaxis| Asthma| Brain tumor| Breast tumor| COAD/COPD| COVID-19 treatment| Cancer, gastro-oesophageal junction| Cancer, gastrointestinal, stomach| Cancer, melanoma| Cancer, myeloma| Chronic obstructive airway disease| Cognitive disorder| Colorectal tumor| Coronavirus disease 19 infection| Crohns disease| Depression| Depression, major depressive disorder| Gastro-intestinal stromal tumours (GIST)| Gastrointestinal stromal tumor| Gastrointestinal tumor| Glioblastoma| Head injury| Hepatoma, liver cancer| Hormone refractory prostate cancer| Infection, coronavirus, novel coronavirus| Ischemic stroke| Leukaemia, acute myeloid (AML)| Liver tumor| Mast cell activation syndrome| Mastocytosis| Melanoma| Metastatic breast cancer| Metastatic colorectal cancer| Metastatic head and neck cancer| Metastatic liver cancer| Metastatic non small cell lung cancer| Metastatic ovary cancer| Metastatic pancreas cancer| Metastatic prostate cancer| Multiple myeloma| Multiple sclerosis| Multiple sclerosis, progressive, primary| Multiple sclerosis, progressive, secondary| Non-Hodgkin lymphoma| Non-small-cell lung cancer| Oesophageal cancer| Ovarian cancer| Pancreas tumor| Pancreatic cancer| Parkinson's disease| Parkinsons disease| Peripheral T-cell lymphoma| Primary-Progressive MS (PPMS)| Progressive supranuclear palsy| Prostate cancer| Psoriasis| Rheumatoid arthritis| Secondary-Progressive MS (SPMS)| Sickle cell anemia| Solid tumour indications| Stomach cancer| Stroke| T-cell lymphoma| Triple-negative breast cancer",Alimentary/Metabolic| Cancer| Dermatologic| Hematologic| Immune| Infection| Musculoskeletal| Neurology/Psychiatric| Rare Diseases| Respiratory,C-kit inhibitor| CSF-1 antagonist| CSF1-R tyrosine kinase inhibitor| FGF binding protein 3 stimulator| FGF3 receptor antagonist| Fibroblast growth factor receptor 3 (FGFR3) antibody| Fibroblast growth factor receptor 3 antagonist| Fyn tyrosine kinase inhibitor| Kit ligand| Lyn tyrosine kinase inhibitor| PDGF ligand| Platelet-derived growth factor (PDGF) receptor antagonist| Platelet-derived growth factor receptor (PDGFR) antagonist| Platelet-derived growth factor receptor agonist| Protein tyrosine kinase inhibitor| Proto-oncogene c-Kit (CD117) inhibitor| SARS-CoV-2 3C-like protease inhibitor,COVID19 3C-like proteinase NSP5| CSF-1| FGF3 receptor| Fyn tyrosine kinase| Kit tyrosine kinase| Lyn tyrosine kinase| PDGF gene| Protein tyrosine kinase,France| US,EVALUATE| CORTELLIS| PHARMAPROJECTS,2026-05-08T16:03:11.715Z,2026-05-08T16:03:11.715Z
59ba8a4c-8698-45eb-b551-56672960a804,safinamide,ccfb4633-8e1d-4265-ac24-557268a62c76,safinamide mesylate,Suspended,,,Atnahs Pharma UK Ltd (d/b/a Pharmanovia)| Eisai Inc| Meiji Co Ltd| Newron Sweden AB| Pharmacia & Upjohn AB| Supernus Pharmaceuticals Inc| Valeo Vision| Zambon BV,Oral formulation| Small molecule| Synthetic small molecule| Tablet formulation,Launched| Phase 3 Clinical| Suspended,"Dyskinesia, levodopa-induced| Epilepsy| Movement disorder| Multiple system atrophy| Muscle disease| Neuropathic pain| Other neurological indications| Parkinson's disease| Parkinsons disease| Restless legs syndrome",Musculoskeletal| Neurology/Psychiatric| Rare Diseases,Calcium channel antagonist| Calcium channel blocker| Calcium channel inhibitor| Calcium channel modulator| Dopamine receptor agonist| Dopamine reuptake inhibitor| Glutamate release inhibitor| MAO B inhibitor| Monoamine oxidase B (MAOB) inhibitor| Monoamine oxidase B inhibitor| Sodium channel antagonist| Sodium channel blocker| Sodium channel inhibitor,Calcium channel| Dopamine receptor| MAO B| Sodium channel,Canada| Italy| Japan| UK| US,EVALUATE| CORTELLIS| PHARMAPROJECTS,2026-05-08T16:03:11.776Z,2026-05-08T16:03:11.776Z
22af5600-3d40-4c1e-8666-2eebb4f7d7ae,FZ-015,8d143acf-f50f-4fbc-8947-049137786d75,FZ015,Preclinical,,,Fermion Oy,Small molecule| Synthetic small molecule| Systemic formulation unspecified,Discovery| Preclinical,Multiple sclerosis| Multiple sclerosis (MS) unspecified| Parkinson's disease| Parkinsons disease,Immune| Neurology/Psychiatric,Unidentified pharmacological activity| Unknown,,China,EVALUATE| CORTELLIS| PHARMAPROJECTS,2026-05-08T16:03:09.474Z,2026-05-08T16:03:09.474Z
d51bedc4-2f00-4d94-a219-ee9067e4e5c8,PAS-004,ca866e45-20af-4d78-80a7-7777ec78952a,,Phase 1 Clinical,,,AlloMek Therapeutics LLC| Cheminpharma LLC| Pasithea Therapeutics Corp,Capsule formulation| Crystalline form| Once daily formulation| Small molecule,Phase 1 Clinical| Preclinical,"Advanced solid tumor| Amyotrophic lateral sclerosis| Ankylosing spondylitis| Cancer| Cancer, solid, unspecified| Colorectal tumor| Dilated cardiomyopathy| Fibrosarcoma| Inflammatory bowel disease| Liver tumor| Lung tumor| Melanoma| Metastatic pancreas cancer| Multiple sclerosis| Muscular dystrophy| Myocardial disease| Neurofibromatosis type I| Noonan syndrome| Other neurological indications| Ovarian cancer| Solid tumour indications| Stage III melanoma",Alimentary/Metabolic| Cancer| Cardiovascular| Gastrointestinal| Hormonal (excluding sex hormones)| Musculoskeletal| Neurology/Psychiatric| Rare Diseases,MEK-1 protein kinase inhibitor| MEK-2 protein kinase inhibitor| Mitogen-activated protein kinase (MAPK) inhibitor| Mitogen-activated protein kinase 1 inhibitor| Mitogen-activated protein kinase inhibitor| Mitogen-activated protein kinase kinase 2 inhibitor,MEK-1 protein kinase| MEK-2 protein kinase,US,EVALUATE| CORTELLIS| PHARMAPROJECTS,2026-05-08T16:03:09.756Z,2026-05-08T16:03:09.756Z
1d615e7b-a4e9-49f7-ad47-dcb2bf20d50d,KLA-478,5d95d94c-f979-4fcb-b9ec-3301eed8f494,,Phase 1 Clinical,,,Klus Pharma Inc| Sichuan Kelun-Biotech Biopharmaceutical Co Ltd,Intramuscular formulation| Other parenteral| Small molecule| Synthetic small molecule,Phase 1 Clinical| Preclinical,Parkinsons disease| Undisclosed,Neurology/Psychiatric| Unknown,Unidentified pharmacological activity| Unknown,,China,EVALUATE| CORTELLIS| PHARMAPROJECTS,2026-05-08T16:03:12.096Z,2026-05-08T16:03:12.096Z
2f0c57f7-fbe1-4f62-b940-252f0dfe8144,"apoE-mimetic peptides (traumatic brain injury/subarachnoid hemorrhage/neurodegenerative diseases/asthma), Cognosci",a6562e15-3df5-4210-b410-4831cda61251,COG133| COG1410,Suspended,,,Cognosci Inc| Duke Ltd,Parenteral formulation unspecified| Peptide| Small molecule| Synthetic peptide| Synthetic small molecule,Preclinical| Suspended,Alzheimers disease| Cardiovascular disease| Inflammatory disease| Multiple sclerosis (MS) unspecified| Neurological disease| Subarachnoid haemorrhage| Traumatic brain injury,Cardiovascular| Hematologic| Musculoskeletal| Neurology/Psychiatric| Respiratory,Amyloid protein deposition inhibitor| Apolipoprotein A1 agonist| Apolipoprotein E (ApoE) 4 mimetic| Apolipoprotein E agonist| Tau deposition inhibitor| Unidentified pharmacological activity,Apolipoprotein E| Beta amyloid| Tau protein,US,EVALUATE| CORTELLIS| PHARMAPROJECTS,2026-05-08T16:03:08.555Z,2026-05-08T16:03:08.555Z
1c1ac276-0790-480b-bdd8-48d0ddd9cf49,Vizomitin,4069433d-efff-4b4c-9f81-796f479ab129,"Plastomitin| SkQ-1 (systemic), Mitotech",Suspended,,,Essex Bio-Technology Ltd| Mitotech AB,Ophthalmic formulation| Ophthalmic liquid formulation| Oral formulation| Small molecule| Synthetic small molecule,Launched| Phase 1 Clinical| Phase 3 Clinical| Preclinical| Suspended,"Acute kidney injury| Alzheimers disease| Barth syndrome| Cataract| Dry age related macular degeneration| Dry age-related macular degeneration (AMD)| Dry eye| Friedreich ataxia| Glaucoma| Inflammatory disease| Lebers hereditary optic atrophy| Macular degeneration, age-related, unspecified| Metabolic dysfunction-associated steatohepatitis| Multiple sclerosis| Multiple sclerosis (MS) unspecified| Neurodegenerative disease| Neurological disease| Non-alcoholic steatohepatitis| Obesity| Other metabolic indications| Other neurological indications| Rheumatoid arthritis| Uveitis| Wet age-related macular degeneration (AMD)| Xerophthalmia",Alimentary/Metabolic| Gastrointestinal| Genitourinary/Sexual Function| Immune| Inflammatory| Musculoskeletal| Neurology/Psychiatric| Ocular| Other/Miscellaneous| Rare Diseases| Sensory Organs,Cardiolipin peroxidation inhibitor| Reducing agent,,Hong Kong| Luxembourg,EVALUATE| CORTELLIS| PHARMAPROJECTS,2026-05-08T16:03:08.934Z,2026-05-08T16:03:08.934Z
22da5533-51dc-48d6-ac2d-a18101ac22f5,LP-226A1,f80e59d8-c5db-424e-9961-d52c8d9eb5da,LAM-226| LP226A1,Suspended,,,Laminar Inc,Natural product| Oral formulation| Small molecule| Synthetic small molecule,Preclinical| Suspended,Alzheimers disease| Cancer| Down syndrome| General cancer indications| Other neurological indications,Cancer| Neurology/Psychiatric| Rare Diseases,Free fatty acid receptor (FFA) agonist| Tau aggregation inhibitor| Tau kinase inhibitor,Glycogen synthase kinase-3,Spain,EVALUATE| CORTELLIS| PHARMAPROJECTS,2026-05-08T16:03:08.836Z,2026-05-08T16:03:08.836Z
70b02fac-c7de-4547-94b2-a7e4d27d0e86,PV-267,1bbca34c-b5e8-4dc3-a3e9-9b5890fbc7d1,,Suspended,,,Provid Pharmaceuticals Inc,Parenteral formulation unspecified| Peptidomimetic| Small molecule| Synthetic peptide,Discovery| Preclinical| Suspended,Multiple sclerosis| Multiple sclerosis (MS) unspecified,Immune| Neurology/Psychiatric,HLA class II antigen DRB inhibitor| MHC Class II antagonist| Major histocompatibility complex (MHC) class II DR2 inhibitor,HLA class II antigen DRB,US,EVALUATE| CORTELLIS| PHARMAPROJECTS,2026-05-08T16:03:09.474Z,2026-05-08T16:03:09.474Z
ab9ff137-da0c-4416-855e-06f382b0aa4f,VES-002,7c94e0a4-391e-473d-b8fd-aa9f0897b091,,Preclinical,,,Vesper Energy,Oral formulation| Small molecule| Synthetic small molecule,Discovery| Preclinical,Parkinson's disease| Parkinsons disease,Neurology/Psychiatric,Sortilin receptor modulator,Sortilin receptor,Denmark,EVALUATE| CORTELLIS| PHARMAPROJECTS,2026-05-08T16:03:09.634Z,2026-05-08T16:03:09.634Z
111a6edf-fc22-46a5-a910-15c75d33a78f,FHND-1002,b0957038-04de-4633-bc88-7362da20fd0f,FHND1002,Phase 2 Clinical,,,Jiangsu Chia Tai Fenghai Pharmaceutical Co Ltd| Sino Business Ltd,Granule| Oral formulation| Small molecule| Synthetic small molecule,Phase 1 Clinical| Phase 2 Clinical| Preclinical,Amyotrophic lateral sclerosis| Ischemic stroke| Parkinson's disease| Parkinsons disease,Neurology/Psychiatric| Rare Diseases,Unidentified pharmacological activity| Unknown,,China,EVALUATE| CORTELLIS| PHARMAPROJECTS,2026-05-08T16:03:08.595Z,2026-05-08T16:03:08.595Z
915b8c69-4735-4f96-bc53-4117545fdb74,NTX-083,acb0b95c-c110-49a5-832d-4d69c66464c9,,Phase 1 Clinical,,,Neusignal Therapeutics Inc,Oral formulation| Small molecule| Synthetic small molecule,Phase 1 Clinical,Alzheimers disease,Neurology/Psychiatric,ATP-sensitive potassium channel antagonist| Potassium channel inhibitor| Unknown,Potassium channel,Japan,EVALUATE| CORTELLIS| PHARMAPROJECTS,2026-05-08T16:03:08.774Z,2026-05-08T16:03:08.774Z
61f5867e-a3c9-4a94-a425-dbb0dbb6c07f,TZ-113,0c3cd1de-0074-4e56-af19-ccac732f4f58,,Suspended,,,TechnoPhage SA,Other reformulation| Small molecule| Synthetic small molecule,Preclinical| Suspended,"Dyskinesia, levodopa-induced| Neurological disease| Parkinson's disease",Neurology/Psychiatric,Unidentified pharmacological activity| Unknown,,Portugal,EVALUATE| CORTELLIS| PHARMAPROJECTS,2026-05-08T16:03:09.536Z,2026-05-08T16:03:09.536Z
5fc83b42-c939-4c2f-b04a-dbdb16f81b18,EMD-MX2,b0269743-6a3e-4c29-9127-8039c0eacada,,Preclinical,,,Emyria Limited,Synthetic small molecule,Preclinical,Parkinson's disease,Neurology/Psychiatric,Unidentified pharmacological activity,,Australia,PHARMAPROJECTS,2026-05-08T16:03:09.697Z,2026-05-08T16:03:09.697Z
2b50c202-2b00-4cca-b4d3-6ba516bc45cd,"multiple sclerosis therapy, Dr.Noah Biotech",7df4ab73-be89-4405-900b-fb99a6c37682,,Preclinical,,,Noah Labs GmbH,Synthetic small molecule,Preclinical,Multiple sclerosis,Neurology/Psychiatric,Unidentified pharmacological activity,,South Korea,PHARMAPROJECTS,2026-05-08T16:03:09.796Z,2026-05-08T16:03:09.796Z
fec4dd2f-7c35-4210-b706-90c98c9f55b8,"riluzole, Brain Trust Bio",cd032291-5f59-408e-b07f-29f5e1bb2ae8,,Preclinical,,,Brain Trust Bio,Other reformulation| Small molecule| Synthetic small molecule,Preclinical,Amyotrophic lateral sclerosis,Neurology/Psychiatric| Rare Diseases,Dopamine receptor agonist| Glutamate antagonist| Glutamate release inhibitor| Voltage-gated sodium channel antagonist,,US,PHARMAPROJECTS,2026-05-08T16:03:11.617Z,2026-05-08T16:03:11.617Z
09c5f04f-5d13-4909-94ef-b7485d9a6432,BIO-8169,9e431507-ed83-4193-8d25-5dc64e5cb68c,,Preclinical,,,Biogen NV,Oral formulation| Small molecule,Preclinical,Multiple sclerosis,Immune,IRAK-4 protein kinase inhibitor,IRAK-4 protein kinase,US,CORTELLIS,2026-05-08T16:03:11.996Z,2026-05-08T16:03:11.996Z
4395ef7e-206b-49aa-a90c-64c196d532bc,HSP-XX,f767ffaa-6402-4b47-bb99-c635874ec0db,"HSP-XX, Neuropeutics",Preclinical,,,Neuropeutics Inc,Small molecule| Synthetic small molecule| Systemic formulation unspecified,Discovery| Preclinical,Alzheimers disease| Amyotrophic lateral sclerosis| Frontotemporal dementia| Motor neurone disease,Neurology/Psychiatric| Rare Diseases,TAR DNA binding protein 43 modulator| TAR DNA-binding protein (TDP) regulator| TDP-43 inhibitor,TAR DNA binding protein 43,Canada,EVALUATE| CORTELLIS| PHARMAPROJECTS,2026-05-08T16:03:08.474Z,2026-05-08T16:03:08.474Z
a5fea84b-b77d-4010-926d-86481ea74226,CTDP-001,3b5f6f5d-5ee4-4997-8c6e-48cb9a9aceaf,,Suspended,,,Polleo Pharma| Shire Ltd| TheraCryf Plc,CNS formulation| Small molecule| Synthetic small molecule,Preclinical| Suspended,Coronavirus disease 19 infection| Depression| Fatigue| Multiple sclerosis| Multiple sclerosis (MS) unspecified| Narcolepsy| Sleep disorder,Immune| Infection| Neurology/Psychiatric| Other/Miscellaneous,Dopamine reuptake inhibitor| Dopamine transporter modulator| Serotonin-norepinephrine-dopamine reuptake inhibitor,Dopamine transporter,Ireland| UK,EVALUATE| CORTELLIS| PHARMAPROJECTS,2026-05-08T16:03:09.036Z,2026-05-08T16:03:09.036Z
a06840da-9bb3-403b-8dbd-d40d6a4a0d2f,SIR2446,1bfa208f-2391-4e95-bdae-a17aa052a216,SIR-2446,Phase 1 Clinical,,,SIRONAX,Small molecule| Synthetic small molecule,Phase 1 Clinical| Preclinical,Alzheimers disease| Multiple sclerosis| Undisclosed,Neurology/Psychiatric,Receptor interacting protein 1 (RIP1) kinase inhibitor| Receptor-interacting serine/threonine kinase 1 inhibitor| Serine/threonine-protein kinase inhibitor,,US,EVALUATE| PHARMAPROJECTS,2026-05-08T16:03:09.097Z,2026-05-08T16:03:09.097Z
f01b12f1-2701-45ed-8f14-5ebd030e8921,SENS-08,cc1c2795-f578-4082-840f-18d85aeb7d2a,,Preclinical,,,Sensorium Bio Inc,Small molecule| Synthetic small molecule| Systemic formulation unspecified,Preclinical,Alzheimers disease,Neurology/Psychiatric,Unidentified pharmacological activity| Unknown,,US,EVALUATE| CORTELLIS| PHARMAPROJECTS,2026-05-08T16:03:09.216Z,2026-05-08T16:03:09.216Z
961353d0-9bd0-47d9-ab87-8c5864f3320b,"rifabutin + clarithromycin + clofazimine (oral, nontuberculous mycobacterium infection), RedHill Biopharma",dd66d89a-34cc-428d-99f0-6bdf191e3746,clarithromycin + clofazimine + rifabutin,Suspended,,,Giaconda Ltd| RedHill CapitaL,Antibiotic| Capsule formulation| Drug combination| Fixed-dose combination| Oral formulation| Semisynthetic small molecule| Small molecule| Synthetic small molecule,Phase 2 Clinical| Phase 3 Clinical| Preclinical| Suspended,"Bronchiectasis| Crohns disease| General bacterial indications| General respiratory disorders| Infection, nontuberculous mycobacterial| Insulin dependent diabetes| Lung infection| Multiple sclerosis, relapsing-remitting| Mycobacterium avium complex infections| Mycobacterium avium infection| Mycobacterium infection| Psoriasis| Relapsing-Remitting MS (RRMS)| Respiratory tract infection| Rheumatoid arthritis| Systemic lupus erythematosus",Alimentary/Metabolic| Dermatologic| Endocrine/Metabolic| Gastrointestinal| Immune| Infection| Neurology/Psychiatric| Rare Diseases| Respiratory,50S ribosomal protein inhibitor| Bacterial 50S ribosomal protein inhibitor| Bacterial DNA-directed RNA polymerase inhibitor| DNA modifier| RNA directed RNA polymerase modulator| RNA polymerase inhibitor,RNA polymerase,Australia| Israel,EVALUATE| CORTELLIS| PHARMAPROJECTS,2026-05-08T16:03:09.594Z,2026-05-08T16:03:09.594Z
043530de-2942-4932-803e-2084e0b41ed4,ENT-3059,2b95bffc-92d0-41f9-a4da-e697fbf1060c,,Preclinical,,,Enthorin Therapeutics LLC,Small molecule| Synthetic small molecule,Discovery| Preclinical,"Cognitive disorder| Dyskinesia, unspecified| Other neurological indications| Parkinson's disease",Neurology/Psychiatric,Phosphodiesterase 1 inhibitor| Phosphodiesterase 1B (PDE1B) inhibitor,,US,EVALUATE| PHARMAPROJECTS,2026-05-08T16:03:09.755Z,2026-05-08T16:03:09.755Z
cba57c16-40b1-4e19-81d4-d52d8003e833,chiglitazar,3024e8b9-db7b-4bb7-8841-7d8abca0aaad,,Suspended,,,Shenzhen Chipscreen Biotech Co Ltd,Oral formulation| Small molecule| Synthetic small molecule| Tablet formulation,Launched| Phase 2 Clinical| Suspended,General liver disorders| Insulin-related metabolic syndrome| Metabolic dysfunction-associated steatohepatitis| Metabolic dysfunction-associated steatotic liver disease| Non-alcoholic steatohepatitis| Non-insulin dependent diabetes| Osteoporosis| Other nephrological disorders| Parkinson's disease,Alimentary/Metabolic| Endocrine/Metabolic| Gastrointestinal| Musculoskeletal| Neurology/Psychiatric,Insulin sensitizer| PPAR agonist| PPAR delta agonist| PPAR gamma agonist| Peroxisome proliferator-activated receptor (PPAR) agonist| Peroxisome proliferator-activated receptor alpha (PPAR-alpha) agonist| Peroxisome proliferator-activated receptor delta (PPAR-delta) agonist| Peroxisome proliferator-activated receptor gamma (PPAR-gamma) agonist| Peroxisome proliferator-activated receptor pan agonist,Insulin ligand| PPAR| PPAR delta| PPAR gamma,China,EVALUATE| CORTELLIS| PHARMAPROJECTS,2026-05-08T16:03:11.715Z,2026-05-08T16:03:11.715Z
548d5a33-6674-4660-826a-790b4c2fa6a6,"Tau protein aggregation inhibitor (Alzheimer's disease), CANTABio",03ef0160-f226-40a1-9290-53b9293e7ef7,,Preclinical,,,University of Cambridge,Small molecule| Systemic formulation unspecified,Preclinical,Alzheimers disease,Neurology/Psychiatric,Tau aggregation inhibitor,Tau protein,UK,CORTELLIS,2026-05-08T16:03:11.936Z,2026-05-08T16:03:11.936Z
ed6c1268-5e8c-4640-bd26-4806dc801f63,"CSF1R Inhibitor (oral, amyotrophic lateral sclerosis/Alzheimer's disease/multiple sclerosis) Myrobalan Therapeutics Inc",2338ce72-9b7c-4bd8-b0fa-11ed8652e329,,Preclinical,,,Myrobalan Therapeutics Inc,Oral formulation| Small molecule,Preclinical,Alzheimers disease| Amyotrophic lateral sclerosis| Multiple sclerosis,Immune| Neurology/Psychiatric,CSF-1 antagonist,CSF-1,US,CORTELLIS,2026-05-08T16:03:12.215Z,2026-05-08T16:03:12.215Z
5def8878-b77d-4f7e-8a9b-d94698a09989,glovadalen,a88475a1-4094-4c2e-a01f-8fe9c6958dda,,Phase 2 Clinical,,,UCB Biopharma SPRL,Small molecule| Tablet formulation,Phase 2 Clinical,Parkinsons disease,Neurology/Psychiatric,Dopamine D1 receptor agonist,Dopamine D1 receptor,Belgium,CORTELLIS,2026-05-08T16:03:12.313Z,2026-05-08T16:03:12.313Z
d0331aff-1fab-4e81-bc02-f5811e10c010,XMMYT028,7a8891a5-b718-4272-824a-df8c02ca25c9,,Preclinical,,,Jilin Aodong Pharmaceutical Group Co ltd,Small molecule,Preclinical,Alzheimers disease,Neurology/Psychiatric,Unclassified,,China,EVALUATE,2026-05-08T16:03:08.657Z,2026-05-08T16:03:08.657Z
92d88353-da35-44cf-801f-c9c296651927,Icanbelimod,94ffc4e6-2f8d-4c7b-9446-910927d09fb8,icanbelimod,Suspended,,,Connect Biopharma,Small molecule| Synthetic small molecule,Phase 1 Clinical| Phase 2 Clinical| Suspended,Crohns disease| General inflammatory disorders| Graft versus host disease| Multiple sclerosis| Psoriasis| Rheumatoid arthritis| Ulcerative colitis,Alimentary/Metabolic| Dermatologic| Immune| Neurology/Psychiatric| Rare Diseases,Sphingosine 1-phosphate (S1P) receptor 1 regulator| Sphingosine 1-phosphate 1 receptor agonist,,US,EVALUATE| PHARMAPROJECTS,2026-05-08T16:03:09.595Z,2026-05-08T16:03:09.595Z
cdcec930-6eff-4772-93a1-3d53d05522c3,Neurodegenerative Disorder Research Project,b7c6c923-8706-4568-96f3-0502498e10af,"movement disorder therapy, Nine Square Therapeutics",Suspended,,,Nine Square Therapeutics Inc,Synthetic small molecule,Preclinical| Suspended,"Amyotrophic lateral sclerosis| Dyskinesia, unspecified| Essential tremor| Parkinson's disease",Neurology/Psychiatric| Rare Diseases,Unidentified pharmacological activity,,US,EVALUATE| PHARMAPROJECTS,2026-05-08T16:03:09.596Z,2026-05-08T16:03:09.596Z
6165ec69-4194-4add-b151-4d253d2a17c6,remibrutinib,2fdbcb15-96d0-499e-8b2d-85a52a650fbe,,Suspended,,,Novartis AG,Capsule formulation| Film coating| Small molecule| Tablet formulation,Launched| Phase 1 Clinical| Phase 2 Clinical| Phase 3 Clinical| Suspended,"Asthma| Atopic dermatitis| Autoimmune disease| Eczema/Dermatitis| Food hypersensitivity| General allergy indications| General inflammatory disorders| General liver disorders| Hidradenitis suppurativa| Multiple sclerosis| Multiple sclerosis (MS) unspecified| Multiple sclerosis, progressive, relapsing| Multiple sclerosis, progressive, secondary| Myasthenia gravis| Peanut hypersensitivity| Relapsing-Remitting MS (RRMS)| Secondary-Progressive MS (SPMS)| Sjogren's disease| Sjögren's syndrome| Urticaria",Dermatologic| Immune| Musculoskeletal| Neurology/Psychiatric| Rare Diseases| Respiratory,BTK gene stimulator| Bruton tyrosine kinase inhibitor| Bruton’s tyrosine kinase (BTK) inhibitor| Histamine receptor agonist,Btk tyrosine kinase| Histamine receptor,Switzerland,EVALUATE| CORTELLIS| PHARMAPROJECTS,2026-05-08T16:03:11.716Z,2026-05-08T16:03:11.716Z
6df5c0a2-49e9-42fa-a5cf-9bda2f17f7b0,NPT-1220-478,ddcac603-2afc-4723-b9b6-f9c149a76d1b,,Suspended,,,Neuropore Therapies Inc,Oral formulation| Small molecule| Synthetic small molecule,Preclinical| Suspended,Amyotrophic lateral sclerosis| Guillain Barre syndrome| Parkinson's disease| Parkinsons disease,Neurology/Psychiatric| Rare Diseases,Extracellular signal-related kinase (ERK) inhibitor| TLR-2 antagonist| TLR-9 antagonist| Toll-like receptor 2 (TLR2) agonist| Toll-like receptor 7 agonist| Toll-like receptor 9 (TLR9) agonist,TLR-2| TLR-9,US,EVALUATE| CORTELLIS| PHARMAPROJECTS,2026-05-08T16:03:11.894Z,2026-05-08T16:03:11.894Z
23527e12-183c-40ac-a46c-e1035f48db5a,"small molecule lysosomal function modulators (Parkinson's disease), Sanofi",6eee61e8-88b3-43b5-82e3-6e2019b2d15d,,Preclinical,,,Sanofi SA,Small molecule| Systemic formulation unspecified,Preclinical,Parkinsons disease,Neurology/Psychiatric,,,France,CORTELLIS,2026-05-08T16:03:12.216Z,2026-05-08T16:03:12.216Z
6fed81e6-cbe2-4d0d-989a-fe982fa80b17,Caffeine Research Program,038bf193-349c-431e-8adb-dc34c7e6629d,,Phase 2 Clinical,,,McGill University,Small molecule,Phase 2 Clinical,Parkinson's disease,Neurology/Psychiatric,Unclassified,,Canada,EVALUATE,2026-05-08T16:03:08.556Z,2026-05-08T16:03:08.556Z
8d4f3556-6044-45c4-806a-a34179fcb3c2,NOVO-118,ed926078-c343-40a3-81c5-5d4047e47b9f,,Suspended,,,Diego| Novoron Bioscience Inc,Biological| Peptide| Protein| Small molecule| Systemic formulation unspecified| Unidentified,Discovery| Preclinical| Suspended,Alzheimers disease| Glaucoma| Multiple sclerosis (MS) unspecified| Spinal cord injury| Traumatic brain injury,Immune| Neurology/Psychiatric| Rare Diseases,LDL receptor function inhibitor| LDL receptor related protein-1 inhibitor| LRP1 antagonist| Low density lipoprotein receptor adapter protein 1 (LDLRAP1) inhibitor| Low-density lipoprotein receptor (LDLR) antagonist| Transforming protein RhoA inhibitor,LDL receptor related protein-1| Transforming protein RhoA,US,EVALUATE| CORTELLIS| PHARMAPROJECTS,2026-05-08T16:03:09.416Z,2026-05-08T16:03:09.416Z
3f31d143-5adc-474b-8055-5b85e4eaf70b,ND001,ccea3ace-aac9-4e49-920f-d961f573fed2,,Preclinical,,,Nd Co Ltd,Small molecule,Preclinical,Parkinson's disease,Neurology/Psychiatric,Alpha-synuclein accumulation inhibitor,,Switzerland,EVALUATE,2026-05-08T16:03:09.477Z,2026-05-08T16:03:09.477Z
ca0e193d-c7b6-460b-a6c1-22254948d639,RO7268489,b240be55-2d04-41f7-bc58-c5c9af7453e7,RO-7268489,Phase 2 Clinical,,,Roche Ltd,Small molecule,Phase 2 Clinical,Multiple sclerosis| Multiple sclerosis (MS) unspecified,Neurology/Psychiatric,Monoacylglycerol lipase (MGLL) inhibitor| Monoacylglycerol lipase inhibitor,,Switzerland,EVALUATE| PHARMAPROJECTS,2026-05-08T16:03:11.494Z,2026-05-08T16:03:11.494Z
271da0bc-8f38-4d27-9c84-3c34be636b6c,"nilvadipine (blood-brain-barrier penetrative formulation, Alzheimer's disease), Archer Pharmaceuticals",e5180fcf-6d88-4f19-a0db-ca674eac43bd,ARC029,Suspended,,,Archer Research| Roskamp Institute,CNS formulation| Small molecule| Synthetic small molecule,Phase 3 Clinical| Suspended,Alzheimers disease,Neurology/Psychiatric,Amyloid protein deposition inhibitor| Beta amyloid modulator| Calcium channel antagonist| Calcium channel blocker| Calcium channel inhibitor L-type| Calcium channel inhibitor T-type| SYK gene inhibitor| T-type calcium channel blocker| Voltage-dependent L-type calcium channel blocker,Beta amyloid| Calcium channel L-type| Syk tyrosine kinase,US,EVALUATE| CORTELLIS| PHARMAPROJECTS,2026-05-08T16:03:08.475Z,2026-05-08T16:03:08.475Z
9870bf13-0cdf-4382-b487-666ad46eb66d,NPC-22,22b312c8-5f9c-49f6-aee8-03a02b7a299c,,Phase 3 Clinical,,,Nobelpharma Co Ltd,Other reformulation| Patch formulation| Small molecule| Transdermal formulation,Phase 2 Clinical| Phase 3 Clinical,Amyotrophic lateral sclerosis| Other neurological indications| Sialorrhea,Alimentary/Metabolic| Gastrointestinal| Neurology/Psychiatric,Muscarinic acetylcholine (mAChR) receptor antagonist| Muscarinic receptor agonist,,Japan,EVALUATE| CORTELLIS| PHARMAPROJECTS,2026-05-08T16:03:08.874Z,2026-05-08T16:03:08.874Z
0fc6637e-0882-4f3e-815f-873a1445a709,ABBV-1088,52779e5c-70b8-49fc-8c8e-a669879e5081,,Suspended,,,AbbVie BV,Capsule formulation| Oral formulation| Small molecule,Phase 1 Clinical| Suspended,Parkinson's disease,Neurology/Psychiatric,PTEN modulator| Phosphatase and tensin homolog (PTEN) stimulant| Serine threonine protein kinase PINK1 stimulator,Serine threonine protein kinase PINK1,US,EVALUATE| CORTELLIS| PHARMAPROJECTS,2026-05-08T16:03:09.095Z,2026-05-08T16:03:09.095Z
9cd9709b-b71a-43c9-a15a-59ed82decef0,"PET-tracers (Alzheimer’s disease), Merck/GE Healthcare/Janssen",71c32399-b21d-463d-a20f-240ea7321684,,Preclinical,,,Janssen Pharmaceutica NV,Radiolabeling| Small molecule,Preclinical,Alzheimers disease,Neurology/Psychiatric,,,Belgium,CORTELLIS,2026-05-08T16:03:11.936Z,2026-05-08T16:03:11.936Z
ceeb3e4d-bb6a-4b3f-9795-9ea6b0310b14,BT-0267,11db46fb-adce-4eee-b208-d18923c8540a,BT-267,Phase 1 Clinical,,,Brenig Therapeutics Inc,Miscellaneous| Oral formulation| Small molecule| Synthetic small molecule| Unidentified,Phase 1 Clinical| Preclinical,Parkinson's disease| Parkinsons disease,Neurology/Psychiatric,Leucine rich serine threonine kinase 2 inhibitor| Leucine-rich repeat kinase 2 inhibitor| Leucine-rich repeat serine/threonine-protein kinase 2 inhibitor| Unidentified pharmacological activity| Unknown,Leucine rich serine threonine kinase 2,US,EVALUATE| CORTELLIS| PHARMAPROJECTS,2026-05-08T16:03:08.374Z,2026-05-08T16:03:08.374Z
5cc7d654-6ae5-448e-94ef-87f8134b1949,VCE-006.1,235b557b-f9ad-46b3-807d-d1edabb11a13,,Suspended,,,Emerald Biotechnology España,Small molecule| Synthetic small molecule,Preclinical| Suspended,Parkinson's disease,Neurology/Psychiatric,G protein-coupled receptor (GPCR) agonist| Unidentified pharmacological activity,,Spain| US,EVALUATE| PHARMAPROJECTS,2026-05-08T16:03:08.654Z,2026-05-08T16:03:08.654Z
5c971354-cc49-45e3-b79d-7605b7bd1341,Amisodin,13085b91-0427-4142-ab4c-886bd5385f1c,,Phase 1 Clinical,,,PRG Pharma Pvt Ltd,Small molecule,Phase 1 Clinical,Amyotrophic lateral sclerosis,Neurology/Psychiatric| Rare Diseases,Superoxide dismutase 1 (SOD1) antibody| Superoxide dismutase-1 inhibitor,,South Korea,EVALUATE| PHARMAPROJECTS,2026-05-08T16:03:09.593Z,2026-05-08T16:03:09.593Z
2f9b842a-3703-4dcc-b55b-0b9790209cd8,"icosapent ethyl, Amarin",eb010a7d-c505-443b-ad22-f9839dc358b5,"ethyl icosapentate, Amarin",Suspended,,,Amarin UK Ltd| Bionet Co Ltd| CSL Ltd| Eddingpharm Inc| Florida Biologix| HLS Therapeutics Inc| Kowa Corp| Lotus AI LLC| NeoPharm Inc| Nova Scotia Ltd| Quantum BioPharma| Recordati AG,Capsule formulation| Oral formulation| Semisynthetic small molecule| Small molecule,Launched| Phase 3 Clinical| Suspended,Asthma| COVID-19 complications| COVID-19 treatment| Cardiovascular disease| Cognitive disorder| Colorectal tumor| Coronavirus disease 19 infection| Cytokine release syndrome| Depression| General cancer indications| General cardiovascular indications| Huntington's disease| Hyperlipidemia| Hypertriglyceridemia| Metastatic colorectal cancer| Mixed dyslipidemia| Other metabolic indications| Other neurological indications| Parkinson's disease| Schizophrenia,Cancer| Cardiovascular| Endocrine/Metabolic| Immune| Infection| Neurology/Psychiatric| Other/Miscellaneous| Rare Diseases| Respiratory,Apolipoprotein agonist| Diacylglycerol O-acyltransferase 2 (DGAT2) inhibitor| Diacylglycerol O-acyltransferase 2 inhibitor| Lipase clearing factor stimulant| Lipoprotein lipase modulator| Omega 3 fatty acid stimulant| Peroxisome proliferator-activated receptor gamma (PPAR-gamma) agonist| Phospholipase A2 (PLA2) inhibitor| Phospholipase A2 inhibitor,Apolipoprotein B| Phospholipase A2,Australia| Canada| Germany| Ireland| Israel| Italy| Japan| Taiwan| United Arab Emirates,EVALUATE| CORTELLIS| PHARMAPROJECTS,2026-05-08T16:03:11.774Z,2026-05-08T16:03:11.774Z
6ab00993-6dee-45d6-9271-a9c0c3b7f4ee,R-491,1d47f593-0979-4bea-b236-4faafed9ceeb,,Preclinical,,,Protheragen Inc,Biological| Immuno-oncology| Monoclonal antibody| Parenteral formulation unspecified| Small molecule,Preclinical,Autoimmune disease| Cancer| Fibrosis| Hematological neoplasm| Inflammatory bowel disease| Multiple sclerosis| Solid tumor| Viral infection,Cancer| Gastrointestinal| Immune| Infection| Inflammatory,CD223 agonist| Vimentin modulator,CD223| Vimentin,US,CORTELLIS,2026-05-08T16:03:11.893Z,2026-05-08T16:03:11.893Z
f0ecc616-202b-4f58-b895-252eeb0dd61d,"CB-101, Curyx Bio",5ed97570-406d-4494-8dc6-33bcee42368d,FHL-101,Suspended,,,Curyx Bio Inc| Forest Hills Health Care Inc| Rush University,Natural product| Prodrug| Small molecule,Phase 1 Clinical| Suspended,Alzheimers disease| Huntington's disease| Nonketotic hyperglycinaemia| Parkinson's disease,Alimentary/Metabolic| Neurology/Psychiatric| Rare Diseases,D-amino acid oxidase inhibitor| Inducible nitric oxide synthase modulator| Unidentified pharmacological activity| Unknown,D-amino acid oxidase| Inducible nitric oxide synthase,Hong Kong| US,EVALUATE| CORTELLIS| PHARMAPROJECTS,2026-05-08T16:03:09.376Z,2026-05-08T16:03:09.376Z
8151374c-1005-48e8-869f-d64a3f869bac,vidofludimus calcium,624a5999-cb43-492a-9bf2-8d1134e01787,,Suspended,,,4SC AG| Immunic AG| Undisclosed Partner Sales,Small molecule| Synthetic small molecule| Tablet formulation,Phase 2 Clinical| Phase 3 Clinical| Suspended,"Atopic dermatitis| COVID-19 treatment| Crohns disease| Infection, coronavirus, novel coronavirus| Inflammatory bowel disease| Kidney transplantation| Multiple sclerosis| Multiple sclerosis, progressive, unspecified| Multiple sclerosis, relapsing-remitting| Organ transplant rejection| Other immune indications| Primary sclerosing cholangitis| Primary-Progressive MS (PPMS)| Psoriasis| Relapsing-Remitting MS (RRMS)| Rheumatoid arthritis| Secondary-Progressive MS (SPMS)| Systemic lupus erythematosus| Ulcerative colitis",Alimentary/Metabolic| Dermatologic| Gastrointestinal| Immune| Infection| Inflammatory| Neurology/Psychiatric| Rare Diseases,Dihydroorotate dehydrogenase (DHODH) inhibitor| Dihydroorotate dehydrogenase inhibitor| Interleukin 17A ligand| Interleukin 17F ligand| Interleukin-17A (IL-17A) antibody| Nuclear receptor related 1 protein (NURR1) agonist| Nurr1 agonist| Orphan nuclear receptor NURR1 agonist,Dihydroorotate dehydrogenase| Interleukin 17A ligand| Interleukin 17F ligand| Orphan nuclear receptor NURR1,Germany| US,EVALUATE| CORTELLIS| PHARMAPROJECTS,2026-05-08T16:03:11.495Z,2026-05-08T16:03:11.495Z
b9271893-143f-463e-967a-d944eff9a9cd,"EAAT2-targeting ALS therapy, iQure",fa69aa14-ac6f-474f-b79e-5e8c8cb1fbd8,,Preclinical,,,iQure Pharma Inc,Synthetic small molecule,Preclinical,Amyotrophic lateral sclerosis,Neurology/Psychiatric| Rare Diseases,,,US,PHARMAPROJECTS,2026-05-08T16:03:11.614Z,2026-05-08T16:03:11.614Z
dd94cb77-b08b-4769-894e-85743a5afe08,WD-910,d5a46322-5cce-4f48-9899-5a4d17e5cc34,,Suspended,,,Shanghai Wenda Biotech Inc,Small molecule| Synthetic small molecule| Systemic formulation unspecified,Preclinical| Suspended,Alzheimers disease| Central nervous system disease| Dementia| Multiple sclerosis| Parkinson's disease,Immune| Neurology/Psychiatric,Non receptor tyrosine kinase TYK2 inhibitor| Tyrosine kinase 2 inhibitor,Non receptor tyrosine kinase TYK2,China,CORTELLIS| PHARMAPROJECTS,2026-05-08T16:03:11.675Z,2026-05-08T16:03:11.675Z
28d0fef1-eaa0-437b-a619-12ac675e8f02,Perampanel,8127b079-7508-450d-92d8-29a0cb9028f0,perampanel,Launched,,,Catalyst LLC| Clinigen Kk| Eisai Inc| Esteve Healthcare SL| Hikma Pharma GmbH| Knight Llc| Megapharm Ltd,Small molecule,Launched,"Alzheimers disease| Amyotrophic lateral sclerosis| Circadian rhythm sleep disorder| Diabetic neuropathy| Epilepsy| General respiratory disorders| Insomnia| Migraine| Multiple sclerosis (MS) unspecified| Neuropathic pain| Obstructive sleep apnea| Other neurological indications| Parkinson's disease| Post-herpetic neuralgia| Seizures, general",Neurology/Psychiatric,Alpha-amino-3-hydroxy-5-methyl-4-isoxazole-propionic acid (AMPA) receptor antagonist| Orexin 1 receptor agonist| Orexin 2 receptor agonist,,Canada| Israel| Japan| Spain| UK| US,EVALUATE,2026-05-08T16:03:12.375Z,2026-05-08T16:03:12.375Z
5fe594af-f48e-4b85-8aaa-85892503e6bb,"ferroptosis inhibitors (Alzheimers/Huntingtons/Parkinsons disease), Collaborative Medicinal Development",beee18c4-ea50-49ca-9a34-cdfa0508f694,,Preclinical,,,Collaborative Medicinal Development Llc,Small molecule,Preclinical,Alzheimers disease| Huntingtons chorea| Parkinsons disease,Neurology/Psychiatric,Glutathione peroxidase 4 modulator,Glutathione peroxidase 4,US,CORTELLIS,2026-05-08T16:03:11.935Z,2026-05-08T16:03:11.935Z
0df8d335-4684-4db1-bdf2-7eac1b06998f,fosigotifator,3d5f6e3b-75f3-4fce-bf6b-925e19bb96ec,Fosigotifator sodium tromethamine| fosigotifator sodium tromethamine,Suspended,,,AbbVie BV| Calico Biolabs Inc| San Francisco Study Center,Oral formulation| Small molecule| Synthetic small molecule,Phase 1 Clinical| Phase 2 Clinical| Phase 3 Clinical| Suspended,"Amyotrophic lateral sclerosis| Depression| Depression, major depressive disorder| Leukoencephalopathy| Major depressive disorder| Metachromatic leukodystrophy| Neurodegenerative disease| Parkinson's disease| Traumatic brain injury",Neurology/Psychiatric| Rare Diseases,Eukaryotic initiation factor 2 beta stimulator| Eukaryotic translation initiation factor 2B activator| Translation initiation factor 2B stimulant,Eukaryotic initiation factor 2 beta,US,EVALUATE| CORTELLIS| PHARMAPROJECTS,2026-05-08T16:03:08.374Z,2026-05-08T16:03:08.374Z
1e9f073c-dc6d-4dad-9d99-697b8113a204,UCB7583,17393185-5068-49ca-a52f-30356e7d6f0c,UCB-7583,Preclinical,,,UCB SA,Small molecule| Synthetic small molecule,Preclinical,Parkinson's disease,Neurology/Psychiatric,Synuclein accumulation inhibitor| Synuclein inhibitor,,Belgium,EVALUATE| PHARMAPROJECTS,2026-05-08T16:03:08.553Z,2026-05-08T16:03:08.553Z
8dfee61a-c336-4560-8d81-87ac466cdc8a,IPG013,fa9e9905-30e5-4863-b1ca-e4c4b399a2fb,,Suspended,,,Immunophage Biomedical Co Ltd,Small molecule| Synthetic small molecule,Preclinical| Suspended,Amyotrophic lateral sclerosis| Multiple sclerosis| Multiple sclerosis (MS) unspecified,Immune| Neurology/Psychiatric| Rare Diseases,Macrophage migration inhibitory factor (MIF) inhibitor| Unidentified pharmacological activity,,China,EVALUATE| PHARMAPROJECTS,2026-05-08T16:03:09.036Z,2026-05-08T16:03:09.036Z
1fa81c5c-1dd3-4dab-a6bc-a8c655f4dca9,zasocitinib,473a37bf-6132-4f15-ba36-48b0d97accb8,Zasocitinib,Phase 3 Clinical,,,Nimbus Health GmbH| Nimbus Lakshmi Inc| Takeda GmbH,Capsule formulation| Once daily formulation| Small molecule| Tablet formulation,Phase 2 Clinical| Phase 3 Clinical| Preclinical,"Ankylosing spondylitis| Autoimmune disease| Cancer| Crohns disease| Eczema/Dermatitis| Erythrodermic psoriasis| General inflammatory disorders| Generalized pustular psoriasis| Hidradenitis suppurativa| Immunological disease, unspecified| Inflammatory bowel disease| Juvenile idiopathic arthritis| Leukaemia, acute lymphocytic (ALL)| Multiple sclerosis (MS) unspecified| Non segmental vitiligo| Other nephrological disorders| Plaque psoriasis| Psoriasis| Psoriatic arthritis| Pustular psoriasis| Rheumatoid arthritis| Systemic lupus erythematosus| Ulcerative colitis| Vitiligo",Alimentary/Metabolic| Cancer| Dermatologic| Gastrointestinal| Immune| Inflammatory| Musculoskeletal| Rare Diseases,Non receptor tyrosine kinase TYK2 inhibitor| Tyrosine kinase (TYK) 2 inhibitor| Tyrosine kinase 2 inhibitor,Non receptor tyrosine kinase TYK2,Japan| US,EVALUATE| CORTELLIS| PHARMAPROJECTS,2026-05-08T16:03:09.255Z,2026-05-08T16:03:09.255Z
91263466-3da7-49e4-a095-029ce09a1c88,Parkinson’s disease therapy,5c0aab3b-d7b4-46d4-8334-a2f18cebd10d,,Preclinical,,,PTC Inc,Small molecule,Preclinical,Parkinson's disease,Neurology/Psychiatric,15-lipoxygenase (15-LO) inhibitor| Ferroptosis inhibitor,,US,EVALUATE,2026-05-08T16:03:09.477Z,2026-05-08T16:03:09.477Z
8c64ef04-138b-4dc0-a5c1-da5865c6668e,MG-Sh19,018d2be9-dac6-4b70-8e48-805152aa613b,MG-Sh-19,Preclinical,,,MEPSGEN Co Ltd,Biological| Nanoparticle formulation| Peptide| Small molecule| Synthetic small molecule| Systemic formulation unspecified,Preclinical,Alzheimers disease,Neurology/Psychiatric,Amyloid protein deposition inhibitor| Beta amyloid modulator| Proactive polypeptide inhibitor,Beta amyloid| Proactive polypeptide,South Korea,EVALUATE| CORTELLIS| PHARMAPROJECTS,2026-05-08T16:03:08.835Z,2026-05-08T16:03:08.835Z
316736b4-0156-4955-8772-3d1c5b74a378,taminadenant,d48e6e09-57a0-4b41-8c5d-f4afbb4a520b,,Suspended,,,CoStim Pharmaceuticals Inc| Novartis AG| Palobiofarma SL,"Biological| Capsule formulation| Humanized monoclonal antibody| Immuno-oncology| Immunoglobulin G isotype antibody| Infusion| Intravenous formulation| Monoclonal antibody, other| Oral formulation| Protein recombinant| Small molecule",Phase 1 Clinical| Phase 2 Clinical| Phase 3 Clinical| Suspended,"Acute myelogenous leukemia| Advanced solid tumor| Anal cancer| Anaplastic thyroid cancer| Attention deficit disorder/hyperactivity (ADD/ADHD)| Attention deficit hyperactivity disorder| Bladder tumor| Breast tumor| Cancer, endometrial| Cancer, gastrointestinal, neuroendocrine| Cancer, gastrointestinal, stomach| Cancer, lymphoma, unspecified| Cancer, melanoma| Cancer, myeloma| Cancer, nasopharyngeal| Cancer, neuroendocrine, unspecified| Cancer, pancreatic, neuroendocrine| Cancer, renal| Cancer, solid, unspecified| Cholangiocarcinoma| Clear cell carcinoma| Colorectal tumor| Diffuse large B-cell lymphoma| Endometrioid carcinoma| Esophagus tumor| General cancer indications| Glioblastoma| Head injury| Hematological neoplasm| Hepatocellular carcinoma| Hippel Lindau syndrome| Liver tumor| Lymphoma| Mesothelioma| Metastasis| Metastatic breast cancer| Metastatic colorectal cancer| Metastatic esophageal cancer| Metastatic head and neck cancer| Metastatic non small cell lung cancer| Metastatic ovary cancer| Metastatic pancreas cancer| Metastatic renal cell carcinoma| Metastatic stomach cancer| Multiple myeloma| Myelodysplastic syndrome| Myelofibrosis| Narcolepsy| Nasopharyngeal carcinoma| Neuroendocrine tumor| Non-Hodgkin lymphoma| Non-small-cell lung cancer| Oesophageal cancer| Ovarian cancer| Pancreas tumor| Pancreatic cancer| Pancreatic ductal adenocarcinoma| Paraganglioma| Parkinson's disease| Pheochromocytoma| Prostate cancer| Renal cell carcinoma| Sarcoma| Small-cell lung cancer| Solid tumour indications| Squamous cell carcinoma| Stage III melanoma| Stage IV melanoma| Stomach tumor| Thrombocytosis| Thyroid cancer| Thyroid tumor| Transitional cell carcinoma| Triple-negative breast cancer| Urethral cancer| Uterine cervix tumor| Uveal melanoma",Cancer| Hematologic| Neurology/Psychiatric| Rare Diseases,Adenosine A2a receptor agonist| Immune checkpoint agonist| Immuno-oncology therapy| PD-1 agonist| Programmed cell death ligand 1,Adenosine A2a receptor| Programmed cell death ligand 1,Spain| Switzerland,EVALUATE| CORTELLIS| PHARMAPROJECTS,2026-05-08T16:03:09.695Z,2026-05-08T16:03:09.695Z
61099499-cc1a-4ba7-b5a6-de42f3d5e066,"PINK1 activator (Parkinson's disease/Huntington's disease/Alzheimer's disease), Progenra",fc029850-e6d2-4638-a7ac-94eaacb5811b,,Preclinical,,,Progenra Inc,Small molecule| Systemic formulation unspecified,Preclinical,Parkinsons disease,Neurology/Psychiatric,Serine threonine protein kinase PINK1 stimulator,Serine threonine protein kinase PINK1,US,CORTELLIS,2026-05-08T16:03:12.053Z,2026-05-08T16:03:12.053Z
ba8939e5-fbc4-4e3d-afd5-963c5cca9104,ADV-462,31a97cef-7b10-4d80-a9e7-db0f43c48bfc,,Suspended,,,Advantx Pharmaceuticals Inc,Oral formulation| Small molecule| Synthetic small molecule,Preclinical| Suspended,Alzheimers disease| Down syndrome,Neurology/Psychiatric,Sigma 2 receptor antagonist| Transmembrane protein 97 inhibitor,Transmembrane protein 97,US,CORTELLIS| PHARMAPROJECTS,2026-05-08T16:03:12.094Z,2026-05-08T16:03:12.094Z
edafb41f-0a2f-4c6e-b173-eaed00b7e581,GSBR-5595,17e4d755-6596-4bd8-9c88-4630a4409390,,Preclinical,,,Structure Medical Inc,Oral formulation| Small molecule,Preclinical,Parkinsons disease,Neurology/Psychiatric,Glucagon-like peptide 1 gene stimulator,Glucagon-like peptide 1 gene,China,CORTELLIS,2026-05-08T16:03:12.215Z,2026-05-08T16:03:12.215Z
7a1383ff-25ec-4654-a195-388e66e323be,ABXY-3,a5b08026-fdb2-45d1-9e9f-1e5f37c7433b,,Suspended,,,Abaxys Therapeutics,Small molecule| Synthetic small molecule,Preclinical| Suspended,Neurological disease| Parkinson's disease,Neurology/Psychiatric,G protein-coupled receptor (GPCR) agonist| Unidentified pharmacological activity,,Belgium,EVALUATE| PHARMAPROJECTS,2026-05-08T16:03:09.377Z,2026-05-08T16:03:09.377Z
ed8aea49-52ef-4bed-839c-bc91b2e033ce,MT1110 + LRRK2,fe118f28-5fa5-4b49-98bd-5e5566daf4b0,"MT1110 + LRRK2, Montara Therapeutics",Preclinical,,,Montara Therapeutics Inc,Small molecule| Synthetic small molecule,Discovery| Preclinical,Parkinson's disease,Neurology/Psychiatric,FK506 binding protein (FKBP) regulator| Leucine-rich repeat kinase 2 inhibitor| Leucine-rich repeat serine/threonine-protein kinase 2 inhibitor,,US,EVALUATE| PHARMAPROJECTS,2026-05-08T16:03:09.755Z,2026-05-08T16:03:09.755Z
5d0f994b-baf0-46cc-835f-a4fbaac86388,Parkinson's disease research program,0fa475b3-74fc-4a3f-9a32-a3e4351dc911,,Preclinical,,,APRINOIA Therapeutics Inc| Halia Therapeutics Inc,Small molecule,Discovery| Preclinical,Lewy body dementia| Parkinson's disease| Progressive supranuclear palsy,Neurology/Psychiatric,Alpha-synuclein (SNCA) degrader| Unclassified,,Japan| US,EVALUATE,2026-05-08T16:03:08.656Z,2026-05-08T16:03:08.656Z
dba193d4-2e06-4c9d-8677-d3959390a235,RDC-5,606b9e35-3749-4348-b65e-9bf0e7c8dde9,Chroneuro,Suspended,,,TheraCryf Plc,Small molecule| Synthetic small molecule| Systemic formulation unspecified,Phase 1 Clinical| Suspended,Amyotrophic lateral sclerosis| Obesity| Osteoporosis,Alimentary/Metabolic| Musculoskeletal| Neurology/Psychiatric| Other/Miscellaneous| Rare Diseases,Unidentified pharmacological activity| Unknown,,UK,EVALUATE| CORTELLIS| PHARMAPROJECTS,2026-05-08T16:03:09.316Z,2026-05-08T16:03:09.316Z
33d90ba7-cc94-4005-86ba-d3afc78a0a04,RST-02,34914ea0-f5ab-45fd-a5a1-51b991626a05,RST-201,Preclinical,,,Rest Devices Inc,Small molecule| Synthetic small molecule,Preclinical,Alzheimers disease,Neurology/Psychiatric,N-methyl-D-aspartate (NMDA) receptor antagonist| NMDA receptor agonist,,France,EVALUATE| CORTELLIS| PHARMAPROJECTS,2026-05-08T16:03:09.475Z,2026-05-08T16:03:09.475Z
9ec4d189-5946-4cde-acdc-b4fbe967ec54,PTD939,5365fbea-4614-4b47-9d6b-0aa1ad5e6464,PTD-939,Preclinical,,,Pheno AI Ltd,Small molecule,Preclinical,Amyotrophic lateral sclerosis,Neurology/Psychiatric| Rare Diseases,G protein-coupled receptor 17 (GPR17) antagonist,,UK,EVALUATE| PHARMAPROJECTS,2026-05-08T16:03:09.535Z,2026-05-08T16:03:09.535Z
b4e9f0c4-f519-4807-a4cc-1d1656b5dd21,"eukaryotic initiation factor 2 beta modulator(Neurological disease/alzheimer’s disease), Bristol Meyer Squibb/Evotec",d4075ce1-8f9b-46b3-8d0a-62644a7ed468,,Phase 1 Clinical,,,Bristol-Myers Squibb AB,Small molecule| Systemic formulation unspecified,Phase 1 Clinical,Alzheimers disease| Neurological disease,Neurology/Psychiatric,Eukaryotic initiation factor 2 beta modulator,Eukaryotic initiation factor 2 beta,US,CORTELLIS,2026-05-08T16:03:11.896Z,2026-05-08T16:03:11.896Z
bff6a21d-79bb-4e94-ae9c-d16480288386,ICP-538,1a276aa4-e163-4070-aae3-6d0adad58ff0,,Phase 1 Clinical,,,Innocare Aps,Molecular glue degrader| Once daily formulation| Small molecule| Tablet formulation,Phase 1 Clinical,Autoimmune disease| Inflammatory bowel disease| Multiple sclerosis| Multiple sclerosis (MS) unspecified| Systemic lupus erythematosus,Alimentary/Metabolic| Gastrointestinal| Immune| Neurology/Psychiatric,Cereblon E3 ubiquitin ligase stimulant| E3 ubiquitin ligase regulator| Protein cereblon modulator| Protein degrader| Proto oncogene vav modulator| Ubiquitin ligase inhibitor,Protein cereblon| Proto oncogene vav| Ubiquitin ligase,China,EVALUATE| CORTELLIS| PHARMAPROJECTS,2026-05-08T16:03:08.655Z,2026-05-08T16:03:08.655Z
ee5806a1-d66d-4893-82ac-f099b52b6bc8,NB003,25ebd705-6e98-4667-89f1-a58d7bf308d8,"NB-003, NysnoBio",Preclinical,,,NysnoBio,Adeno-associated virus| Gene therapy| Small molecule,Preclinical,Multiple system atrophy| Other neurological indications| Parkinson's disease,Neurology/Psychiatric| Rare Diseases,Parkin modulator,,US,EVALUATE| PHARMAPROJECTS,2026-05-08T16:03:09.634Z,2026-05-08T16:03:09.634Z
8ccffb55-72ba-41a4-85ed-b1fe795fee27,pirepemat,c0253306-0f6b-4f4b-adab-640609fdc2b2,Pirepemat,Suspended,,,IRLAB Therapeutics AB,Oral formulation| Small molecule| Synthetic small molecule,Phase 2 Clinical| Suspended,"Attention deficit hyperactivity disorder| Dementia, Parkinson's disease| Parkinson's disease| Parkinsons disease dementia",Neurology/Psychiatric,5 Hydroxytryptamine 7 receptor antagonist| 5-HT 7 receptor antagonist| 5-HT7 (serotonin) receptor antagonist| Alpha 2 adrenoceptor antagonist| Alpha adrenoreceptor antagonist| Beta adrenoceptor agonist,5-HT 7 receptor| Alpha 2 adrenoceptor,Sweden,EVALUATE| CORTELLIS| PHARMAPROJECTS,2026-05-08T16:03:08.436Z,2026-05-08T16:03:08.436Z
a53a1246-94e4-4bb5-88ec-79f22ce463b8,CKD-513,ac083f62-bdf5-419d-a6b2-5fe120f5d008,,Preclinical,,,Archela Inc| Chong Kun Dang Holdings Corp,Small molecule| Synthetic small molecule| Systemic formulation unspecified,Discovery| Preclinical,Alzheimers disease| Charcot Marie Tooth disease| Charcot–Marie–Tooth disease| Neurological disease| Other neurological indications,Neurology/Psychiatric| Rare Diseases,Histone deacetylase 6 (HDAC6) inhibitor| Histone deacetylase 6 inhibitor| Histone deacetylase-6 inhibitor,Histone deacetylase-6,South Korea,EVALUATE| CORTELLIS| PHARMAPROJECTS,2026-05-08T16:03:08.774Z,2026-05-08T16:03:08.774Z
4a705390-b70f-4b3f-86c3-a1115d8ce6ed,APC-100,473c6441-e087-4436-b305-de31e8fb9e40,KS-217 + phenserine,Preclinical,,,Progenicyte,Protein & peptide therapeutics| Small molecule| Synthetic small molecule,Preclinical,Alzheimers disease| Down syndrome,Neurology/Psychiatric| Rare Diseases,Acetylcholinesterase inhibitor| Amyloid precursor protein antagonist| Beta amyloid precursor protein antagonist| Synuclein inhibitor| Tau aggregation inhibitor| Unclassified,,Japan| US,EVALUATE| PHARMAPROJECTS,2026-05-08T16:03:09.755Z,2026-05-08T16:03:09.755Z
01fffd25-3766-46b8-a2c8-6f10469caf15,MedChew-RL,f40d29fa-5412-447f-9258-6b159eed16ae,"cannabidiol + dronabinol (controlled-release/chewing gum, pain/spasticity), Axim Biotechnologies| cannabidiol + tetrahydrocannabinol, Incannex Healthcare",Suspended,,,AXIM,Buccal formulation systemic| Controlled release formulation| Drug combination| Fixed-dose combination| Plant| Small molecule| Synthetic small molecule| Unidentified,Phase 2 Clinical| Preclinical| Suspended,Chemotherapy induced nausea and vomiting| Multiple sclerosis| Muscle hypertonia| Neuropathic pain| Pain| Restless legs syndrome| Spasticity,Immune| Musculoskeletal| Neurology/Psychiatric| Toxicity/Intoxication,5 Hydroxytryptamine 1A receptor agonist| Adenosine reuptake inhibitor| Calcium channel antagonist| Cannabinoid CB1 receptor inverse agonist| Cannabinoid CB2 receptor agonist| Cannabinoid receptor agonist| GABA receptor agonist| GPR55 antagonist| Vanilloid receptor 1 agonist,Cannabinoid receptor,US,CORTELLIS| PHARMAPROJECTS,2026-05-08T16:03:11.616Z,2026-05-08T16:03:11.616Z
4e8acac4-e5eb-45d5-a715-b0e63d60d3a3,vatiquinone,84049d80-2d5c-44eb-8d3e-b0a904c65002,,Suspended,,,BioElectron Technology Corp| PTC Inc,Capsule formulation| Small molecule| Synthetic small molecule,Launched| Phase 3 Clinical| Suspended,"Alcoholic fatty liver disease| Autism| Autism spectrum disorders (ASD)| Brain development disorder| Epilepsy| Epilepsy, mitochondrial disease| Friedreich ataxia| Hearing loss| Hearing loss/Deafness| Huntington's disease| Leigh disease| MELAS syndrome| Mitochondrial disease| Mitochondrial oxidative phosphorylation disorders| Monogenic disorder| Non-alcoholic steatohepatitis| Other metabolic indications| Parkinson's disease| Pearson syndrome| Pontocerebellar hypoplasia| Rett syndrome| Tourette syndrome",Alimentary/Metabolic| Endocrine/Metabolic| Musculoskeletal| Neurology/Psychiatric| Other/Miscellaneous| Rare Diseases| Sensory Organs| Unknown,12 Lipoxygenase inhibitor| 15-Lipoxygenase inhibitor| 15-lipoxygenase (15-LO) inhibitor| Ferroptosis inhibitor| NADH quinone oxidoreductase 1 (NQO1) regulator| Quinone reductase-1 inhibitor,15-Lipoxygenase| Quinone reductase-1,US,EVALUATE| CORTELLIS| PHARMAPROJECTS,2026-05-08T16:03:11.716Z,2026-05-08T16:03:11.716Z
781e1284-60a9-4167-9add-c80797c79288,SEP-380135,cb7ddbf5-c224-455c-a2d9-94e3099d5453,,Phase 1 Clinical,,,Otsuka Pharma GmbH| PsychoGenics Inc| Sumitomo Corp,Capsule formulation| Once daily formulation| Small molecule| Synthetic small molecule,Phase 1 Clinical,"Agitation| Agitation, Alzheimer's disease| Alzheimers disease| Bipolar I disorder| Bipolar II disorder| Bipolar disorder| Depression, major depressive disorder| Major depressive disorder| Schizophrenia",Neurology/Psychiatric,Unidentified pharmacological activity| Unknown,,Japan| US,EVALUATE| CORTELLIS| PHARMAPROJECTS,2026-05-08T16:03:11.834Z,2026-05-08T16:03:11.834Z
b0c283f6-8967-4f36-9360-f94d3a0d2005,CNS Research Program,2366c3d5-5e04-4951-a829-065abfbb24ef,,Preclinical,,,DepYmed Inc,Small molecule,Preclinical,Alzheimers disease| Other neurological indications,Neurology/Psychiatric,Unclassified,,US,EVALUATE,2026-05-08T16:03:08.654Z,2026-05-08T16:03:08.654Z
73fa563d-7666-47c7-b277-820fbd9c8dca,BMND09,e61969ca-46c1-4109-9f43-801b181683bd,,Phase 1 Clinical,,,Biomind Labs Inc,Small molecule,Phase 1 Clinical,Parkinson's disease,Neurology/Psychiatric,Unclassified,,Canada,EVALUATE,2026-05-08T16:03:09.097Z,2026-05-08T16:03:09.097Z
101f1454-9340-40f5-840e-6e44ea0f55bc,Moriah-1000,9cabf7e9-96f5-4d2a-8713-4786f568ce6e,Moriah1000,Suspended,,,Ensol Biosciences Inc,Small molecule| Synthetic peptide,Preclinical| Suspended,Alzheimers disease,Neurology/Psychiatric,Beta amyloid modulator,,South Korea,EVALUATE| CORTELLIS| PHARMAPROJECTS,2026-05-08T16:03:09.317Z,2026-05-08T16:03:09.317Z
dbb04e57-9add-4e0f-a43d-e03069542a6c,SR-1375,927afdc7-b095-4e1d-ba95-36c9a3076525,,Phase 2 Clinical,,,Shanghai SIMR Biotech Co Ltd,Capsule formulation| Oral formulation| Small molecule| Synthetic small molecule,Phase 1 Clinical| Phase 2 Clinical| Preclinical,"Alzheimers disease| Chronic kidney disease| Coronavirus disease 19 infection| Diabetic macular edema| Diabetic nephropathy| Diabetic retinopathy| Macular oedema| Oedema, macular, diabetic| Pneumonia| Pneumonia, community-acquired (CAP)| Renal failure",Alimentary/Metabolic| Genitourinary/Sexual Function| Infection| Neurology/Psychiatric| Ocular| Sensory Organs,PAF acetylhydrolase inhibitor| Vascular endothelial growth factor (VEGF) antibody,PAF acetylhydrolase,China,EVALUATE| CORTELLIS| PHARMAPROJECTS,2026-05-08T16:03:08.656Z,2026-05-08T16:03:08.656Z
c9b75807-b5db-47b8-9cca-3443a06752c9,"olanzapine (intranasal, psychomotor agitation), Neurelis",b971a10f-4ed7-49e6-bbd8-1d5400ecfcbd,olanzapine,Suspended,,,Boryung Co| Cardinal systems| Cheplapharm Arzneimittel GmbH| Eli Lilly SA,>24hr release| Capsule formulation| Disintegrating| Drug combination| Film coating| Fixed-dose combination| Granule| Injectable controlled release formulation| Intramuscular formulation| Oral formulation| Orally disintegrating tablet| Parenteral formulation| Reformulation| Small molecule| Sustained release formulation| Synthetic small molecule| Tablet formulation,Launched| Phase 3 Clinical| Suspended,"Agitation| Alcoholism| Alzheimers disease| Bipolar I disorder| Bipolar II disorder| Bipolar disorder| Chemotherapy induced nausea and vomiting| Chemotherapy-induced emesis| Depression| Depression, major depressive disorder| Generalized anxiety disorder| Mania| Psychosis, unspecified| Psychotic disorder| Radio/chemotherapy-induced nausea and vomiting| Schizophrenia",Alimentary/Metabolic| Neurology/Psychiatric| Toxicity/Intoxication,5 Hydroxytryptamine 2A receptor antagonist| 5 Hydroxytryptamine 2C receptor antagonist| 5 Hydroxytryptamine 3 receptor antagonist| 5 Hydroxytryptamine 6 receptor antagonist| 5 Hydroxytryptamine uptake inhibitor| 5-HT 2 receptor antagonist| 5-HT receptor agonist| 5-HT2A (serotonin) receptor agonist| 5-HT2C (serotonin) receptor agonist| 5-HT3 (serotonin) receptor antagonist| 5-HT6 (serotonin) receptor antagonist| Alpha 1 adrenoreceptor antagonist| Alpha-1 adrenoceptor antagonist| Dopamine D1 receptor agonist| Dopamine D3 receptor agonist| Dopamine D4 receptor agonist| Dopamine receptor agonist| Histamine receptor agonist| Muscarinic M1 receptor antagonist| Muscarinic M2 receptor agonist| Muscarinic M3 receptor agonist| Muscarinic M4 receptor agonist| Muscarinic acetylcholine receptor (M4) antagonist| Selective 5-HT (serotonin) reuptake inhibitor (SSRI)| Serotonin and norepinephrine reuptake inhibitor,5-HT 2 receptor| 5-HT receptor| Dopamine D1 receptor| Dopamine D2 receptor| Dopamine D3 receptor| Dopamine D4 receptor,Germany| South Korea| US,EVALUATE| CORTELLIS| PHARMAPROJECTS,2026-05-08T16:03:11.716Z,2026-05-08T16:03:11.716Z
b6d25dc4-1b60-450b-bfe5-9c2ed6c4f89c,123I-MNI-420,d50d2a29-7bf7-46af-b8cb-78b2c87cf64d,,Phase 1 Clinical,,,Institute for Neurodegenerative Disorders,Intravenous formulation| Radiolabeling| Small molecule,Phase 1 Clinical,Huntingtons chorea| Parkinsons disease,Neurology/Psychiatric,Adenosine A2a receptor agonist,Adenosine A2a receptor,US,CORTELLIS,2026-05-08T16:03:12.155Z,2026-05-08T16:03:12.155Z
6bf8ce10-d2ff-4247-939e-fdc4f49a3567,C-Terminal-ApoE4 Research Program,1b2ed518-ac9e-45a1-b693-a270a23a8821,,Preclinical,,,Innovative California Biosciences International,Small molecule,Preclinical,Alzheimers disease,Neurology/Psychiatric,Apolipoprotein E (ApoE) 4 regulator,,US,EVALUATE,2026-05-08T16:03:08.435Z,2026-05-08T16:03:08.435Z
348b93e8-09d3-464a-bbd9-d4faba060dff,IRX-4204,b8e2c926-fd86-41cd-b320-d11cd622041f,IRX4204,Suspended,,,Allergan Ligand Retinoid Therapeutics Inc| Nurx Inc| Vision Io As,CNS penetration enhancer| Capsule formulation| Oral formulation| Small molecule| Synthetic small molecule,Phase 1 Clinical| Phase 2 Clinical| Preclinical| Suspended,"Alzheimers disease| Amyotrophic lateral sclerosis| Asthma| Autoimmune disease| Breast tumor| Cancer, mesothelioma| Cancer, myeloma| Cancer, solid, unspecified| Graft versus host disease| HER2+ breast cancer| Ischaemia, cerebral| Multiple myeloma| Multiple sclerosis| Multiple sclerosis (MS) unspecified| Neurodegenerative disease| Non-small-cell lung cancer| Organ and tissue transplantation| Other immune indications| Other neurological indications| Pancreatic cancer| Parkinson's disease| Parkinsons disease| Plaque psoriasis| Prostate cancer| Prostate tumor| Psoriasis| Psoriatic arthritis| Rheumatoid arthritis| Schizophrenia| Stroke| Transplant rejection| Traumatic brain injury",Cancer| Cardiovascular| Dermatologic| Endocrine/Metabolic| Immune| Neurology/Psychiatric| Rare Diseases| Respiratory,Amyloid protein deposition inhibitor| Beta amyloid modulator| Retinoid X receptor (RXR) agonist| Retinoid X receptor agonist| Synuclein inhibitor| Tau aggregation inhibitor| Tau kinase inhibitor,Beta amyloid| Retinoid X receptor| Synuclein| Tau protein,US,EVALUATE| CORTELLIS| PHARMAPROJECTS,2026-05-08T16:03:08.554Z,2026-05-08T16:03:08.554Z
32f238f8-a902-4a6d-a6fa-695bbeb8c192,RVL-069,c6e4a5c2-34c5-4709-86b9-3016662fe8af,RVL-027| RVL027,Suspended,,,Unravel Health Ltd,Small molecule| Synthetic small molecule| Systemic formulation unspecified,Discovery| Preclinical| Suspended,Amyotrophic lateral sclerosis| Dystonia| Other neurological indications| Parkinson's disease| X-linked dystonia-parkinsonism,Musculoskeletal| Neurology/Psychiatric| Rare Diseases,Unidentified pharmacological activity| Unknown,,US,EVALUATE| CORTELLIS| PHARMAPROJECTS,2026-05-08T16:03:09.093Z,2026-05-08T16:03:09.093Z
cea8b017-3cf7-4b9b-8849-d66627f57a22,ZS-07,6ba82723-4a05-4fc9-bb18-79a7c9954034,,Suspended,,,Zensun (Shanghai) Sci & Tech| Zensun (Shanghai) Sci-Tech Co Ltd,Small molecule| Synthetic small molecule,Preclinical| Suspended,"Alzheimers disease| Dyspepsia, non-ulcer",Alimentary/Metabolic| Gastrointestinal| Neurology/Psychiatric,Unclassified| Unidentified pharmacological activity,,China,EVALUATE| CORTELLIS| PHARMAPROJECTS,2026-05-08T16:03:09.156Z,2026-05-08T16:03:09.156Z
54e17f0c-1793-435a-abfc-b12ffac73ddd,ruvonoflast,4f9c33f8-b50d-44aa-9c92-d16fcfb8aa43,NT-0796,Suspended,,,NodThera Ltd,Capsule formulation| Small molecule| Synthetic small molecule,Phase 1 Clinical| Phase 2 Clinical| Suspended,Atherosclerosis| Cardiovascular disease| Encephalitis| General inflammatory disorders| Inflammatory disease| Metabolic dysfunction-associated steatotic liver disease| Neurological disease| Non-insulin dependent diabetes| Obesity| Other metabolic indications| Parkinson's disease| Parkinsons disease,Alimentary/Metabolic| Cardiovascular| Endocrine/Metabolic| Gastrointestinal| Inflammatory| Musculoskeletal| Neurology/Psychiatric| Other/Miscellaneous,Inflammasome inhibitor| Interleukin 18 ligand| Interleukin-18 (IL-18) antagonist| NACHT LRR PYD domain protein 3 inhibitor| NLR family pyrin domain containing 3 (NLRP3) inflammasome inhibitor| NLR family pyrin domain containing 3 inhibitor,NACHT LRR PYD domain protein 3,UK| US,EVALUATE| CORTELLIS| PHARMAPROJECTS,2026-05-08T16:03:09.415Z,2026-05-08T16:03:09.415Z
f7b9107b-ec93-4684-a67e-7994e4d40b09,"anti-inflammatory therapy, QBiotics",6eae06cf-4314-476a-9f2e-066e3513623e,,Suspended,,,QBiotics UK Ltd,Synthetic small molecule,Preclinical| Suspended,Alzheimers disease| Arthritis| Dermatological disease| Inflammatory disease,Dermatologic| Musculoskeletal| Neurology/Psychiatric,Unidentified pharmacological activity,,Australia,PHARMAPROJECTS,2026-05-08T16:03:09.754Z,2026-05-08T16:03:09.754Z
fa0f7da9-8aa2-4fef-90bc-3cdb94c73fd4,Parkinson's Disease Program (TAU),5b4871a5-5827-4f8c-8ca9-3091472cc993,,Preclinical,,,Tel Aviv University,Small molecule,Preclinical,Parkinson's disease,Neurology/Psychiatric,Unclassified,,Israel,EVALUATE,2026-05-08T16:03:08.259Z,2026-05-08T16:03:08.259Z
45f5c6f3-f81f-4398-9691-f534745e04fc,Amilo-5MER,8e06415b-c582-4e8e-86aa-95370ae64421,,Phase 1 Clinical,,,Galmed GmbH,Parenteral formulation unspecified| Peptide| Protein & peptide therapeutics| Small molecule| Synthetic small molecule,Phase 1 Clinical,COVID-19 complications| Coronavirus disease 19 infection| Crohns disease| General inflammatory disorders| Inflammatory bowel disease| Inflammatory disease| Multiple sclerosis| Psoriasis| Respiratory distress syndrome| Rheumatoid arthritis| Ulcerative colitis,Alimentary/Metabolic| Dermatologic| Gastrointestinal| Immune| Infection| Inflammatory| Musculoskeletal| Other/Miscellaneous| Rare Diseases| Respiratory,Apolipoprotein agonist| IL-6 receptor agonist| Serum amyloid A protein inhibitor| Transthyretin modulator,Apolipoprotein B| IL-6 receptor| Serum amyloid A protein| Transthyretin,Israel,EVALUATE| CORTELLIS| PHARMAPROJECTS,2026-05-08T16:03:11.937Z,2026-05-08T16:03:11.937Z
e90f33d0-6119-4328-8a8c-a30c3bb204fd,ZL-24,c010fcbf-f21c-4986-a479-4e3e802d7139,,Preclinical,,,Chengdu Zeling Biomedical Technology Co Ltd,Small molecule,Preclinical,Multiple sclerosis| Sepsis,Immune| Infection,RIP-1 kinase inhibitor| RIP-2 kinase inhibitor,RIP-1 kinase| RIP-2 kinase,China,CORTELLIS,2026-05-08T16:03:11.995Z,2026-05-08T16:03:11.995Z
81765166-de5a-4b08-becd-4c4131d9fe7f,dactolisib,aa299e1d-0ba6-40d7-83c4-bcfbb0371571,,Suspended,,,Novartis AG,Capsule formulation| Formulation powder| Oral formulation| Oral suspension formulation| Small molecule| Synthetic small molecule,Phase 2 Clinical| Suspended,"Acute myelogenous leukemia| Brain tumor| Breast tumor| Cancer, basal cell| Cancer, endometrial| Cancer, melanoma| Cancer, pancreatic, neuroendocrine| Cancer, perivascular epithelioid cell| Cancer, renal| Cancer, solid, unspecified| Cardiac failure| Colorectal tumor| Coronavirus disease 19 infection| Head injury| Infection, coronavirus, novel coronavirus| Neurological disease| Non-small-cell lung cancer| Oesophageal cancer| Ovarian cancer| Pancreatic cancer| Parkinson's disease| Parkinsons disease| Prostate cancer| Respiratory tract infection| Sarcoma| Skin cancer| Urinary tract infection",Cancer| Cardiovascular| Infection| Musculoskeletal| Neurology/Psychiatric| Rare Diseases,PI3 kinase inhibitor| Phosphoinositide 3-kinase modulator| Protein kinase inhibitor| mTOR complex 1 inhibitor| mTOR complex 2 inhibitor| mTOR inhibitor,Phosphoinositide 3-kinase| mTOR complex 1| mTOR complex 2,Switzerland,CORTELLIS| PHARMAPROJECTS,2026-05-08T16:03:12.054Z,2026-05-08T16:03:12.054Z
085e6d87-96eb-46d3-8d3b-f0362c237a6a,ZD-03,7ab13ad8-dc88-4816-a707-e758800e7ee2,,Suspended,,,Zhendong Pharmaceutical Company Ltd,Capsule formulation| Natural product| Oral formulation| Small molecule| Synthetic small molecule,Phase 1 Clinical| Suspended,Multiple sclerosis,Immune| Neurology/Psychiatric,Kelch like ECH associated protein 1 modulator| Unidentified pharmacological activity,Kelch like ECH associated protein 1,China,CORTELLIS| PHARMAPROJECTS,2026-05-08T16:03:11.834Z,2026-05-08T16:03:11.834Z
556d7e2f-90e7-4d2d-b038-53c00fc8680e,TAK-212,bcf23d43-d765-42c6-b689-c1ee347dd032,,Suspended,Active,Active,AcuraStem Inc| Takeda GmbH,Antisense therapy| DNA & RNA therapeutics| Nucleic acid technology| Nucleic acid technology type| Oligonucleotide antisense| Oral formulation| Small molecule| Synthetic small molecule,Preclinical| Suspended,"Alzheimers disease| Amyotrophic lateral sclerosis| Cancer, lymphoma, unspecified| Frontotemporal dementia| Huntington's disease| Infection, unspecified| Parkinson's disease",Cancer| Infection| Neurology/Psychiatric| Rare Diseases,C9orf72 gene inhibitor| FYVE finger phosphoinositide kinase inhibitor| Kinase inhibitor| TAR DNA-binding protein (TDP) regulator| TDP-43 inhibitor,C9orf72 gene| FYVE finger phosphoinositide kinase,Japan| US,EVALUATE| CORTELLIS| PHARMAPROJECTS| CRM,2026-05-08T16:03:11.935Z,2026-05-08T16:03:11.935Z
b449cdcb-7751-4c79-b730-a948c8d7aef3,MY-004,438d78a6-f596-46c6-a648-1ac1ee50928d,,Phase 2 Clinical,,,Shanghai MeiYue Biotech Development Co Ltd,Oral formulation| Small molecule| Tablet formulation,Phase 2 Clinical,Alzheimers disease| IgA nephropathy| Psoriasis| Rheumatoid arthritis| Systemic lupus erythematosus,Dermatologic| Genitourinary/Sexual Function| Immune| Neurology/Psychiatric,IRAK-4 protein kinase inhibitor,IRAK-4 protein kinase,China,CORTELLIS,2026-05-08T16:03:11.936Z,2026-05-08T16:03:11.936Z
33982890-5e80-4cb8-b625-b465de49e9f5,Alzheimer Disease Program,6415d6ec-07ed-4a73-bcaf-6ac999830f2a,,Phase 1 Clinical,,,New York University,Small molecule,Phase 1 Clinical| Preclinical,Alzheimers disease| Idiopathic pulmonary fibrosis| MRSA infection| Solid tumour indications,Neurology/Psychiatric,Unclassified,,US,EVALUATE,2026-05-08T16:03:08.476Z,2026-05-08T16:03:08.476Z
8fe3df75-851f-49fd-a5c3-63a7b919e1e3,SM-07883,a9525a50-9fbc-4132-8ba0-ae97cab09b0a,SM07883,Suspended,,,Samumed Pacific Pty Ltd,CNS formulation| Oral formulation| Small molecule| Synthetic small molecule,Discovery| Preclinical| Suspended,Alzheimers disease| Neurological disease| Traumatic brain injury,Neurology/Psychiatric,DYRK-1 alpha protein kinase inhibitor| Dual specificity TP-regulated kinase 1 inhibitor| Dual-specificity tyrosine-phosphorylation regulated kinase 1A (DYRK1A) inhibitor| Tau kinase inhibitor| Tyrosine kinase inhibitor (TKI)| Wnt pathway stimulant,DYRK-1 alpha protein kinase| Tau protein,US,EVALUATE| CORTELLIS| PHARMAPROJECTS,2026-05-08T16:03:08.833Z,2026-05-08T16:03:08.833Z
a65ea544-3bf6-496e-b953-a2a0e94e7861,DB2C1PP,a946a94b-abcb-4a34-95fc-9ba9857b6457,,Preclinical,,,JAL Therapeutics LLC,Small molecule,Preclinical,Alzheimers disease,Neurology/Psychiatric,Butyrylcholinesterase inhibitor,,US,EVALUATE,2026-05-08T16:03:09.376Z,2026-05-08T16:03:09.376Z
2135aee5-29ae-4ce3-8840-a02a072a1acb,IL-2103,e1dd2fc6-7d94-44e2-93fd-c3c7d26cb8e0,,Suspended,,,iLeadBMS Co Ltd,Degrader| Small molecule| Synthetic small molecule| Systemic formulation unspecified,Discovery| Preclinical| Suspended,"Cancer, solid, unspecified| Parkinson's disease| Solid tumor| Solid tumour indications",Cancer| Neurology/Psychiatric,PARP inhibitor| Poly (ADP-ribose) polymerase (PARP) inhibitor| Poly ADP ribose polymerase inhibitor,PARP,South Korea,EVALUATE| CORTELLIS| PHARMAPROJECTS,2026-05-08T16:03:11.555Z,2026-05-08T16:03:11.555Z
e8de260c-f9f0-418a-9c1a-1fd888211e4f,"neurodegenerative disease therapy, Muna Therapeutics",370fc9c6-5380-459d-a546-a3a444bc19ab,,Preclinical,,,Muna Therapeutics ApS,Synthetic small molecule,Preclinical,Alzheimers disease| Multiple sclerosis| Parkinson's disease,Neurology/Psychiatric,Unidentified pharmacological activity,,Denmark,PHARMAPROJECTS,2026-05-08T16:03:11.555Z,2026-05-08T16:03:11.555Z
5ef55cb5-f9c1-446a-a26b-8d0a95d13076,"cyclobenzaprine hydrochloride (sublingual tablets, fibromyalgia/post-traumatic stress disorder/agitation in alzheimers disease/post-acute sequelae of COVID-19), TONIX Pharmaceuticals",60219dd9-2cbb-49ba-87b3-3da3e0251ecc,"cyclobenzaprine, TONIX",Suspended,,,Tonix Pharma Ltd,Buccal formulation systemic| Formulation other| Once daily formulation| Oral formulation| Small molecule| Synthetic small molecule| Tablet formulation| Transmucosal formulation,Launched| Phase 2 Clinical| Preclinical| Suspended,"Acute stress disorder| Agitation| Agitation, Alzheimer's disease| Alcoholism| Alzheimers disease| Anxiety, unspecified| Arthritis, osteo| COVID-19 complications| COVID-19 treatment| Dementia| Depression| Depression, major depressive disorder| Fibromyalgia| Major depressive disorder| Pain| Post COVID-19 condition| Post traumatic stress disorder| Post-COVID syndrome| Psychosis, Alzheimer's disease| Psychosis, Parkinson's disease| Psychosis, unspecified| Sleep disorder| Traumatic brain injury",Infection| Musculoskeletal| Neurology/Psychiatric| Other/Miscellaneous| Toxicity/Intoxication,5 Hydroxytryptamine 2A receptor antagonist| 5-HT 2a receptor antagonist| 5-HT2A (serotonin) receptor agonist| Alpha 1 adrenoceptor antagonist| Alpha 1 adrenoreceptor antagonist| Histamine receptor agonist| Muscarinic M1 receptor antagonist,5-HT 2a receptor| Alpha 1 adrenoceptor| Histamine H1 receptor| Muscarinic M1 receptor,US,EVALUATE| CORTELLIS| PHARMAPROJECTS,2026-05-08T16:03:11.714Z,2026-05-08T16:03:11.714Z
c8043639-7724-4afa-a205-0628e2733eea,Alzheimer’s Disease Research Project (MUTH),36d193f2-b11b-4987-a89a-18e0e83efd32,,Phase 1 Clinical,,,GSK plc| Muna Therapeutics ApS,Small molecule,Phase 1 Clinical,Alzheimers disease,Neurology/Psychiatric,Triggering receptor expressed on myeloid cells 2 (TREM2) antibody,,Denmark| UK,EVALUATE,2026-05-08T16:03:08.934Z,2026-05-08T16:03:08.934Z
af19acd4-a9b2-4780-b3dc-8525a99ca40d,Rotigotine TDS,4b40cbee-3088-405e-94e8-9e48ace140be,,Phase 2 Clinical,,,BioNxt Solutions Inc,Small molecule,Phase 2 Clinical,Parkinson's disease,Neurology/Psychiatric,Dopamine D3 receptor agonist| Dopamine receptor agonist,,Canada,EVALUATE,2026-05-08T16:03:09.316Z,2026-05-08T16:03:09.316Z
61aa4b8a-398b-467a-bf3c-f5674b877cb1,INV-17,39af890a-b8e6-4785-80d3-84e3d7527742,,Suspended,,,Innovimmune Biotherapeutics Inc,Oral formulation| Small molecule| Synthetic small molecule,Preclinical| Suspended,Ankylosing spondylitis| Asthma| COAD/COPD| Cancer| Central nervous system disease| Chronic obstructive airway disease| General cancer indications| Inflammatory bowel disease| Inflammatory disease| Insulin dependent diabetes| Multiple sclerosis| Multiple sclerosis (MS) unspecified| Other neurological indications| Psoriasis| Psoriatic arthritis| Rare disease| Rheumatoid arthritis| Systemic lupus erythematosus| Uveitis,Alimentary/Metabolic| Cancer| Dermatologic| Immune| Inflammatory| Musculoskeletal| Neurology/Psychiatric| Rare Diseases| Respiratory| Sensory Organs,Retinoic acid receptor (RAR)-related orphan receptor (ROR) gamma agonist| Retinoid Z receptor gamma inverse agonist,Retinoid Z receptor gamma,US,EVALUATE| CORTELLIS| PHARMAPROJECTS,2026-05-08T16:03:09.414Z,2026-05-08T16:03:09.414Z
2178a3eb-015b-4679-b112-b58d48512e60,NPT-2042,e76afc78-d2dc-4e34-8a0c-bd31390a62e6,,Phase 2 Clinical,,,Neuropro AG,Capsule formulation| Oral formulation| Small molecule| Synthetic small molecule,Phase 1 Clinical| Phase 2 Clinical,"Alzheimers disease| Epilepsy| Epilepsy, generalized, absence| Epilepsy, generalized, unspecified| Tonic seizure",Neurology/Psychiatric,Diuretic| Solute carrier family 12A2 inhibitor| Unknown,Solute carrier family 12A2,US,EVALUATE| CORTELLIS| PHARMAPROJECTS,2026-05-08T16:03:11.555Z,2026-05-08T16:03:11.555Z
8c8452a2-b3ff-4cc9-bc42-e9f606208ec1,inidascamine (L)-tartrate,84be688d-835a-47b5-bd35-8d51f3fff512,,Phase 2 Clinical,,,Allergan BV,Oral formulation| Small molecule,Phase 2 Clinical,Alzheimers disease| Anxiety disorders| Cognitive disorder| Neuropathic pain| Schizophrenia,Neurology/Psychiatric,GABA receptor agonist| NMDA receptor agonist| Nicotinic acetylcholine receptor agonist,GABA B receptor| NMDA receptor| Nicotinic acetylcholine receptor,Ireland,CORTELLIS,2026-05-08T16:03:12.277Z,2026-05-08T16:03:12.277Z
6e5ff2b4-1b91-48b4-ae1d-68edf669050b,TRV-250,fb979632-df7b-434e-b5b9-8daeaef7d4e9,TRV250 Oral,Suspended,,,Trevena Inc,Oral formulation| Small molecule| Synthetic small molecule,Phase 1 Clinical| Suspended,"Depression| Depression, major depressive disorder| Migraine| Neuropathic pain| Other neurological indications| Pain| Parkinson's disease",Genitourinary/Sexual Function| Neurology/Psychiatric,Neuropeptide agonist| Opioid receptor delta agonist,Neuropeptide receptor| Opioid receptor delta,US,EVALUATE| CORTELLIS| PHARMAPROJECTS,2026-05-08T16:03:08.554Z,2026-05-08T16:03:08.554Z
900b6a81-fb7b-400f-97fb-aaf9ee22c95e,ALS therapeutic,60555313-0511-398b-842d-da3c30a8098f,,Preclinical,,,Vesalic Ltd,Small molecule,Preclinical,Amyotrophic lateral sclerosis,Neurology/Psychiatric,Unknown,,UK,EVALUATE,2026-05-08T16:03:08.435Z,2026-05-08T16:03:08.435Z
b534c1d2-1284-41da-9a06-6bfd227d1091,Multiple sclerosis research project,8d249a05-7886-4a42-b15c-771ae1a9612a,,Phase 1 Clinical,,,Rekover Therapeutics| Topas Therapeutics GmbH,Small molecule,Phase 1 Clinical| Preclinical,Multiple sclerosis (MS) unspecified,Neurology/Psychiatric,Unclassified,,Germany| New Zealand,EVALUATE,2026-05-08T16:03:08.435Z,2026-05-08T16:03:08.435Z
bfce09b9-3110-4dbd-9c40-fb0da0ed41d8,1ST-103,e75da863-8262-4e1f-b62c-011ee23d1eab,NLY-02,Suspended,,,1st Holdings Inc| Neuraly Inc,Oral formulation| Small molecule| Synthetic small molecule,Preclinical| Suspended,Alzheimers disease| Amyotrophic lateral sclerosis| Neurological disease| Parkinson's disease| Parkinsons disease,Neurology/Psychiatric| Rare Diseases,Kinase inhibitor| RIP-2 kinase inhibitor| Receptor-interacting serine/threonine kinase 2 inhibitor| Serine/threonine-protein kinase inhibitor,RIP-2 kinase,South Korea| US,EVALUATE| CORTELLIS| PHARMAPROJECTS,2026-05-08T16:03:08.997Z,2026-05-08T16:03:08.997Z
d3a68baf-a2ad-4868-805a-e47c0c7b000f,evetifator,29554ea1-45a5-4b68-a185-a7f913ef473e,DNL-343| DNL343,Phase 3 Clinical,,,Denali Pharma,Oral formulation| Small molecule| Synthetic small molecule,Phase 1 Clinical| Phase 3 Clinical| Preclinical,Amyotrophic lateral sclerosis| Frontotemporal dementia| Leukoencephalopathy,Neurology/Psychiatric| Rare Diseases,Eukaryotic initiation factor 2 beta stimulator| Eukaryotic translation initiation factor 2B activator| Eukaryotic translation initiation factor 2B inhibitor| Translation initiation factor 2B stimulant,Eukaryotic initiation factor 2 beta,US,EVALUATE| CORTELLIS| PHARMAPROJECTS,2026-05-08T16:03:08.597Z,2026-05-08T16:03:08.597Z
44680479-3b07-4218-9d7c-db7bdd6c9cb3,"MN-08, Guangzhou Magpie Pharmaceuticals",07c38c6f-4ab3-44ca-a4c9-9dc88250bea2,MN-08| memantine nitrate,Phase 2 Clinical,,,Jinan University (Guangdong)| Magpie Tech Inc,Ophthalmic gel formulation| Oral formulation| Small molecule| Synthetic small molecule| Tablet formulation,Phase 1 Clinical| Phase 2 Clinical,"Alzheimers disease| Dementia, cerebrovascular| Glaucoma| Hypertension| Ocular hypertension| Pulmonary artery hypertension| Pulmonary hypertension| Vascular dementia",Cardiovascular| Neurology/Psychiatric| Ocular| Rare Diseases| Sensory Organs,Calcium channel antagonist| Calcium channel inhibitor| Calcium channel regulator| N-methyl-D-aspartate (NMDA) receptor antagonist| NMDA receptor agonist| Nitric oxide modulator,NMDA receptor,China,EVALUATE| CORTELLIS| PHARMAPROJECTS,2026-05-08T16:03:08.776Z,2026-05-08T16:03:08.776Z
082a29e4-5e0e-4764-9c74-b0046ceff6ac,LTx001,ac4eec91-182a-467f-8a39-6c039e692497,,Phase 3 Clinical,,,LiberaTx,Small molecule,Phase 3 Clinical,Parkinson's disease,Neurology/Psychiatric,Unclassified,,Singapore,EVALUATE,2026-05-08T16:03:09.374Z,2026-05-08T16:03:09.374Z
1280d7e4-d164-4095-8b34-47157d71950c,antroquinonol,650354aa-176f-401b-a620-f8308c945621,,Suspended,,,Golden Biotechnology| Golden Biotechnology Corp,Capsule formulation| Fungal| Natural product| Oral formulation| Plant extract| Small molecule,Launched| Phase 2 Clinical| Phase 3 Clinical| Preclinical| Suspended,"Acute myelogenous leukemia| Alzheimers disease| Amyotrophic lateral sclerosis| Atopic dermatitis| Breast tumor| COVID-19 treatment| Colorectal tumor| Coronavirus disease 19 infection| Down syndrome| Eczema/Dermatitis| General cancer indications| General liver disorders| Hepatitis virus infection| Hepatocellular carcinoma| Hepatoma, liver cancer| Hypercholesterolemia| Hyperlipidemia| Infection, coronavirus, novel coronavirus| Ischaemia, cerebral| Leukaemia, acute myeloid (AML)| Liver tumor| Lupus nephritis| Multiple sclerosis| Non-small-cell lung cancer| Other immune indications| Pancreas tumor| Pancreatic cancer| Parkinson's disease| Pneumonia, community-acquired (CAP)| Prostate cancer| Rheumatoid arthritis| Systemic lupus erythematosus",Cancer| Cardiovascular| Dermatologic| Endocrine/Metabolic| Gastrointestinal| Genitourinary/Sexual Function| Immune| Infection| Neurology/Psychiatric| Rare Diseases,Isoprenyl transferase inhibitor| MEK-1 protein kinase inhibitor| Mammalian target of rapamycin (mTOR) inhibitor| Phosphatidylinositol 3-kinase (PI3K) inhibitor| Ras gene modulator| Serine/threonine-protein kinase AKT inhibitor| Unclassified,MEK-1 protein kinase| Ras gene,Taiwan,EVALUATE| CORTELLIS| PHARMAPROJECTS,2026-05-08T16:03:09.593Z,2026-05-08T16:03:09.593Z
51288d0e-7b24-493f-891a-f511873f8e91,cutamesine dihydrochloride,b2ca278c-08bb-48e5-8271-6185a19a60e9,,Suspended,,,M's Science| Santen SA,Oral formulation| Small molecule| Synthetic small molecule,Phase 1 Clinical| Suspended,"Alzheimers disease| Amyotrophic lateral sclerosis| Depression| Depression, major depressive disorder| Ischaemia, cerebral| Multiple sclerosis| Schizophrenia| Spinal cord injury| Traumatic brain injury",Cardiovascular| Immune| Neurology/Psychiatric| Rare Diseases| Toxicity/Intoxication,Opioid receptor sigma agonist 1| Sigma receptor agonist,Opioid receptor sigma 1,Japan,CORTELLIS| PHARMAPROJECTS,2026-05-08T16:03:12.156Z,2026-05-08T16:03:12.156Z
e5ebfe8b-9ca6-4db5-bc64-85f1da9a348b,HK-001 (EVERFBIO),e4014638-adb8-4dde-b561-e0337f39e35c,,Phase 1 Clinical,,,Everfront Biotech Inc,Small molecule,Phase 1 Clinical,Amyotrophic lateral sclerosis,Neurology/Psychiatric,Mammalian target of rapamycin (mTOR) inhibitor,,Taiwan,EVALUATE,2026-05-08T16:03:08.313Z,2026-05-08T16:03:08.313Z
97524cbb-9cca-4062-ae2b-6d654188a059,ATH-399A,32a29ae4-0f39-4bd0-9d00-c5d8e5a3b97b,,Phase 1 Clinical,Active,Active,Daewoong| HanAll Biopharma Co Ltd| NurrOn Pharmaceuticals Inc,Capsule formulation| Once daily formulation| Oral formulation| Small molecule| Synthetic small molecule,Phase 1 Clinical| Preclinical,Lewy body dementia| Neurodegenerative disease| Parkinson's disease| Parkinsons disease| Restless legs syndrome,Neurology/Psychiatric,Nuclear receptor related 1 protein (NURR1) agonist| Nurr1 agonist| Orphan nuclear receptor NURR1 agonist,Orphan nuclear receptor NURR1,South Korea| US,EVALUATE| CORTELLIS| PHARMAPROJECTS| CRM,2026-05-08T16:03:08.873Z,2026-05-08T16:03:08.873Z
dce694a0-4397-4522-9bcb-e5d64b0bda8a,IL-2110,b491c926-caf9-483a-8b40-c9a89055f20d,,Preclinical,,,iLeadBMS Co Ltd,Oral formulation| Small molecule| Synthetic small molecule,Discovery| Preclinical,Multiple sclerosis| Multiple sclerosis (MS) unspecified,Immune| Neurology/Psychiatric,NACHT LRR PYD domain protein 3 inhibitor| NLR family pyrin domain containing 3 (NLRP3) inflammasome inhibitor| NLR family pyrin domain containing 3 inhibitor,NACHT LRR PYD domain protein 3,South Korea,EVALUATE| CORTELLIS| PHARMAPROJECTS,2026-05-08T16:03:11.556Z,2026-05-08T16:03:11.556Z
e6d03762-17d7-4b40-90bc-0845ff06812d,BLKR-201,b35f598d-7e60-4511-8f06-efff31f50483,LNK-01006| LYNK01006,Suspended,,,Formation Inc| Lynk Biotechnologies Pte Ltd,Oral formulation| Small molecule,Phase 1 Clinical| Preclinical| Suspended,"Cancer, solid, unspecified| Inflammatory disease| Multiple sclerosis| Multiple sclerosis (MS) unspecified| Solid tumour indications",Cancer| Immune| Inflammatory| Neurology/Psychiatric,MEKKK-1 protein kinase inhibitor| Non receptor tyrosine kinase TYK2 inhibitor| Tyrosine kinase (TYK) 2 inhibitor| Tyrosine kinase 2 inhibitor,MEKKK-1 protein kinase| Non receptor tyrosine kinase TYK2,China| US,EVALUATE| CORTELLIS| PHARMAPROJECTS,2026-05-08T16:03:08.259Z,2026-05-08T16:03:08.259Z
0357dff9-b5a8-40f0-92f2-3b429ef0c8e2,Takeda-Treventis Alzheimer's Disease Research Project,462e205a-3c54-4cfd-9e8e-a30c5d6f75e8,"Alzheimer's disease therapy, Treventis 1",Preclinical,,,Takeda GmbH| Treventis Corp,Small molecule| Synthetic small molecule,Preclinical,Alzheimers disease| Other neurological indications,Neurology/Psychiatric,Tau aggregation inhibitor,,Canada| Japan,EVALUATE| PHARMAPROJECTS,2026-05-08T16:03:08.714Z,2026-05-08T16:03:08.714Z
ed02b2c8-98a9-4582-8026-82241fb804e6,IPG-1094,1197a851-ccd1-47d8-90db-306ea9fd05c9,IPG001,Suspended,,,Immunophage Biomedical Co Ltd,Immuno-oncology| Small molecule| Synthetic small molecule| Tablet formulation,Phase 1 Clinical| Phase 2 Clinical| Preclinical| Suspended,"Advanced solid tumor| Alzheimers disease| Amyotrophic lateral sclerosis| Atopic dermatitis| Brain tumor| Breast tumor| Cancer, myeloma| Cancer, solid, unspecified| Colon tumor| Glioblastoma| Glioma| Head injury| Immunoglobulin G4-related disease| Inflammatory bowel disease| Ischaemia, cerebral| Ischemic stroke| Melanoma| Metastatic brain cancer| Metastatic breast cancer| Metastatic head and neck cancer| Metastatic non small cell lung cancer| Metastatic small cell lung cancer| Multiple myeloma| Multiple sclerosis| Multiple sclerosis (MS) unspecified| Non-small-cell lung cancer| Psoriasis| Small-cell lung cancer| Solid tumor| Solid tumour indications| Stroke| Systemic lupus erythematosus| Triple-negative breast cancer",Alimentary/Metabolic| Cancer| Cardiovascular| Dermatologic| Immune| Neurology/Psychiatric| Rare Diseases,C-C chemokine receptor (CCR) inhibitor| C-C chemokine receptor type 8 (CCR8) antagonist| CC chemokine receptor 8 antagonist| CCR8 chemokine antagonist| Macrophage migration inhibitory factor (MIF) inhibitor| Macrophage migration inhibitory factor inhibitor| Unidentified pharmacological activity,CCR8 chemokine| Macrophage migration inhibitory factor,China,EVALUATE| CORTELLIS| PHARMAPROJECTS,2026-05-08T16:03:08.876Z,2026-05-08T16:03:08.876Z
61f29075-91f4-4fee-b4b8-773873c977d0,CAP-22,21d1d9ff-19ee-4f3f-b353-994a1a2a05e8,GLY-220,Suspended,,,Glycadia Inc,Small molecule| Synthetic small molecule,Preclinical| Suspended,Alzheimers disease| Diabetic complication| General cardiovascular indications,Alimentary/Metabolic| Cardiovascular,Apolipoprotein B (ApoB) inhibitor| Glycosylation inhibitor| Unidentified pharmacological activity,,US,EVALUATE| CORTELLIS| PHARMAPROJECTS,2026-05-08T16:03:09.155Z,2026-05-08T16:03:09.155Z
61ba9a18-7e87-4781-a424-4bd6b97a0814,PD-A,5a5a8b4d-7f4b-4bb3-973b-3c9086c627e5,,Preclinical,,,Beech Tree Labs Inc,Small molecule| Systemic formulation unspecified,Preclinical,Parkinsons disease,Neurology/Psychiatric,,,US,CORTELLIS,2026-05-08T16:03:11.997Z,2026-05-08T16:03:11.997Z
e11bf725-4202-40d7-b309-b976fdc4e67a,SPCT-3010,e3c0a475-ff5b-439f-bc8d-34099949831a,,Preclinical,,,PolyCore Therapeutics LLC,Oral formulation| Small molecule,Preclinical,Alzheimers disease| Parkinsons disease,Neurology/Psychiatric,Dopamine D3 receptor agonist| Noradrenaline transporter inhibitor,Dopamine D3 receptor| Noradrenaline transporter,US,CORTELLIS,2026-05-08T16:03:12.156Z,2026-05-08T16:03:12.156Z
b05dfd56-9493-4ae5-ae3c-c4d7032a0cd7,B-401,845b8292-7d9c-4aff-9dab-9ca8f6f529f9,,Preclinical,,,Buto Biopharma,Small molecule| Systemic formulation unspecified,Preclinical,Alzheimers disease| Cognitive disorder,Gastrointestinal| Neurology/Psychiatric,SHC transforming protein inhibitor| Unclassified,SHC transforming protein,US,EVALUATE| CORTELLIS,2026-05-08T16:03:08.553Z,2026-05-08T16:03:08.553Z
1814d8b7-0a3e-4158-b1dc-f0ddb4979201,RAR modulators,58bb8208-8ed7-413c-b500-6b6f393c974e,,Preclinical,,,Nevrargenics Limited,Small molecule,Preclinical,"Age-related macular degeneration (AMD), unspecified| Alcoholic liver disease| Alzheimers disease| Amyotrophic lateral sclerosis| Frontotemporal dementia| Multiple sclerosis (MS) unspecified| Non-alcoholic steatohepatitis| Parkinson's disease| Schizophrenia",Neurology/Psychiatric,Unknown,,UK,EVALUATE,2026-05-08T16:03:08.936Z,2026-05-08T16:03:08.936Z
7be4b5a7-fc72-42f3-8cbd-b469b0b3c24f,Multiple Sclerosis Research Program,db185886-69fa-4b79-9f14-2bfa9e69d15a,,Phase 1 Clinical,,,NeuroTheryX Canada Ltd,Small molecule,Phase 1 Clinical,Multiple sclerosis (MS) unspecified,Neurology/Psychiatric,Unclassified,,Canada,EVALUATE,2026-05-08T16:03:08.874Z,2026-05-08T16:03:08.874Z
9f159757-b2ec-42a8-adab-7370c346ba04,selnoflast,bb1a31e9-db85-4b5b-9f26-e2f39ec888d6,RG6418,Suspended,,,Inflazome Ltd| Roche Ltd,Small molecule| Synthetic small molecule,Phase 1 Clinical| Phase 2 Clinical| Suspended,Arthritis| Asthma| Atherosclerosis| CINCA syndrome| COAD/COPD| Cardiovascular disease| Chronic obstructive airway disease| General inflammatory disorders| Inflammatory disease| Parkinson's disease| Ulcerative colitis,Alimentary/Metabolic| Cardiovascular| Immune| Musculoskeletal| Neurology/Psychiatric| Rare Diseases| Respiratory,NLR family pyrin domain containing 3 (NLRP3) inflammasome inhibitor| NLR family pyrin domain containing 3 inhibitor,,Ireland| Switzerland,EVALUATE| CORTELLIS| PHARMAPROJECTS,2026-05-08T16:03:08.996Z,2026-05-08T16:03:08.996Z
edae4c8d-dc8d-4c2d-a6ef-dd2490425893,N-Acetylcysteine,60d23947-e113-46be-80ee-80f7a6eb8471,,Phase 1 Clinical,,,AtaiBeckley Inc| Neuronasal LLC,Small molecule,Phase 1 Clinical,Parkinson's disease| Traumatic brain injury,Neurology/Psychiatric,5-lipoxygenase (5-LO) activating protein (FLAP) inhibitor| Reactive oxygen species (ROS) regulator,,Germany| US,EVALUATE,2026-05-08T16:03:09.156Z,2026-05-08T16:03:09.156Z
4fd5aa57-ebf1-40a7-8b10-d41909808558,valiloxybate,a177d6d5-7212-44b7-aa4d-86c68225a5eb,XW10172,Suspended,,,Alkermes Inc| XWPharma Inc,Granule| Oral controlled release formulation| Oral suspension formulation| Prodrug| Small molecule| Synthetic small molecule,Phase 1 Clinical| Preclinical| Suspended,"Huntington's disease| Hypersomnia| Hypersomnia, idiopathic| Narcolepsy| Neurological disease| Parkinson's disease| Sleep disorder| Sleep disorder, Parkinson's disease| Traumatic brain injury",Neurology/Psychiatric| Rare Diseases,GABA receptor agonist| Gamma-aminobutyric acid (GABA) B receptor positive allosteric regulator,GABA B receptor,China| Ireland,EVALUATE| CORTELLIS| PHARMAPROJECTS,2026-05-08T16:03:09.316Z,2026-05-08T16:03:09.316Z
1b340dcd-ded7-4fb8-ae72-56f66b32494b,"NLRP3 inhibitors (neurodegenerative diseases), Nuoshen Pharmaceutical (Shanghai)",4de9fb6f-36e9-43f2-ac85-25cffc2bf887,,Preclinical,,,Neushen Therapeutics (Shanghai) Co Ltd,Small molecule| Systemic formulation unspecified,Preclinical,Alzheimers disease| Neurodegenerative disease| Parkinsons disease,Neurology/Psychiatric,NACHT LRR PYD domain protein 3 inhibitor,NACHT LRR PYD domain protein 3,China,CORTELLIS,2026-05-08T16:03:11.836Z,2026-05-08T16:03:11.836Z
e5d2f3d6-f760-48ce-a3c1-22ef25e7efae,PK-081,0ac3e3a4-c002-4e90-9160-cf6d0891f9f0,"PK081| antidepressant + antipsychotic, PharmaKure",Phase 1 Clinical,,,PharmaKure Ltd,Capsule formulation| Drug combination| Fixed-dose combination| Oral formulation| Small molecule| Suspension| Synthetic small molecule| Tablet formulation,Discovery| Phase 1 Clinical| Preclinical,Lewy body dementia| Multiple system atrophy| Parkinson's disease| Parkinsons disease,Neurology/Psychiatric| Rare Diseases,Alpha-synuclein (SNCA) degrader| Synuclein inhibitor,Synuclein,UK,EVALUATE| CORTELLIS| PHARMAPROJECTS,2026-05-08T16:03:08.475Z,2026-05-08T16:03:08.475Z
e2740ce4-e0e8-4a4f-ad89-16be5c7a4e7e,TGR-63,f38865e5-5b4b-4169-9c67-b8ee6479a7c6,,Preclinical,,,IgC Bio Inc| Jawaharlal Nehru University,Small molecule| Synthetic small molecule| Systemic formulation unspecified,Preclinical,Alzheimers disease| Anxiety disorders| Metabolic disorder| Neurodegenerative disease,Endocrine/Metabolic| Neurology/Psychiatric,Beta amyloid modulator| Tau kinase inhibitor,Beta amyloid| Tau protein,India| US,EVALUATE| CORTELLIS| PHARMAPROJECTS,2026-05-08T16:03:08.595Z,2026-05-08T16:03:08.595Z
3378fcda-62e0-4790-b2e6-4da61500f422,deulumateperone,0db19f3d-f0fa-4f5a-97f7-925d75b82f55,ITI-1284,Phase 3 Clinical,,,Intra-Cellular Therapies Inc| Johnson & Johnson,Buccal formulation systemic| Deuterated agent| Disintegrating| Orally disintegrating tablet| Small molecule,Phase 1 Clinical| Phase 2 Clinical| Phase 3 Clinical,"Agitation| Agitation, Alzheimer's disease| Agitation, mental disorder| Alzheimers disease| Autism| Dementia| Dementia related psychosis| Depression| Depression, major depressive disorder| Generalised anxiety| Generalized anxiety disorder| Psychosis, Alzheimer's disease| Psychotic disorder| Senile dementia",Neurology/Psychiatric,5 Hydroxytryptamine 2 receptor antagonist| 5-HT 2a receptor antagonist| 5-HT2A (serotonin) receptor agonist| ANXA1 gene modulator| Dopamine D1 receptor agonist| Dopamine D2 receptor partial agonist| Dopamine receptor agonist| NMDA receptor epsilon 2 subunit modulator| PDE 1 inhibitor| Serotonin transporter modulator,5-HT 2a receptor| ANXA1 gene| Dopamine D1 receptor| Dopamine D2 receptor| NMDA receptor epsilon 2 subunit| PDE 1| Serotonin transporter,US,EVALUATE| CORTELLIS| PHARMAPROJECTS,2026-05-08T16:03:08.377Z,2026-05-08T16:03:08.377Z
ddc05419-ad3d-4a20-a20b-4d68778137af,"Flos gossypii flavonoids (Alzheimer's disease), Xinjiang Uygur Pharmaceutical/Capital Medical University",2ed622c2-a531-4a67-857d-e65b66242482,,Phase 2 Clinical,,,Xinjiang Uygur Pharmaceutical Co Ltd,Natural product| Oral formulation| Small molecule,Phase 2 Clinical,Alzheimers disease,Neurology/Psychiatric,,,China,CORTELLIS,2026-05-08T16:03:11.895Z,2026-05-08T16:03:11.895Z
a0de7740-1977-4eaf-b4a3-58f4b030a386,NNI-370,7260cbeb-53b6-4620-9f43-8f2371ae6267,,Suspended,,,NeuroNascent Inc,Cellular| Oral formulation| Small molecule| Synthetic small molecule,Preclinical| Suspended,Huntington's disease| Neurodegenerative disease| Neurological disease| Other neurological indications| Parkinson's disease| Parkinsons disease| Traumatic brain injury,Neurology/Psychiatric| Rare Diseases,Unidentified pharmacological activity| Unknown,,US,EVALUATE| CORTELLIS| PHARMAPROJECTS,2026-05-08T16:03:08.774Z,2026-05-08T16:03:08.774Z
f59eeaf0-8112-4a7d-a322-72e0f1211310,Erythropoietin Allomimetics Research Program (STAT),ebafdd3f-203d-45a8-bd19-2e1eac14c3c5,,Preclinical,,,STATegics Inc,Small molecule,Preclinical,Acute kidney injury| Friedreich ataxia| Parkinson's disease| Traumatic brain injury,Neurology/Psychiatric,Erythropoietin (EPO) stimulant,,US,EVALUATE,2026-05-08T16:03:09.414Z,2026-05-08T16:03:09.414Z
be3778c9-5953-4f5c-918a-cbde6aace278,Cantabio-Luxembourg Research Program,9b82199c-4ca4-4fa4-838d-4eb8088bb617,,Preclinical,,,CANTABio Pharmaceuticals Inc,Small molecule,Preclinical,Parkinson's disease,Neurology/Psychiatric,Parkinsonism associated deglycase 7 (PARK7) regulator,,US,EVALUATE,2026-05-08T16:03:09.474Z,2026-05-08T16:03:09.474Z
abda67e5-cc27-479d-9d38-0f3f874c86c7,SUVN-I6107,f92d1dce-1088-47f7-9d9d-1c4f6cf6ba6d,,Suspended,,,Suven Life Sciences Ltd,Oral formulation| Small molecule| Synthetic small molecule| Tablet formulation,Phase 1 Clinical| Suspended,"Alzheimers disease| Cognitive disorder| Dementia| Dementia, Parkinson's disease| Neurological disease| Other neurological indications| Parkinsons disease dementia| Schizophrenia",Neurology/Psychiatric,Muscarinic M1 receptor agonist| Muscarinic M1 receptor modulator| Muscarinic acetylcholine receptor (M1) agonist| Muscarinic acetylcholine receptor (M1) positive allosteric regulator,Muscarinic M1 receptor,India,EVALUATE| CORTELLIS| PHARMAPROJECTS,2026-05-08T16:03:11.675Z,2026-05-08T16:03:11.675Z
5d736e97-6592-44a9-b548-b0a357e7db9b,selnoflast,829ea181-c87f-4433-a666-94b6723e8fcf,,Phase 2 Clinical,,,Hoffmann-La Roche AG| Inflazome Ltd,Capsule formulation| Oral formulation| Small molecule| Tablet formulation,Phase 1 Clinical| Phase 2 Clinical,Asthma| Atherosclerosis| Chronic obstructive airway disease| Coronary artery disease| Inflammatory bowel disease| Inflammatory disease| Parkinsons disease| Ulcerative colitis,Cardiovascular| Gastrointestinal| Inflammatory| Neurology/Psychiatric| Respiratory,NACHT LRR PYD domain protein 3 inhibitor,NACHT LRR PYD domain protein 3,Germany| Ireland,CORTELLIS,2026-05-08T16:03:11.837Z,2026-05-08T16:03:11.837Z
936256e5-df94-4c61-848e-742d053f9da0,NMRA-CK1-delta,5b714a42-9144-47dd-bf63-0fa22c7bc572,,Preclinical,,,Neumora Therapeutics Inc,Small molecule| Systemic formulation unspecified,Preclinical,Alzheimers disease| Amyotrophic lateral sclerosis,Neurology/Psychiatric,Casein kinase-I delta inhibitor,Casein kinase-I delta,US,CORTELLIS,2026-05-08T16:03:11.896Z,2026-05-08T16:03:11.896Z
24eed06f-d185-44aa-b18b-c81cc882222e,TELOMIR-1,97a968ac-421b-470c-9641-4eb4d2ce52d4,,Preclinical,,,Telomir Pharmaceuticals Inc,Formulation solid oral| Small molecule| Synthetic small molecule,Preclinical,"Age-related macular degeneration (AMD), unspecified| Aging| Alopecia/Male pattern baldness| Alzheimers disease| Arthritis, osteo| Autism| Breast tumor| Cancer| General cancer indications| Hemochromatosis| Hutchinson Gilford progeria syndrome| Influenza virus infection| Iron overload| Leukemia| Macular degeneration| Macular degeneration, age-related, unspecified| Metastatic breast cancer| Non-insulin dependent diabetes| Osteoarthritis| Other metabolic indications| Other neurological indications| Pancreas tumor| Prostate cancer| Prostate tumor| Triple-negative breast cancer| Undisclosed| Wilson disease",Alimentary/Metabolic| Cancer| Endocrine/Metabolic| Gastrointestinal| Infection| Inflammatory| Musculoskeletal| Neurology/Psychiatric| Ocular| Other/Miscellaneous| Rare Diseases| Sensory Organs| Unknown,Chelating agent| Insulin sensitizer| Interleukin 17 ligand inhibitor| Interleukin-17 (IL-17) antibody| Metalloenzyme inhibitor| Oxidative stress growth inhibitor inhibitor| Telomerase inhibitor,Telomerase,US,EVALUATE| CORTELLIS| PHARMAPROJECTS,2026-05-08T16:03:11.996Z,2026-05-08T16:03:11.996Z
21d213b3-2f5d-4398-8406-9491904e3786,CCL20,3268e2d2-54f9-4c8a-a420-1a0e9d551453,,Preclinical,,,Wisconsin Genetics Inc| XLock Biosciences,Small molecule,Preclinical,Graft versus host disease| Multiple sclerosis (MS) unspecified| Psoriasis| Psoriatic arthritis,Dermatologic,C-C chemokine receptor type 6 (CCR6) antagonist,,US,EVALUATE,2026-05-08T16:03:08.874Z,2026-05-08T16:03:08.874Z
178bc979-4a32-4e97-ab49-1375c12c086f,acetylcysteine zidrimer,0addeaa4-5ae4-4169-ba30-96cd5acaa052,OP-101,Suspended,,,National Institutes of Health| Orpheris Inc,Infusion| Intravenous formulation| Nanoparticle formulation injectable| Small molecule| Subcutaneous formulation| Synthetic small molecule,Phase 2 Clinical| Preclinical| Suspended,Adrenoleukodystrophy| Alzheimers disease| Amyotrophic lateral sclerosis| COVID-19 complications| COVID-19 treatment| Coronavirus disease 19 infection| Huntington's disease| Inflammatory disease| Neurological disease| Other neurological indications| Parkinson's disease| Parkinsons disease| Respiratory distress syndrome,Endocrine/Metabolic| Infection| Inflammatory| Neurology/Psychiatric| Other/Miscellaneous| Rare Diseases| Respiratory,Cyclo-oxygenase (COX) inhibitor| Glutathione synthase stimulant| IKK2 inhibitor| Inhibitor of NF-kappa-B kinase (IKK) inhibitor| Mucolytic agent| Nuclear factor kappaB (NF-kB) inhibitor| Reducing agent| Transcription factor NF-kappaB inhibitor,,US,EVALUATE| CORTELLIS| PHARMAPROJECTS,2026-05-08T16:03:09.415Z,2026-05-08T16:03:09.415Z
1f1d029e-7a49-421b-8a0a-c31d083fc0dc,ibafloxacin,079735b2-082e-4530-8ecb-c6485125118d,R-835,Phase 1 Clinical,,,Rigel SpA,Synthetic small molecule,Phase 1 Clinical,Chronic myelomonocytic leukemia| Myelodysplastic syndrome,Cancer| Rare Diseases,Interleukin-1 receptor associated protein kinase 4 inhibitor,,US,PHARMAPROJECTS,2026-05-08T16:03:12.433Z,2026-05-08T16:03:12.433Z
ad9ce9cb-309d-42a1-adb9-ace2ae65b5a6,"levetiracetam (amnestic mild cognitive impairment), AgeneBio",21078692-ce66-4850-8532-ad42d747b7cf,"AGB-101| levetiracetam, AgeneBio",Phase 3 Clinical,,,AgeneBio Inc| Johns Hopkins Medicine,<=24hr release| Oral formulation| Oral sustained release formulation| Other reformulation| Small molecule| Synthetic isomeric| Tablet formulation,Phase 2 Clinical| Phase 3 Clinical| Preclinical,"Alzheimers disease| Cognitive disorder| Parkinson's disease| Parkinsons disease| Psychosis, Parkinson's disease| Psychotic disorder",Neurology/Psychiatric,Cholinergic receptor agonist| Muscarinic receptor agonist| Synaptic vesicle 2 (SV2) glycoprotein regulator| Synaptic vesicle 2A (SV2A) glycoprotein regulator| Synaptic vesicle glycoprotein 2A modulator,Synaptic vesicle glycoprotein 2A,US,EVALUATE| CORTELLIS| PHARMAPROJECTS,2026-05-08T16:03:08.473Z,2026-05-08T16:03:08.473Z
493dfbc1-6204-4bca-b9f1-226edeb6e2ed,"dopamine-perillyl alcohol conjugate (Parkinson's disease), Neonc Technologies",3f416bea-058e-4f32-8867-21bdb49d35ac,NEO312,Suspended,,,NeOnc Technologies Inc,Nasal formulation| Small molecule| Synthetic small molecule,Preclinical| Suspended,Parkinson's disease,Neurology/Psychiatric,Apoptosis stimulant| Dopamine receptor agonist| Protein farnesyltransferase inhibitor| Ras GTPase inhibitor| Unclassified,Dopamine receptor| Ras GTPase,US,EVALUATE| CORTELLIS| PHARMAPROJECTS,2026-05-08T16:03:09.096Z,2026-05-08T16:03:09.096Z
30d51215-6141-42e4-96a0-a32230aa8a6d,"methylprednisolone (PEGylated liposomal, neuroinflammation), EnhanX Biopharm",4d45604e-70da-4360-bf80-b20484954d8b,2B3-201,Suspended,,,2-BBB Medicines BV| Bbb Srl| TTY Biopharma,Injectable controlled release formulation| Intravenous formulation| Liposome formulation| PEGylated formulation| Small molecule| Steroid| Synthetic small molecule,Launched| Phase 1 Clinical| Suspended,"Alimentary/metabolic disease, unspecified| Amyotrophic lateral sclerosis| Epilepsy| Multiple sclerosis| Multiple sclerosis (MS) unspecified| Neuritis| Neuromyelitis optica| Neuropathic pain| Optic neuritis| Other lysosomal storage disorders| Parkinson's disease| Relapsing-Remitting MS (RRMS)| Secondary-Progressive MS (SPMS)| Traumatic brain injury| Uveitis",Alimentary/Metabolic| Endocrine/Metabolic| Immune| Neurology/Psychiatric| Ocular| Rare Diseases| Sensory Organs,Glucocorticoid receptor (GCR) agonist| Glucocorticoid receptor agonist| Unknown,Glucocorticoid receptor,Netherlands| Taiwan,EVALUATE| CORTELLIS| PHARMAPROJECTS,2026-05-08T16:03:09.534Z,2026-05-08T16:03:09.534Z
c118e2ab-7fb4-46a8-b2d3-89e78b0109e3,UCB0022,ce4817a6-b69d-40b4-9a99-adbdd9444a69,glovadalen,Phase 2 Clinical,,,UCB SA,Small molecule| Synthetic small molecule,Phase 2 Clinical,Parkinson's disease,Neurology/Psychiatric,Dopamine D1 receptor agonist| Unidentified pharmacological activity,,Belgium,EVALUATE| PHARMAPROJECTS,2026-05-08T16:03:09.535Z,2026-05-08T16:03:09.535Z
7bffc0cc-ef19-4001-842d-b05b369c2259,zatolmilast,99c16aee-11c1-4b03-990d-8c0eaf7c7035,,Suspended,,,Shionogi Ltd| Tetra GmbH,Capsule formulation| Oral formulation| Small molecule| Synthetic small molecule,Phase 2 Clinical| Phase 3 Clinical| Preclinical| Suspended,"Alzheimers disease| Cognitive disorder| Dementia| Depression, major depressive disorder| Fragile X syndrome| Jordan's syndrome| Schizophrenia| Sex-chromosome abnormality, fragile X syndrome| Traumatic brain injury| Undisclosed",Neurology/Psychiatric| Rare Diseases,PDE 4d inhibitor| Phosphodiesterase 4 (PDE4) inhibitor| Phosphodiesterase 4 inhibitor| Phosphodiesterase 4D (PDE4D) negative allosteric regulator,PDE 4d,Japan| US,EVALUATE| CORTELLIS| PHARMAPROJECTS,2026-05-08T16:03:09.694Z,2026-05-08T16:03:09.694Z
79ffbcc0-74bc-4439-bc2b-21a84181ae51,REM-0046127,937b2606-ebfb-49d5-87a9-700e88a6c328,REM-127,Suspended,,,remynd NV,Molecular Glue| Oral solution formulation| Oral suspension formulation| Small molecule| Synthetic small molecule,Phase 2 Clinical| Suspended,Alzheimers disease,Neurology/Psychiatric,Septin modulator| Tau aggregation inhibitor| Tau deposition inhibitor| Unidentified pharmacological activity| Unknown,Septin| Tau protein,Belgium,EVALUATE| CORTELLIS| PHARMAPROJECTS,2026-05-08T16:03:11.676Z,2026-05-08T16:03:11.676Z
98db9fa3-761a-4180-a9b3-6900a475ca4f,"trofinetide (intravenous, brain injury/stroke), Neuren",b62e4220-ed80-4f88-8eb7-0f2d95bb0e7f,trofinetide,Suspended,,,Acadia University| Auckland Eye Limited| Neuren Pharmaceuticals Ltd| Undisclosed Partner Sales,Infusion| Intravenous formulation| Oral liquid formulation| Oral solution formulation| Peptide| Powder for oral solution formulation| Small molecule,Launched| Phase 2 Clinical| Suspended,"Autism spectrum disorders (ASD)| Cognitive disorder| Fragile X syndrome| Ischaemia, cerebral| Multiple sclerosis| Parkinson's disease| Rett syndrome| Sex-chromosome abnormality, fragile X syndrome| Stroke| Traumatic brain injury",Cardiovascular| Neurology/Psychiatric| Rare Diseases,Cytokine receptor agonist| Insulin growth factor (IGF) regulator| Insulin-like growth factor 1 (IGF1) regulator| Insulin-like growth factor 1 receptor agonist,Cytokine receptor| Insulin-like growth factor 1 receptor,Australia| New Zealand| US,EVALUATE| CORTELLIS| PHARMAPROJECTS,2026-05-08T16:03:11.714Z,2026-05-08T16:03:11.714Z
e8bcd39b-0cc9-4ecf-baac-45e42ebd71bf,18F-D6-FP-DTBZ,f87e5478-bec6-4f08-81b6-d698a5650dc0,,Preclinical,,,Five Eleven Pharma Inc,Intravenous formulation| Radiolabeling| Small molecule,Preclinical,Central nervous system disease| Parkinsons disease,Neurology/Psychiatric,Synaptic vesicular amine transporter modulator,Synaptic vesicular amine transporter,US,CORTELLIS,2026-05-08T16:03:11.833Z,2026-05-08T16:03:11.833Z
a0ca3c2c-d8a1-4d5f-b267-1207fbdc4a3b,NLX-101,bf558d8c-e6a9-4f4f-b641-6c0f51ce6e65,,Suspended,,,Neurolixis SAS| Pierre Fabre SA,Oral formulation| Small molecule| Synthetic small molecule,Phase 1 Clinical| Suspended,"Depression| Fragile X syndrome| Parkinson's disease| Rett syndrome| Sex-chromosome abnormality, fragile X syndrome",Neurology/Psychiatric| Rare Diseases,5 Hydroxytryptamine 1A receptor agonist| 5-HT 1a receptor agonist| 5-HT1A (serotonin) receptor agonist,5-HT 1a receptor,France| US,EVALUATE| CORTELLIS| PHARMAPROJECTS,2026-05-08T16:03:08.317Z,2026-05-08T16:03:08.317Z
c1094748-88ce-4827-a740-5537c5775ca9,KH-110,43aaae4a-d9bc-44dc-850c-0093629e4c13,KH110,Phase 3 Clinical,,,Kanghong USA Inc,Natural product| Small molecule| Synthetic small molecule| Systemic formulation unspecified,Phase 3 Clinical,Alzheimers disease,Neurology/Psychiatric,Unidentified pharmacological activity| Unknown,,China,EVALUATE| CORTELLIS| PHARMAPROJECTS,2026-05-08T16:03:09.036Z,2026-05-08T16:03:09.036Z
4eba7c01-ce16-4439-acfd-1384b8b07876,DA-9805,0514b8b8-1286-483a-a0af-fbdd894c3985,,Suspended,,,Dong-A ST Co Ltd,Natural product| Oral formulation| Plant| Small molecule,Phase 2 Clinical| Suspended,Parkinson's disease| Parkinsons disease,Neurology/Psychiatric,Synuclein inhibitor| Unidentified pharmacological activity,Synuclein,South Korea,CORTELLIS| PHARMAPROJECTS,2026-05-08T16:03:12.275Z,2026-05-08T16:03:12.275Z
e5436e32-84ad-4063-9f76-debaaac78bfa,"IL-1 antagonists, Pfizer",202f66bd-318e-4236-a1a3-8eccf366f677,MCC950,Suspended,,,Pfizer Inc| Roche Ltd,Small molecule| Synthetic small molecule,Preclinical| Suspended,General inflammatory disorders| Inflammatory disease| Parkinson's disease,Immune| Inflammatory| Musculoskeletal,IL-1 receptor agonist| Inflammasome inhibitor| Interleukin 1 antagonist| Interleukin 1b antagonist| NLR family pyrin domain containing 3 inhibitor| Unclassified,IL-1 receptor,Switzerland| US,EVALUATE| CORTELLIS| PHARMAPROJECTS,2026-05-08T16:03:08.315Z,2026-05-08T16:03:08.315Z
a3bb8803-1fe1-490c-b0ca-8fc1471e6220,SNP-201,8771ec28-5e3c-40f4-bca8-249026f85cb3,SNP201,Preclinical,,,Eli Lilly SA| SciNeuro Therapeutics Inc,"Injectable formulation| Monoclonal antibody, other| Parenteral formulation unspecified| Small molecule| Systemic formulation unspecified",Preclinical,Parkinson's disease| Parkinsons disease,Neurology/Psychiatric,Alpha-synuclein accumulation regulator| Synuclein accumulation inhibitor| Synuclein inhibitor,Synuclein,US,EVALUATE| CORTELLIS| PHARMAPROJECTS,2026-05-08T16:03:08.473Z,2026-05-08T16:03:08.473Z
9ea01c5a-366e-4148-9732-15c5df0ca9c7,VRG-50635,f692f9fd-7638-49e4-b40c-0122e047e8fe,VRG50635,Phase 1 Clinical,,,Grupo Ferrer| Verge Health,Oral formulation| Small molecule| Synthetic small molecule| Systemic formulation unspecified,Discovery| Phase 1 Clinical| Preclinical,"Amyotrophic lateral sclerosis| Infection, coronavirus, novel coronavirus",Infection| Neurology/Psychiatric| Rare Diseases,FYVE finger phosphoinositide kinase inhibitor| Kinase inhibitor| PI3 kinase inhibitor| Phosphatidylinositol 3-kinase (PI3K) inhibitor,FYVE finger phosphoinositide kinase,Spain| US,EVALUATE| CORTELLIS| PHARMAPROJECTS,2026-05-08T16:03:08.775Z,2026-05-08T16:03:08.775Z
0c10c029-a52c-4112-b2e3-d5633f8251be,"Tau degrader, Aprinoia Therapeutics",7cbe5fdb-c96d-4cdb-8daa-fb1e43728c76,"tau degrader, Aprinoia Therapeutics",Preclinical,,,APRINOIA Therapeutics Inc,Small molecule| Synthetic small molecule,Preclinical,Alzheimers disease| Frontotemporal dementia| Neurological disease| Other neurological indications| Progressive supranuclear palsy,Neurology/Psychiatric| Rare Diseases,Protein degrader| Tau aggregation inhibitor| Tau protein degrader,,Japan| Taiwan,EVALUATE| PHARMAPROJECTS,2026-05-08T16:03:08.835Z,2026-05-08T16:03:08.835Z
42dbddb2-bc49-4077-bb31-767881293167,VT7208,2cbf5a9c-bae4-44b8-86aa-208bc00e2d7f,VT-7208,Phase 2 Clinical,,,Vidya Holdings Ltd,Small molecule| Synthetic small molecule,Phase 2 Clinical,Multiple sclerosis| Multiple sclerosis (MS) unspecified,Neurology/Psychiatric,Unidentified pharmacological activity| Unknown,,US,EVALUATE| PHARMAPROJECTS,2026-05-08T16:03:11.493Z,2026-05-08T16:03:11.493Z
e82bbc76-4630-4f13-b67c-fcf09ed13a9e,Memantine Hydrochloride,aaebce08-3378-460c-be02-6c13241d8e47,"memantine hydrochloride, Hainan Poly Pharm",Preclinical,,,Poly Group Llc,Oral formulation| Small molecule| Synthetic small molecule,Preclinical,Alzheimers disease,Neurology/Psychiatric,"Glutamate release inhibitor| N-methyl-D-aspartate (NMDA) receptor 2A antagonist| N-methyl-D-aspartate (NMDA) receptor 2B antagonist| N-methyl-D-aspartate (NMDA) receptor 3A antagonist| N-methyl-D-aspartate (NMDA) receptor antagonist| NMDA receptor agonist| NMDA receptor, subunit 2A antagonist| NMDA receptor, subunit 2B antagonist",,China,EVALUATE| PHARMAPROJECTS,2026-05-08T16:03:08.595Z,2026-05-08T16:03:08.595Z
07410aaa-2298-4728-9c75-d42eec3e9b32,"ropinirole (inhaled, Staccato, Parkinson's disease hypomobility), Alexza Pharmaceuticals",4681b531-426a-49e9-81d4-4fb04a184e7e,"FNP 150| apomorphine, Alexza",Phase 2 Clinical,,,Alexza Pharmaceuticals Inc| Grupo Ferrer,"Aerosol formulation inhalant systemic| Inhalant formulation| Reformulation, inhalable| Small molecule| Synthetic small molecule",Phase 1 Clinical| Phase 2 Clinical,Other neurological indications| Parkinson's disease| Parkinsons disease,Neurology/Psychiatric,Dopamine D3 receptor agonist| Dopamine D4 receptor agonist| Dopamine receptor agonist| Dopamine receptor potentiator| Unclassified,Dopamine D2 receptor| Dopamine D3 receptor| Dopamine D4 receptor,Spain| US,EVALUATE| CORTELLIS| PHARMAPROJECTS,2026-05-08T16:03:08.875Z,2026-05-08T16:03:08.875Z
220ae04b-8c3f-4bdd-b255-f628cd985724,MTX-325,b9481eee-22ed-4c2b-8d28-8ae7137c7eb4,,Phase 1 Clinical,,,Mission Therapeutics Ltd,CNS formulation| Small molecule,Phase 1 Clinical,Mitochondrial myopathy| Parkinsons disease,Musculoskeletal| Neurology/Psychiatric,Ubiquitin thioesterase-30 inhibitor,Ubiquitin thioesterase-30,UK,CORTELLIS,2026-05-08T16:03:12.095Z,2026-05-08T16:03:12.095Z
8fb983c3-9a99-484c-87cf-83d5eac68b66,BGN-112,54189b84-278e-447e-a67b-0ff8ab47e9be,,Phase 1 Clinical,,,Biographene Inc,Small molecule,Phase 1 Clinical| Preclinical,Alzheimers disease| Amyotrophic lateral sclerosis| Glomerulonephritis| Other lysosomal storage disorders| Parkinson's disease| Ulcerative colitis,Neurology/Psychiatric,Unclassified,,South Korea,EVALUATE,2026-05-08T16:03:08.874Z,2026-05-08T16:03:08.874Z
59f27239-19f7-4c1e-829c-622962623d0b,otaplimastat,8300ec5b-1970-4a4b-b779-5fccbc27a4f5,,Phase 3 Clinical,,,Shin Poong Pharmaceutical Co Ltd,Intravenous formulation| Small molecule| Synthetic small molecule,Phase 3 Clinical| Preclinical,"Amyotrophic lateral sclerosis| Ischaemia, cerebral| Ischemic stroke| Stroke",Cardiovascular| Neurology/Psychiatric| Rare Diseases,Matrix metalloprotease inhibitor| NMDA receptor agonist| Reactive oxygen species (ROS) regulator| Unidentified pharmacological activity,Matrix metalloprotease| NMDA receptor,South Korea,EVALUATE| CORTELLIS| PHARMAPROJECTS,2026-05-08T16:03:09.595Z,2026-05-08T16:03:09.595Z
646c7eaa-ec84-4155-976f-6d04b06f1b7b,rugocrixan,adfd8109-3e88-42bb-bb64-cae17d50e74d,,Suspended,,,AstraZeneca AB| Novakand Pharma AB,Capsule formulation| Immuno-oncology| Infusion| Intravenous formulation| Oral formulation| Small molecule| Tablet formulation,Phase 1 Clinical| Phase 2 Clinical| Suspended,"Autoimmune disease| COVID-19 complications| COVID-19 treatment| Cancer| Cancer, lymphoma, unspecified| Cardiovascular disease| Coronavirus disease 19 infection| Fallopian tube tumor| General cancer indications| General cardiovascular indications| General inflammatory disorders| General respiratory disorders| Inflammatory disease| Multiple sclerosis| Myocardial infarction| Myocardial infarction, acute (AMI)| Ovarian cancer| Ovary tumor| Pain, cancer-induced| Pancreatic cancer| Peritoneal tumor| Radio/chemotherapy-induced pain| Respiratory distress syndrome| Small lymphocytic lymphoma| Solid tumor| Solid tumour indications| Spinal cord injury",Cancer| Cardiovascular| Immune| Infection| Inflammatory| Musculoskeletal| Neurology/Psychiatric| Other/Miscellaneous| Rare Diseases| Respiratory,C-X-C chemokine receptor type 3 (CXCR3) antagonist| CX3CR1 chemokine antagonist| Fractalkine ligand inhibitor,CX3CR1 chemokine| Fractalkine ligand,Sweden| UK,EVALUATE| CORTELLIS| PHARMAPROJECTS,2026-05-08T16:03:11.496Z,2026-05-08T16:03:11.496Z
6297973f-6dc8-414f-a333-44f7e3e9ee9b,[18F]NOS,e5bcbb51-2283-4c91-86c6-06b47d3b46f8,,Phase 1 Clinical,,,Pennsylvania Bio,Radiolabeling| Small molecule| Systemic formulation unspecified,Phase 1 Clinical,Alzheimers disease| Amyloidosis| Inflammatory disease| Neuritis| Nicotine dependence| Parkinsons disease,Endocrine/Metabolic| Inflammatory| Neurology/Psychiatric| Toxicity/Intoxication,Inducible nitric oxide synthase modulator,Inducible nitric oxide synthase,US,CORTELLIS,2026-05-08T16:03:11.834Z,2026-05-08T16:03:11.834Z
7b3f19ff-2bf5-4185-9d9b-b423f9d7aa67,riztunitide,e4b9fcf4-34bf-4177-9db0-ef028b25fc70,,Phase 1 Clinical,,,Neurodegenerative Disease Research Inc,Small molecule| Subcutaneous formulation,Phase 1 Clinical,Amyotrophic lateral sclerosis,Neurology/Psychiatric,,,US,CORTELLIS,2026-05-08T16:03:12.095Z,2026-05-08T16:03:12.095Z
76dcd419-3f6a-4f12-9ad4-2ba937a43334,11C-NS-8880,575317b6-43fd-465c-b853-cc03acbef76a,,Preclinical,,,DanPET AB,In vivo diagnostics| Radiolabeling| Small molecule,Preclinical,Alzheimers disease| Nuclear imaging,Neurology/Psychiatric| Unknown,Noradrenaline transporter stimulator| Unclassified,Noradrenaline transporter,Sweden,EVALUATE| CORTELLIS,2026-05-08T16:03:12.275Z,2026-05-08T16:03:12.275Z
25b440f8-a945-4d21-bece-71b7cd395d21,AGPI2,b47566d3-5525-4663-8fc5-b51d56980496,AGPI-2,Preclinical,,,Agyany Pharma Ltd,Small molecule| Synthetic small molecule,Preclinical,Parkinson's disease,Neurology/Psychiatric,Glucocerebrosidase (GCase) stimulant| Glucosylceramidase beta (GBA) stimulant| Glucosylceramidase modulator,,Israel,EVALUATE| PHARMAPROJECTS,2026-05-08T16:03:09.094Z,2026-05-08T16:03:09.094Z
552d92d8-8be5-4a84-81c5-0ff8a05bcd21,WID-2101,b4758a18-2983-499d-8c6e-35d25ad645a8,,Preclinical,,,Whan In Pharm,Synthetic small molecule,Preclinical,Parkinson's disease,Neurology/Psychiatric,Unidentified pharmacological activity,,South Korea,PHARMAPROJECTS,2026-05-08T16:03:11.554Z,2026-05-08T16:03:11.554Z
642f5551-6918-4c43-9dee-1454dd2a9030,HTL-9936,b4bc7515-25e1-45ff-b553-4485c19c3faa,NBI-1117567,Suspended,,,Allergan BV| Neurocrine Biosciences Inc| Sosei Inc,Oral formulation| Oral liquid formulation| Small molecule| Synthetic small molecule| Tablet formulation,Phase 1 Clinical| Phase 3 Clinical| Suspended,Alzheimers disease| Central nervous system disease| Lewy body dementia| Neurological disease| Other neurological indications| Psychiatric disorder| Schizophrenia,Neurology/Psychiatric,Muscarinic M1 receptor agonist| Muscarinic acetylcholine receptor (M1) agonist,Muscarinic M1 receptor,Ireland| Japan| UK| US,EVALUATE| CORTELLIS| PHARMAPROJECTS,2026-05-08T16:03:09.035Z,2026-05-08T16:03:09.035Z
c72ef2b5-abf0-4811-8778-5b6db943fd5f,Parkinson Disease Research Project 1 (VERG),0d6845c0-08f1-451f-a15b-c9369e8f3a86,"Parkinson's disease therapy, Verge Genomics-1",Preclinical,,,Verge Health,Small molecule| Synthetic small molecule,Discovery| Preclinical,Parkinson's disease,Neurology/Psychiatric,Unclassified| Unidentified pharmacological activity,,US,EVALUATE| PHARMAPROJECTS,2026-05-08T16:03:09.635Z,2026-05-08T16:03:09.635Z
d61665db-50dc-4f5c-a155-336cd40e4221,PSIL-006,548e89f2-5e3b-4c27-af67-fac0f65348a2,,Preclinical,,,Hesperos Inc| Psilera Inc,Small molecule| Systemic formulation unspecified,Preclinical,Alcoholism| Anxiety disorders| Cognitive disorder| Depression| Frontotemporal dementia| Generalised anxiety| Neurological disease,Neurology/Psychiatric| Rare Diseases| Toxicity/Intoxication,5 Hydroxytryptamine 2A receptor agonist| 5 Hydroxytryptamine 6 receptor agonist| 5-HT 2a receptor agonist| 5-HT 6 receptor agonist| 5-HT2A (serotonin) receptor agonist| 5-HT6 (serotonin) receptor agonist,5-HT 2a receptor| 5-HT 6 receptor,US,EVALUATE| CORTELLIS| PHARMAPROJECTS,2026-05-08T16:03:08.258Z,2026-05-08T16:03:08.258Z
1c04bee9-4f7c-41c7-b859-2bdd505fc136,LM11A-31-BHS,a47b63ac-01e7-40b1-9495-7ce5e29bd8ea,,Suspended,,,Elan Corp plc| PharmatrophiX Inc,Capsule formulation| Oral formulation| Small molecule| Synthetic small molecule,Phase 2 Clinical| Suspended,Alzheimers disease| Diabetic retinopathy| Progressive supranuclear palsy,Neurology/Psychiatric| Sensory Organs,Nerve growth factor ligand| p75 neurotrophin receptor (p75NTR) agonist,Nerve growth factor ligand,Ireland| US,EVALUATE| CORTELLIS| PHARMAPROJECTS,2026-05-08T16:03:09.094Z,2026-05-08T16:03:09.094Z
11cd820d-ef8b-4af2-8031-0133e216df27,T3D-959,82ac2995-acd2-47cb-a966-f969816e4f2b,,Suspended,,,Bayer| Bayer Pharmaceuticals Corp| T3D Therapeutics Inc,Capsule formulation| Oral formulation| Small molecule| Synthetic small molecule,Phase 1 Clinical| Phase 2 Clinical| Suspended,Alcoholic fatty liver disease| Alzheimers disease| Huntington's disease| Hyperlipidemia| Non-alcoholic steatohepatitis| Non-insulin dependent diabetes,Alimentary/Metabolic| Cardiovascular| Endocrine/Metabolic| Neurology/Psychiatric| Rare Diseases,Insulin sensitizer| PPAR delta agonist| PPAR gamma agonist| Peroxisome proliferator-activated receptor alpha (PPAR-alpha) agonist| Peroxisome proliferator-activated receptor delta (PPAR-delta) agonist| Peroxisome proliferator-activated receptor gamma (PPAR-gamma) agonist,Insulin ligand| PPAR delta| PPAR gamma,Germany| US,EVALUATE| CORTELLIS| PHARMAPROJECTS,2026-05-08T16:03:09.375Z,2026-05-08T16:03:09.375Z
ca163bdc-f008-45a3-a3da-7a220ba7f205,"Alzheimer's disease therapeutics, GATC health",3ddb7d32-0f98-49f9-80cb-78921620da8a,,Preclinical,,,GATC Biotech AG,Small molecule,Discovery| Preclinical,Alzheimers disease,Neurology/Psychiatric,Unidentified pharmacological activity| Unknown,,US,EVALUATE| PHARMAPROJECTS,2026-05-08T16:03:11.677Z,2026-05-08T16:03:11.677Z
1bfb61a5-2bba-41a4-85eb-f3d90866d656,"lisinopril (multiple sclerosis), Transparency",c89f7be4-06ef-4914-9322-5f3adb8f2802,,Preclinical,,,Stanford Medicine,Small molecule,Preclinical,Multiple sclerosis,Immune,ACE inhibitor,ACE,US,CORTELLIS,2026-05-08T16:03:12.055Z,2026-05-08T16:03:12.055Z
8e8837f5-4e69-4573-a6da-149a7718dc41,Baicalein,be4f3fef-649e-42e8-9724-a7912e906bd9,,Phase 1 Clinical,,,Institute of Materia Medica Chinese Academy of Medical Sciences & Peking Union Medical College,Buccal formulation systemic| Natural product| Oral formulation| Small molecule| Tablet formulation,Phase 1 Clinical,Parkinsons disease,Neurology/Psychiatric,,,China,CORTELLIS,2026-05-08T16:03:12.374Z,2026-05-08T16:03:12.374Z
afa066f5-d092-4eef-9684-d7d3566bcafc,solengepras,8a319248-e0d9-41d6-aa3e-027f46d5d28e,Solengepras,Phase 3 Clinical,,,Cerevance Ltd| Takeda GmbH,Once daily formulation| Small molecule| Synthetic small molecule| Tablet formulation,Phase 3 Clinical,Parkinson's disease| Parkinsons disease,Neurology/Psychiatric,Dopamine receptor agonist| G protein coupled receptor 6 inverse agonist| G protein-couple receptor 6 antagonist| G protein-coupled receptor (GPCR) agonist| G protein-coupled receptor group 6A (GPR6A) agonist,G-protein coupled receptor-6,US,EVALUATE| CORTELLIS| PHARMAPROJECTS,2026-05-08T16:03:08.714Z,2026-05-08T16:03:08.714Z
81f3c270-0bfb-48bd-94ba-49b9bedeee53,VSN16R,9676c071-2b9b-4010-aeb7-655fe05841eb,,Preclinical,,,University College London,Small molecule,Preclinical,Fragile X syndrome| Multiple sclerosis,Neurology/Psychiatric,Fragile X mental retardation 1 (FMR1) gene regulator,,UK,EVALUATE,2026-05-08T16:03:09.536Z,2026-05-08T16:03:09.536Z
6681386a-c34b-418b-a7cf-cf75fb33222c,TDI-01,376f8575-1d8d-453e-a047-1317262dd0e1,TD-I01,Suspended,,,Graviton Bioscience BV| High Tide Inc| Sino Business Ltd,Oral suspension formulation| Small molecule,Phase 1 Clinical| Phase 2 Clinical| Phase 3 Clinical| Preclinical| Suspended,"COVID-19 treatment| Cancer| Coronavirus disease 19 infection| Cystic fibrosis| Fibrosis, renal, unspecified| General cancer indications| General respiratory disorders| General viral indications| Graft versus host disease| Idiopathic pulmonary fibrosis| Infection, coronavirus, novel coronavirus| Liver fibrosis| Multiple sclerosis| Non-alcoholic steatohepatitis| Pneumoconiosis",Alimentary/Metabolic| Cancer| Gastrointestinal| Genitourinary/Sexual Function| Immune| Infection| Neurology/Psychiatric| Rare Diseases| Respiratory,Rho associated protein kinase 2 inhibitor| Rho-associated kinase 2 inhibitor| Rho-associated protein kinase 2 (ROCK2) inhibitor,Rho associated protein kinase 2,China| US,EVALUATE| CORTELLIS| PHARMAPROJECTS,2026-05-08T16:03:09.756Z,2026-05-08T16:03:09.756Z
b4b10a54-f139-47e2-8f80-e7a4108b7cb8,TRV-101,25ae77eb-d27e-4f17-a0ef-390204fea1d1,,Suspended,,,Servier Canada Inc| Treventis Corp,Oral formulation| Small molecule| Synthetic small molecule,Discovery| Preclinical| Suspended,Alzheimers disease,Neurology/Psychiatric,Amyloid beta A4 binding protein inhibitor| Beta amyloid modulator| Tau aggregation inhibitor| Tau kinase inhibitor,Beta amyloid| Tau protein,Canada| France,EVALUATE| CORTELLIS| PHARMAPROJECTS,2026-05-08T16:03:12.056Z,2026-05-08T16:03:12.056Z
4e209e0b-a399-47f3-a1cd-7b0c4b4cf3ab,"ebselen (motor neurone disease), The University of Liverpool/Nagoya University",2008e162-41d1-404d-96ac-8a68261afffb,,Preclinical,,,Liverpool Hospital,Oral formulation| Small molecule,Preclinical,Amyotrophic lateral sclerosis| Motor neurone disease,Neurology/Psychiatric,Superoxide dismutase (Cu-Zn) modulator,Superoxide dismutase (Cu-Zn),UK,CORTELLIS,2026-05-08T16:03:12.157Z,2026-05-08T16:03:12.157Z
14d8e1df-93c3-43a2-a295-92af491df02d,"edaravone + dexborneol (cerebrovascular disease), Simcere Pharmaceutical",4d76bce3-887d-4fbf-b073-37574cbfe65a,Sanbexin Oral,Suspended,,,NeuroDawn Pharmaceutical Co Ltd| Simcere Shanghai| Yantai YenePharma| Yantai Yinuoyining Enterprise Consulting Co Ltd,Buccal formulation systemic| Dose concentration| Drug combination| Fixed-dose combination| Injectable formulation| Oral formulation| Small molecule| Solution| Synthetic small molecule| Systemic formulation unspecified| Tablet formulation,Launched| Phase 1 Clinical| Phase 3 Clinical| Suspended,"Alzheimers disease| Amyotrophic lateral sclerosis| Brain hemorrhage| Cerebral hemorrhage| Cerebrovascular disease| Haemorrhage, cerebral| Haemorrhagic conditions| Hemorrhagic stroke| Ischaemia, cerebral| Ischemic stroke| Neurological disease| Stroke",Cardiovascular| Hematologic| Neurology/Psychiatric,Apoptosis regulator BAX inhibitor| Apoptosis stimulant| Free radical scavenger| TRPV agonist| Transient receptor potential vanilloid-3 (TRPV-3) agonist| Unidentified pharmacological activity,,China,EVALUATE| CORTELLIS| PHARMAPROJECTS,2026-05-08T16:03:08.654Z,2026-05-08T16:03:08.654Z
9e351667-3e85-4ae1-a8b7-3bd77e06bb3d,NS-136,0e7663e4-2feb-44d2-b269-445f8955a23d,,Phase 2 Clinical,,,Neushen Therapeutics (Shanghai) Co Ltd,Once daily formulation| Small molecule| Tablet formulation,Phase 1 Clinical| Phase 2 Clinical,"Agitation| Agitation, Alzheimer's disease| Alzheimers disease| Psychotic disorder| Schizophrenia",Neurology/Psychiatric,Muscarinic M4 receptor agonist| Muscarinic acetylcholine receptor (M4) positive allosteric regulator,Muscarinic M4 receptor,China,EVALUATE| CORTELLIS| PHARMAPROJECTS,2026-05-08T16:03:08.993Z,2026-05-08T16:03:08.993Z
b1ce5b7c-6b61-4373-8ab7-2e27e9e8f589,TYK2 Research Program (BMS),98ec9618-db0f-4cdd-9f42-c68f59e554fe,,Phase 1 Clinical,,,Bristol-Myers Squibb AB,Small molecule,Phase 1 Clinical,Multiple sclerosis (MS) unspecified,Neurology/Psychiatric,Tyrosine kinase (TYK) 2 inhibitor,,US,EVALUATE,2026-05-08T16:03:09.475Z,2026-05-08T16:03:09.475Z
99463e1b-6957-4c0c-98a8-58d0394bebe0,CGX Program 2,6598dbd4-2252-43c3-b75d-615a9f082fc7,CGX-2,Suspended,,,Congruence Therapeutics Inc,Small molecule| Synthetic small molecule,Discovery| Preclinical| Suspended,"Alimentary/metabolic disease, unspecified| Other neurological indications| Parkinson's disease| Undisclosed",Alimentary/Metabolic| Neurology/Psychiatric,Glucosylceramidase modulator| Unclassified,,Canada,EVALUATE| PHARMAPROJECTS,2026-05-08T16:03:11.481Z,2026-05-08T16:03:11.481Z
1a984ae4-282a-489d-8e97-66074e8285f2,SG-005,adb5ba54-3d69-4121-ab14-bff2ce79656f,,Preclinical,,,SineuGene Therapeutics Co Ltd,Gene therapy| Infusion| Intravenous formulation| Oligonucleotide antisense| RNA antisense| Small molecule,Discovery| Preclinical,Amyotrophic lateral sclerosis,Neurology/Psychiatric,FUS gene inhibitor| Unclassified,FUS gene,China,EVALUATE| CORTELLIS,2026-05-08T16:03:12.157Z,2026-05-08T16:03:12.157Z
d04a29fa-05d4-4a4f-95aa-b520d0885063,Multiple Sclerosis Research Project (CASHN),ef38dbbd-c70c-498d-8bac-17c2648c0319,,Preclinical,,,Cashel Neural Inc,Small molecule,Preclinical,Multiple sclerosis (MS) unspecified,Neurology/Psychiatric,Oligodendrocyte progenitor cell stimulant,,US,EVALUATE,2026-05-08T16:03:08.475Z,2026-05-08T16:03:08.475Z
22747f07-a1c2-470c-98a3-fbccc4c57589,DSP-0038,af993743-0cdf-4e86-ae32-a0d104bf669c,,Phase 1 Clinical,,,Recursion Pharmaceuticals Inc| Sumitomo Corp,Oral formulation| Small molecule,Phase 1 Clinical,"Alzheimers disease| Psychiatric disorder| Psychosis, Alzheimer's disease",Neurology/Psychiatric,5 Hydroxytryptamine 1A receptor agonist| 5 Hydroxytryptamine 2A receptor antagonist| 5-HT 1a receptor agonist| 5-HT 2a receptor antagonist| 5-HT1A (serotonin) receptor agonist| 5-HT2A (serotonin) receptor agonist,5-HT 1a receptor| 5-HT 2a receptor,Japan| US,EVALUATE| CORTELLIS| PHARMAPROJECTS,2026-05-08T16:03:08.716Z,2026-05-08T16:03:08.716Z
5ae2d706-594d-42c4-97ec-e934d9a12a5a,NRX-NGT-002,d5cf1895-31cd-431f-87ab-a4dae4f2c0c3,,Suspended,,,Novorex Inc,Small molecule,Preclinical| Suspended,Cognitive disorder| Parkinson's disease,Neurology/Psychiatric,Leucine-rich repeat kinase 2 inhibitor| Leucine-rich repeat serine/threonine-protein kinase 2 inhibitor,,South Korea,EVALUATE| PHARMAPROJECTS,2026-05-08T16:03:09.414Z,2026-05-08T16:03:09.414Z
a5ff9718-2dc4-4210-a026-29266cf9eb44,PSY-01,9915b326-0524-4cde-8a5b-e653fe95affc,,Preclinical,,,Psy Therapeutics Inc,Small molecule| Synthetic small molecule,Discovery| Preclinical,Depression| Parkinson's disease,Neurology/Psychiatric,Unidentified pharmacological activity| Unknown,,US,EVALUATE| PHARMAPROJECTS,2026-05-08T16:03:09.696Z,2026-05-08T16:03:09.696Z
5cbc8ed5-5906-4cf7-9c27-761b28fd1e27,"anti-PLA2G15 (Niemann Pick Type C disease), Scenic Biotech",5ca48279-b8d7-4831-bd7e-432861dd3090,,Preclinical,,,Scenic Biotech BV,Small molecule| Systemic formulation unspecified,Preclinical,Batten disease| Frontotemporal dementia| Niemann Pick disease type C,Endocrine/Metabolic| Neurology/Psychiatric,Phospholipase A2 inhibitor,Phospholipase A2,Netherlands,CORTELLIS,2026-05-08T16:03:12.094Z,2026-05-08T16:03:12.094Z
36850930-ec90-4595-8a47-521f978ac87e,"Neurodegenarative disease therapeutics, Mabwell/Sentox",5a124fe1-9056-4b9a-82d4-1a3873b619c6,"neurodegenarative disease therapeutics, Mabwell/Sentox",Preclinical,,,Mabwell Therapeutics Inc| Sentonix Inc,Small molecule| Synthetic small molecule,Discovery| Preclinical,Alzheimers disease| Neurological disease| Other neurological indications| Parkinson's disease,Neurology/Psychiatric,Unidentified pharmacological activity| Unknown,,China| US,EVALUATE| PHARMAPROJECTS,2026-05-08T16:03:09.636Z,2026-05-08T16:03:09.636Z
547d0243-35d3-47b3-b961-a4be6220b01b,DRGT-124,0b209abb-730c-49d3-b9ff-ff1365464edd,,Preclinical,,,Druggability Technologies Holdings Ltd,Small molecule,Preclinical,Autoimmune disease| Multiple sclerosis,Immune,,,Malta,CORTELLIS,2026-05-08T16:03:12.214Z,2026-05-08T16:03:12.214Z
8251be66-b7f2-4a4d-bfd0-d60da5fc91d5,Nilotinib Hydrochloride,cbad0e31-d78b-4c2e-80b1-832c4d8f640e,nilotinib,Launched,,,Novartis AG,Small molecule,Launched,"Colorectal tumor| Gastro-intestinal stromal tumours (GIST)| Glioma| Graft versus host disease| Head injury| Leukaemia, acute lymphocytic (ALL)| Leukaemia, acute myeloid (AML)| Leukaemia, chronic myeloid (CML)| Melanoma| Osteosarcoma| Other neurological indications| Pulmonary hypertension",Cancer,Bcr/Abl fusion protein inhibitor| Platelet-derived growth factor receptor alpha (PDGFRa) inhibitor| Platelet-derived growth factor receptor beta (PDGFRb) inhibitor| Proto-oncogene c-Kit (CD117) inhibitor,,Switzerland,EVALUATE,2026-05-08T16:03:12.375Z,2026-05-08T16:03:12.375Z
a5bc15c4-0e2f-487f-a3e2-d831d485f188,EphA4 Inhibitor Research Program,ea154c81-7a96-44a0-8eb9-02632b4d855a,,Preclinical,,,The Hong Kong University of Science and Technology,Small molecule,Preclinical,Alzheimers disease,Neurology/Psychiatric,Ephrin A4 (EphA4) receptor antagonist,,Hong Kong,EVALUATE,2026-05-08T16:03:08.994Z,2026-05-08T16:03:08.994Z
a1f2298a-e37f-4c7c-85f6-3d260acd3756,"apilimod dimesylate (capsule, B-cell non-Hodgkins lymphoma/Chronic lymphocytic leukemia/amyotrophic lateral sclerosis), AI Therapeutics",126158df-677a-4f4c-8ff9-c24d2f255c82,AIT-101,Suspended,,,LAM Foundation,Capsule formulation| Immuno-oncology| Oral formulation| Small molecule| Synthetic small molecule,Phase 2 Clinical| Suspended,"Amyotrophic lateral sclerosis| Cancer, lymphoma, follicular| Frontotemporal dementia| Infection, coronavirus, novel coronavirus| Non-Hodgkin lymphoma",Cancer| Infection| Neurology/Psychiatric| Rare Diseases,FYVE finger phosphoinositide kinase inhibitor| IL-12 receptor agonist| IL-23 agonist| Interleukin 12 ligand| Interleukin 23 ligand modulator| Kinase inhibitor| Transcription factor EB inhibitor,FYVE finger phosphoinositide kinase| IL-12 receptor| IL-23 receptor| Transcription factor EB,US,EVALUATE| CORTELLIS| PHARMAPROJECTS,2026-05-08T16:03:09.096Z,2026-05-08T16:03:09.096Z
285756f0-572e-428f-9762-dafda6129c4a,masupirdine,d9f73093-3527-4a5f-9af3-6ab10eaf9f2c,Masupirdine,Suspended,,,Suven Life Sciences Ltd,Small molecule| Synthetic small molecule| Tablet formulation,Phase 2 Clinical| Phase 3 Clinical| Suspended,"Agitation| Agitation, Alzheimer's disease| Alzheimers disease| Attention deficit hyperactivity disorder| Dementia| Huntington's disease| Other neurological indications| Parkinson's disease| Schizophrenia",Neurology/Psychiatric| Rare Diseases,5 Hydroxytryptamine 6 receptor antagonist| 5-HT 6 receptor antagonist| 5-HT6 (serotonin) receptor antagonist,5-HT 6 receptor,India,EVALUATE| CORTELLIS| PHARMAPROJECTS,2026-05-08T16:03:08.434Z,2026-05-08T16:03:08.434Z
2a6cc146-637d-41c7-b11f-e5688836fd6b,PRI-100,a34f98cc-2742-4245-9b1a-04b5be7dcbdf,,Preclinical,,,Priavoid GmbH,Peptide| Small molecule,Preclinical,Parkinson's disease,Neurology/Psychiatric,Alpha-synuclein accumulation inhibitor| Prion protein (PrP) inhibitor| Prion protein inhibitor| Synuclein accumulation inhibitor| Synuclein inhibitor,,Germany,EVALUATE| PHARMAPROJECTS,2026-05-08T16:03:08.475Z,2026-05-08T16:03:08.475Z
3571c112-43d0-4191-b224-c31700eb796e,GT-002,d6daf825-a9ad-4bbc-b30f-5141e9f636ef,,Suspended,,,Gabather AB (publ),Small molecule| Synthetic small molecule,Phase 1 Clinical| Preclinical| Suspended,"Alzheimers disease| Anxiety, unspecified| Dementia| Depression| Frontotemporal dementia| Neuropathic pain| Psychosis, unspecified| Schizophrenia",Neurology/Psychiatric| Rare Diseases,GABA receptor agonist| Gamma-aminobutyric acid (GABA) A receptor positive allosteric regulator| Gamma-aminobutyric acid (GABA) receptor agonist| LY6/PLAUR domain containing 3 (LYPD3) antibody| Neuropeptide Y (NPY) regulator,,Sweden,EVALUATE| PHARMAPROJECTS,2026-05-08T16:03:09.156Z,2026-05-08T16:03:09.156Z
bc8f909e-ce06-4ca3-b63c-c6eba8fe7cf0,IRL-757,348f881d-e73c-4167-b4d8-a227be1ec04f,IRL757,Phase 1 Clinical,,,IRLAB Therapeutics AB| Otsuka Pharma GmbH,Capsule formulation| Once daily formulation| Small molecule| Synthetic small molecule| Tablet formulation,Phase 1 Clinical,Alzheimers disease| Neurodegenerative disease| Neurological disease| Other neurological indications| Parkinson's disease| Parkinsons disease,Neurology/Psychiatric,Unidentified pharmacological activity| Unknown,,Japan| Sweden,EVALUATE| CORTELLIS| PHARMAPROJECTS,2026-05-08T16:03:08.256Z,2026-05-08T16:03:08.256Z
65f64104-fe16-44a0-8a43-fd0cede977a5,NTX-253,6c893154-7424-4243-b148-983e0be8c088,,Phase 1 Clinical,,,Addex Therapeutics Ltd| Neurosterix LLC,Capsule formulation| Daily dosing| Oral formulation| Small molecule,Phase 1 Clinical| Preclinical,"Alzheimers disease| Other psychoses| Psychosis, unspecified| Psychotic disorder| Schizophrenia",Neurology/Psychiatric,Muscarinic M4 receptor agonist| Muscarinic acetylcholine receptor (M4) agonist| Muscarinic acetylcholine receptor (M4) positive allosteric regulator,Muscarinic M4 receptor,Switzerland,EVALUATE| CORTELLIS| PHARMAPROJECTS,2026-05-08T16:03:08.434Z,2026-05-08T16:03:08.434Z
ee9c717d-0c9c-4e47-a8d2-c49dc3d206a5,"STA-1, Sinphar Pharmaceutical",3f91173a-4532-40f7-b24b-c8f04215487d,,Phase 2 Clinical,,,Sinphar Pharmaceutical Co Ltd,Capsule formulation| Natural product| Oral formulation| Small molecule,Phase 2 Clinical,Alzheimers disease| Cancer| Dementia,Cancer| Neurology/Psychiatric,,,Taiwan,CORTELLIS,2026-05-08T16:03:12.374Z,2026-05-08T16:03:12.374Z
ca0b698d-bde5-4b54-94f6-9b72bb19ff42,Alzheimer's Disease Research Program (APPSRL),d2bf42f7-02dd-4d7d-beba-cb994e19a847,,Preclinical,,,Amypopharma,Small molecule,Preclinical,Alzheimers disease,Neurology/Psychiatric,Unclassified,,Italy,EVALUATE,2026-05-08T16:03:08.714Z,2026-05-08T16:03:08.714Z
41512a42-faca-4cfe-a43c-b20326c68594,AR-1002,7d36a397-47fb-4713-923c-9c874e345cd1,AR1002,Suspended,,,AriBio Co Ltd,Small molecule| Systemic formulation unspecified,Preclinical| Suspended,"Alzheimers disease| Breast tumor| Cancer, gastrointestinal, stomach| Colorectal tumor| Liver tumor| Lung cancer| Neurodegenerative disease| Rett syndrome",Cancer| Neurology/Psychiatric| Rare Diseases| Unknown,Bifunctional aminoacyl tRNA synthetase modulator| PDE 5 modulator| Phosphodiesterase 5 (PDE5) inhibitor| Phosphodiesterase 5 inhibitor,Bifunctional aminoacyl tRNA synthetase| PDE 5,South Korea,EVALUATE| CORTELLIS| PHARMAPROJECTS,2026-05-08T16:03:08.773Z,2026-05-08T16:03:08.773Z
3acd106c-0cb5-4010-bd51-c294022b726a,NOA-104,aa5db819-11f0-4b33-b4a7-a037fb563e79,,Suspended,,,Noa Co Ltd,Synthetic small molecule,Preclinical| Suspended,Acne| Atopic dermatitis| Cardiovascular disease| Hyperpigmentation| Multiple sclerosis| Ocular infection| Psoriasis| Ulcerative colitis| Vitiligo,Alimentary/Metabolic| Cardiovascular| Dermatologic| Infection| Neurology/Psychiatric,Unidentified pharmacological activity,,Canada,PHARMAPROJECTS,2026-05-08T16:03:11.675Z,2026-05-08T16:03:11.675Z
70f6a256-e1ca-4a0b-b2eb-1552d8e80901,"psilocybin (liposomal CNS-homing peptide, multiple sclerosis), Silo Pharma",76692665-62b6-4d15-827a-3e365ac67bae,,Preclinical,,,Silo Pharma Inc| University Of Maryland Baltimore| University of Maryland,Liposome formulation| Peptide| Protein & peptide therapeutics| Small molecule| Systemic formulation unspecified,Preclinical,Multiple sclerosis| Multiple sclerosis (MS) unspecified| Nervous system inflammation,Immune| Neurology/Psychiatric,5-HT receptor agonist| Unidentified pharmacological activity| Unknown,5-HT receptor,US,EVALUATE| CORTELLIS| PHARMAPROJECTS,2026-05-08T16:03:12.094Z,2026-05-08T16:03:12.094Z
c7817075-53b8-43d7-a72c-08b821072787,NWL-154,34cf0856-3175-4c9a-9d03-b98f6970f812,,Preclinical,,,New World Laboratories Inc,Peptidomimetic| Small molecule| Systemic formulation unspecified,Preclinical,Alzheimers disease| Huntingtons chorea,Neurology/Psychiatric,Caspase-6 inhibitor,Caspase-6,Canada,CORTELLIS,2026-05-08T16:03:12.373Z,2026-05-08T16:03:12.373Z
91804a20-710b-42da-96c3-59ff60d119fa,CB101,57474b2d-f54c-46d6-bcd7-323be654b517,,Preclinical,,,CANTABio Pharmaceuticals Inc| Purdue Pharma LP,Small molecule,Preclinical,Parkinson's disease,Neurology/Psychiatric,Parkinsonism associated deglycase 7 (PARK7) regulator,,US,EVALUATE,2026-05-08T16:03:08.258Z,2026-05-08T16:03:08.258Z
8dcb1f79-8396-4fbf-87c1-04748853dc08,K102,eca39220-684a-3324-88aa-52c8dec1b976,,Preclinical,,,Cadenza Bio Inc| University of California| University of Illinois Urbana-Champaign,Small molecule,Preclinical,Multiple sclerosis (MS) unspecified,Neurology/Psychiatric,Unknown,,US,EVALUATE,2026-05-08T16:03:08.995Z,2026-05-08T16:03:08.995Z
7b785088-dbdc-4afa-9926-907443569732,[F-18]Flornaptitril,41a7cc2e-43ea-4fc5-bd5e-3b5505f9493c,,Phase 3 Clinical,,,CereMark Pharma LLC,Imaging agent| Small molecule| Synthetic small molecule,Phase 3 Clinical,"Alzheimers disease| Diagnosis, CNS| Other neurological indications",Neurology/Psychiatric| Unknown,"Beta radiation emitter| Radioemitter, beta",,US,EVALUATE| PHARMAPROJECTS,2026-05-08T16:03:09.476Z,2026-05-08T16:03:09.476Z
46f5a27f-c457-4d00-b6a8-43f4e5506e73,VTX-3232,b02b020e-559a-4d91-8dbd-d60ca7283400,,Phase 2 Clinical,,,Ventyx Biosciences Inc,Oral formulation| Small molecule,Phase 1 Clinical| Phase 2 Clinical| Preclinical,Alzheimers disease| Amyotrophic lateral sclerosis| Cardiovascular disease| Inflammatory disease| Metabolic disorder| Multiple sclerosis| Nervous system inflammation| Neurodegenerative disease| Obesity| Parkinson's disease| Parkinsons disease,Alimentary/Metabolic| Cardiovascular| Endocrine/Metabolic| Immune| Musculoskeletal| Neurology/Psychiatric| Other/Miscellaneous,NACHT LRR PYD domain protein 3 inhibitor| NLR family pyrin domain containing 3 inhibitor,NACHT LRR PYD domain protein 3,US,CORTELLIS| PHARMAPROJECTS,2026-05-08T16:03:11.616Z,2026-05-08T16:03:11.616Z
89957fca-e10a-4e0b-97da-d82c709aaeff,Taisi,891c2b63-eaea-4b76-8252-55b39833104e,,Phase 3 Clinical,,,Xuanwu Hospital Of Capital Medical University,Capsule formulation| Natural product| Oral formulation| Small molecule,Phase 3 Clinical,Alzheimers disease,Neurology/Psychiatric,,,China,CORTELLIS,2026-05-08T16:03:12.374Z,2026-05-08T16:03:12.374Z
58dd5e77-80e3-4866-abaa-d05bcffaced3,"meloxicam (iv, pain), Azurity Pharmaceuticals",c83c17d7-78dd-477a-b6c9-2efcceec8326,Meloxicam| meloxicam,Phase 2 Clinical,,,Animuscure Co Ltd,Small molecule| Synthetic small molecule,Phase 2 Clinical| Preclinical,Amyotrophic lateral sclerosis| Sarcopenia,Musculoskeletal| Neurology/Psychiatric| Rare Diseases,Cyclo-oxygenase 2 (COX-2) inhibitor| Cyclooxygenase 2 modulator| Prostaglandin (PG) synthase inhibitor| Prostaglandin synthase inhibitor,,South Korea,EVALUATE| CORTELLIS| PHARMAPROJECTS,2026-05-08T16:03:08.995Z,2026-05-08T16:03:08.995Z
fcd80ace-38fd-42eb-994b-e0fb3825d9b4,"tricaprilin (highly purified oral formulation, Alzheimer's disease/migraine/Parkinson's disease/epilepsy), Cerecin",6fdc51db-e395-48e2-ad77-ebe3eab1eebb,tricaprilin,Suspended,,,Cerecin Inc,Controlled release formulation| Lipid| Liquid formulation| Oral formulation| Oral suspension formulation| Plant extract| Small molecule| Synthetic small molecule,Launched| Phase 1 Clinical| Phase 2 Clinical| Phase 3 Clinical| Preclinical| Suspended,Alzheimers disease| Dementia| Epilepsy| Infantile spasms| Migraine| Multiple sclerosis| Parkinson's disease| Senile dementia,Neurology/Psychiatric| Rare Diseases,Unclassified| Unidentified pharmacological activity,,Singapore,EVALUATE| CORTELLIS| PHARMAPROJECTS,2026-05-08T16:03:09.694Z,2026-05-08T16:03:09.694Z
48a3f08a-f923-4878-bc1b-5f18b65ca7de,ALA-4000,b2bfd0b4-78cd-4e1f-b799-d78b761abebb,"apomorphine, Alar Pharmaceuticals",Preclinical,,,Alar Pharmaceuticals Inc,Injectable controlled release formulation| Other parenteral| Parenteral formulation unspecified| Small molecule| Sustained release formulation| Synthetic small molecule,Preclinical,Parkinson's disease| Parkinsons disease,Neurology/Psychiatric,Dopamine receptor agonist| Dopamine receptor potentiator,Dopamine D2 receptor,Taiwan,EVALUATE| CORTELLIS| PHARMAPROJECTS,2026-05-08T16:03:09.034Z,2026-05-08T16:03:09.034Z
ebb0aa99-5068-4354-acab-e8651a2d9cd4,MW01-2-151SRM,82189858-ace6-4f19-91e2-b948c983f19d,MV151,Phase 2 Clinical,,,INVO Centers LLC| ImmunoChem Therapeutics LLC,Capsule formulation| Immuno-oncology| Oral formulation| Small molecule| Synthetic small molecule,Phase 1 Clinical| Phase 2 Clinical,Advanced solid tumor| Alzheimers disease| Brain tumor| Cognitive disorder| Metastatic brain cancer| Neuritis| Other neurological indications| Radio/chemotherapy-induced cognitive dysfunction| Undisclosed,Cancer| Neurology/Psychiatric,Cytokine receptor agonist| Monocyte chemotactic protein 1 ligand inhibitor| RANTES ligand inhibitor| Unidentified pharmacological activity,Monocyte chemotactic protein 1 ligand| RANTES ligand,US,EVALUATE| CORTELLIS| PHARMAPROJECTS,2026-05-08T16:03:09.213Z,2026-05-08T16:03:09.213Z
8539d651-1573-49a7-83b9-51ec612b67f7,"brexanolone (Alzheimer's disease), University of Southern California",680742a6-93d3-4e15-be38-71f5d0fcbc66,,Phase 2 Clinical,,,Usc Llc,CNS formulation| Infusion| Intravenous formulation| Small molecule| Steroid,Phase 2 Clinical,Alzheimers disease| Status epilepticus,Neurology/Psychiatric,,,US,CORTELLIS,2026-05-08T16:03:11.934Z,2026-05-08T16:03:11.934Z
529a83cc-536b-4591-bd16-d597a9d6017f,CXS-004,d9693329-065a-43d4-a68d-cf7d34d2482a,,Preclinical,,,Cxs Corp,Small molecule| Systemic formulation unspecified,Preclinical,Amyotrophic lateral sclerosis,Neurology/Psychiatric,,,France,CORTELLIS,2026-05-08T16:03:12.217Z,2026-05-08T16:03:12.217Z
23e586ac-8561-499f-b9cc-2c6b5587e95f,BHV-8000,af5cb7ff-d06c-4b93-aec2-8c355591544e,TLL-041| TLL041,Phase 3 Clinical,,,Biohaven Ltd| Highlightll Pharmaceutical (USA) LLC,Once daily formulation| Small molecule| Synthetic small molecule| Tablet formulation,Phase 1 Clinical| Phase 3 Clinical,Alzheimers disease| Amyotrophic lateral sclerosis| Brain disease| Encephalitis| Multiple sclerosis| Neurological disease| Other neurological indications| Parkinson's disease| Parkinsons disease,Immune| Neurology/Psychiatric,JAK1 gene inhibitor| Janus kinase (JAK) inhibitor| Janus kinase 1 (JAK1) inhibitor| Janus kinase 1 inhibitor| Janus kinase inhibitor| Non receptor tyrosine kinase TYK2 inhibitor| Tyrosine kinase (TYK) 2 inhibitor| Tyrosine kinase (TYK) inhibitor| Tyrosine kinase 2 inhibitor| Tyrosine kinase inhibitor (TKI),Jak1 tyrosine kinase| Non receptor tyrosine kinase TYK2,China| US,EVALUATE| CORTELLIS| PHARMAPROJECTS,2026-05-08T16:03:08.376Z,2026-05-08T16:03:08.376Z
88b9e415-851d-4a41-8e40-f0f6e378d26f,Parkinson's Diseases Research Program,271a6bb2-3b87-425f-885d-9511f3ed9971,,Preclinical,,,Asahi Kasei Corp,Small molecule,Preclinical,Parkinson's disease,Neurology/Psychiatric,NADPH oxidase (NOX) inhibitor,,Japan,EVALUATE,2026-05-08T16:03:08.995Z,2026-05-08T16:03:08.995Z
dd9ad9db-8da2-4344-811d-e1d33c4f6950,samelisant,74d4be36-2b60-4eb7-b90c-aaefaf5c0e6a,Samelisant,Suspended,,,Suven Life Sciences Ltd,Once daily formulation| Oral formulation| Small molecule| Synthetic small molecule| Tablet formulation,Phase 1 Clinical| Phase 2 Clinical| Preclinical| Suspended,"Alzheimers disease| Cataplexy| Cognitive disorder| Dementia| Hypersomnia| Hypersomnia, idiopathic| Narcolepsy| Schizophrenia",Cancer| Endocrine/Metabolic| Neurology/Psychiatric| Rare Diseases,Histamine H3 receptor agonist| Histamine H3 receptor inverse agonist,Histamine H3 receptor,India,EVALUATE| CORTELLIS| PHARMAPROJECTS,2026-05-08T16:03:09.536Z,2026-05-08T16:03:09.536Z
d3be101d-ed67-485f-ab89-d10dfad1a023,AD-35,04e2a42c-9096-4485-8ec4-4e2c05373553,,Suspended,,,Hisun Pharmaceuticals USA Inc,Small molecule| Synthetic small molecule| Tablet formulation,Phase 1 Clinical| Suspended,Alzheimers disease,Neurology/Psychiatric,Acetylcholinesterase (AChE) stimulant| Acetylcholinesterase inhibitor| Beta amyloid modulator,Acetylcholinesterase,China,EVALUATE| CORTELLIS| PHARMAPROJECTS,2026-05-08T16:03:08.435Z,2026-05-08T16:03:08.435Z
a9162806-7275-423e-9664-9dcd05b700a5,"TBN (enteric-coated tablets, diabetic nephropathy/amyotrophic lateral sclerosis), Magpie Pharmaceuticals",e24a1517-e3b1-4db3-b961-badca4d3a9c6,Nitrazoline| tetramethylpyrazine nitrone,Suspended,,,Jinan University (Guangdong)| Magpie Tech Inc,Enteric coated tablet formulation| Intravenous formulation| Oral formulation| Small molecule| Synthetic small molecule,Phase 1 Clinical| Phase 3 Clinical| Preclinical| Suspended,"Alport syndrome| Amyotrophic lateral sclerosis| Diabetic nephropathy| Ischaemia, cerebral| Parkinson's disease| Renal failure| Stroke",Alimentary/Metabolic| Cardiovascular| Genitourinary/Sexual Function| Neurology/Psychiatric| Rare Diseases,Calcium channel antagonist| Calcium channel inhibitor| Free radical scavenger,Calcium channel,China,EVALUATE| CORTELLIS| PHARMAPROJECTS,2026-05-08T16:03:08.875Z,2026-05-08T16:03:08.875Z
861f62dd-8714-4d54-a37d-1f95ef618a2a,sotuletinib,a991354a-e6b4-4c09-97bc-7a39157ef04e,BLZ945,Suspended,,,Novartis AG| Novartis Institutes for Biomedical Research,Immuno-oncology| Small molecule| Synthetic small molecule| Systemic formulation unspecified,Phase 2 Clinical| Suspended,"Amyotrophic lateral sclerosis| Bone disorder, unspecified| Cancer, solid, unspecified| Solid tumour indications",Cancer| Musculoskeletal| Neurology/Psychiatric| Rare Diseases,CSF-1 antagonist| CSF1-R tyrosine kinase inhibitor| Macrophage colony stimulating factor receptor 1 (CSF-1R) inhibitor,CSF-1,Switzerland,EVALUATE| CORTELLIS| PHARMAPROJECTS,2026-05-08T16:03:09.033Z,2026-05-08T16:03:09.033Z
54502ae3-67b2-4110-bc44-2185d683a62a,"amyotrophic lateral sclerosis therapy, Nido Biosciences",2e6538c6-ea46-447a-9c0b-016f5fcce45b,,Preclinical,,,Nido Surgical Inc,Synthetic small molecule,Preclinical,Amyotrophic lateral sclerosis,Neurology/Psychiatric| Rare Diseases,Unidentified pharmacological activity,,US,PHARMAPROJECTS,2026-05-08T16:03:11.556Z,2026-05-08T16:03:11.556Z
680b798c-cc4a-42ee-9411-10e02cd7c4b8,EVT-401,daa742bb-828f-4285-84c0-21288484a888,,Suspended,,,Evotec (UK) Ltd| Hangzhou Conba Pharmaceuticals Ltd| Renovis Inc,Capsule formulation| Oral formulation| Oral suspension formulation| Small molecule| Synthetic small molecule| Tablet formulation,Phase 1 Clinical| Suspended,"Chronic obstructive airway disease| Diabetes, undisclosed Type| General inflammatory disorders| Immunological disease, unspecified| Inflammatory bowel disease| Inflammatory disease| Multiple sclerosis| Other immune indications| Pain, nociceptive, general| Rheumatoid arthritis",Alimentary/Metabolic| Immune| Inflammatory| Musculoskeletal| Neurology/Psychiatric| Respiratory,Interleukin-1 ligand| P2X7 purinoceptor antagonist| Purinergic receptor P2X7 antagonist| Purinoreceptor P2X7 antagonist,Interleukin-1 ligand| P2X7 purinoceptor,China| Germany,EVALUATE| CORTELLIS| PHARMAPROJECTS,2026-05-08T16:03:09.757Z,2026-05-08T16:03:09.757Z
bd186e1e-d250-4c2d-a9f8-745fe8e70015,NLS-12,ad20a0a5-59e5-4472-859a-6a65af5bd3ba,,Suspended,,,NewcelX Ltd,Small molecule| Synthetic small molecule| Systemic formulation unspecified| Unidentified,Preclinical| Suspended,"Alzheimers disease| Dementia, Parkinson's disease| Huntington's disease| Kleine-Levin syndrome| Lewy body dementia| Parkinsons disease| Sleep disorder",Neurology/Psychiatric| Rare Diseases,Muscarinic M4 receptor agonist| Muscarinic M5 receptor agonist| Norepinephrine/dopamine dual reuptake inhibitor,Muscarinic M4 receptor| Muscarinic M5 receptor,Switzerland,CORTELLIS| PHARMAPROJECTS,2026-05-08T16:03:11.834Z,2026-05-08T16:03:11.834Z
52cf4bc2-d934-49ce-9ba5-13e98831ef46,TJ-0113,18e33c86-afdc-43a1-9b6c-14f57e5b6e80,,Phase 2 Clinical,,,Hangzhou Tianji Jishi Biotechnology Co Ltd,Capsule formulation| Once daily formulation| Small molecule,Phase 2 Clinical,Alport syndrome| Depression| Parkinsons disease,Genitourinary/Sexual Function| Neurology/Psychiatric,Autophagy protein modulator,Autophagy protein,China,CORTELLIS,2026-05-08T16:03:11.834Z,2026-05-08T16:03:11.834Z
1869a932-f45e-4e71-bec9-5dcaba849762,ALS Research Program (YMNTX),e14249ab-bdd7-4c38-8737-0bb9404db2f2,"frontotemporal lobar dementia therapy, Yumanity Therapeutics",Suspended,,,Kineta Inc| Merck & Co Inc| TuHURA Biopharma Inc,Small molecule| Synthetic small molecule,Preclinical| Suspended,Amyotrophic lateral sclerosis| Frontotemporal dementia,Neurology/Psychiatric| Rare Diseases,Unclassified| Unidentified pharmacological activity,,US,EVALUATE| PHARMAPROJECTS,2026-05-08T16:03:08.433Z,2026-05-08T16:03:08.433Z
6a4f9622-7291-478d-b240-42e6c660f999,YTX-7739,c7441870-0a78-4307-8019-0616d0564bc9,,Preclinical,,,Evotec (UK) Ltd,Small molecule,Preclinical,Glioblastoma| Parkinson's disease,Neurology/Psychiatric,Oxidoreductase inhibitor| Stearoyl-CoA desaturase 1 (SCD1) inhibitor,,Germany,EVALUATE,2026-05-08T16:03:09.097Z,2026-05-08T16:03:09.097Z
06101168-0361-4ecc-9bc3-27a3d2e76ce4,GATE-252,3477ddab-5844-4a17-9881-6a1742aec807,,Suspended,,,Gate Inc,Oral formulation| Small molecule| Synthetic small molecule,Preclinical| Suspended,Alzheimers disease| Cognitive disorder| Neurological disease| Other neurological indications| Schizophrenia| Unidentified indication,Neurology/Psychiatric,N-methyl-D-aspartate (NMDA) receptor agonist| N-methyl-D-aspartate (NMDA) receptor regulator| NMDA receptor agonist,NMDA receptor,US,EVALUATE| CORTELLIS| PHARMAPROJECTS,2026-05-08T16:03:11.674Z,2026-05-08T16:03:11.674Z
4c8ac60d-0380-4295-9a25-6795ad4ce069,PMI04,ce5dfee8-7aa7-4561-a6ca-6000e3633bf9,,Phase 1 Clinical,,,D&D Pharmatech| Enigma Genomics| Precision Molecular,Imaging agent| Small molecule| Synthetic small molecule,Phase 1 Clinical,"Alzheimers disease| Amyotrophic lateral sclerosis| Depression| Diagnosis, CNS| Other imaging| Parkinson's disease",Neurology/Psychiatric| Unknown,Not applicable,,Canada| South Korea| US,EVALUATE| PHARMAPROJECTS,2026-05-08T16:03:08.314Z,2026-05-08T16:03:08.314Z
5fad6401-5164-478c-8430-bc28c58f40ef,emrusolmin,926ed004-97b3-4b56-86ed-f46f7d65113f,TEV-56286,Suspended,,,Ludwig-Maximilians-Universität München| MODAG GmbH| Teva BV,Oral formulation| Small molecule| Synthetic small molecule,Phase 2 Clinical| Suspended,Multiple system atrophy| Neurodegenerative disease| Other neurological indications| Parkinson's disease| Parkinsons disease,Neurology/Psychiatric| Rare Diseases,Alpha-synuclein accumulation regulator| Major prion protein inhibitor| Synuclein inhibitor,Major prion protein| Synuclein,Germany| Israel,EVALUATE| CORTELLIS| PHARMAPROJECTS,2026-05-08T16:03:08.315Z,2026-05-08T16:03:08.315Z
a6084d92-db70-4c86-af80-82816ad5d09b,VENT-02,efe88bec-adc3-43cd-b004-aa2c5b5c6f25,,Suspended,,,Ventus Medical Ltd,Capsule formulation| Oral formulation| Small molecule| Synthetic small molecule,Phase 1 Clinical| Phase 2 Clinical| Preclinical| Suspended,"Arthritis, osteo| Encephalitis| Epilepsy| Neuritis| Neurodegenerative disease| Neurological disease| Osteoarthritis| Other neurological indications| Parkinson's disease| Parkinsons disease",Inflammatory| Musculoskeletal| Neurology/Psychiatric,NACHT LRR PYD domain protein 3 inhibitor| NLR family pyrin domain containing 3 (NLRP3) inflammasome inhibitor| NLR family pyrin domain containing 3 inhibitor,NACHT LRR PYD domain protein 3,Canada| US,EVALUATE| CORTELLIS| PHARMAPROJECTS,2026-05-08T16:03:09.254Z,2026-05-08T16:03:09.254Z
42cb30f8-a723-4dc3-91b4-09a48e6fd8d3,Parkinson's Disease Research Project 1,d8afa6ba-c79e-4eb7-a366-c4e0baaf567a,,Preclinical,,,Acurex Biosciences Corp,Small molecule,Preclinical,Parkinson's disease,Neurology/Psychiatric,Unclassified,,US,EVALUATE,2026-05-08T16:03:09.416Z,2026-05-08T16:03:09.416Z
02aca840-3637-4a19-902e-11661ec6b604,OM-301,80f45228-e131-4e2a-b946-faa6f750b082,,Preclinical,,,OmniaMed Co Ltd,Small molecule,Preclinical,Alzheimers disease| Glioblastoma,Cancer,Human orthologue of murine double minute 2 (HDM2) inhibitor| Nitric oxide donor| Nitric-oxide donor| Tumour protein p53 inhibitor,,South Korea,EVALUATE,2026-05-08T16:03:08.834Z,2026-05-08T16:03:08.834Z
c220aa4d-3886-4320-b872-1bec9cf87dee,Phoenix Neuro,19a7fe53-70d0-4db8-8476-64cfc67a8576,,Phase 1 Clinical,,,Phoenix Life Sciences,Small molecule,Phase 1 Clinical,Alzheimers disease| Other neurological indications| Parkinson's disease,Neurology/Psychiatric,Unclassified,,Australia,EVALUATE,2026-05-08T16:03:08.556Z,2026-05-08T16:03:08.556Z
afbb5ce7-deec-43ca-9626-95c22ce17899,tambiciclib dimaleate,06bdd12d-261e-4393-aa20-1fbcd7cb27cc,SLS-009,Preclinical,,,Seelos Therapeutics Inc,Protein| Protein & peptide therapeutics| Small molecule,Preclinical,Alzheimers disease| Amyotrophic lateral sclerosis| Huntington's disease,Neurology/Psychiatric| Rare Diseases,E3 ubiquitin ligase regulator| Protein degrader,,US,EVALUATE| CORTELLIS| PHARMAPROJECTS,2026-05-08T16:03:09.696Z,2026-05-08T16:03:09.696Z
d81768a2-6991-4317-ade3-f96644316659,NovOB,504dd6ae-65e2-4e05-be45-e696a1b2d355,NovDB2,Suspended,,,NovMetaPharma Co.,Protein & peptide therapeutics| Synthetic small molecule,Phase 2 Clinical| Suspended,Alzheimers disease| Non-insulin dependent diabetes| Obesity,Alimentary/Metabolic| Endocrine/Metabolic| Gastrointestinal| Neurology/Psychiatric,Insulin sensitizer| Unclassified| Unknown,,South Korea,EVALUATE| PHARMAPROJECTS,2026-05-08T16:03:09.756Z,2026-05-08T16:03:09.756Z
2c0ef147-a24c-4536-9df9-ecc4eea1c658,BMS-986519,dbf9fe15-847e-47b0-8c2a-66024d95bc0f,"KarX-EC| xanomeline (enteric-coated), Bristol Myers Squibb",Phase 3 Clinical,,,Bristol-Myers Squibb AB| Karuna Labs Inc,Enteric coated capsule formulation| Enteric coated formulation| Oral formulation| Small molecule| Synthetic small molecule,Phase 1 Clinical| Phase 3 Clinical| Preclinical,"Agitation| Agitation, Alzheimer's disease| Alzheimers disease| Autism| Autism spectrum disorders (ASD)| Cognitive disorder| Other psychoses| Psychiatric disorder| Psychosis, unspecified| Schizophrenia",Neurology/Psychiatric,Muscarinic M1 receptor agonist| Muscarinic M4 receptor agonist| Muscarinic acetylcholine receptor (M1) agonist,Muscarinic M1 receptor| Muscarinic M4 receptor,US,EVALUATE| CORTELLIS| PHARMAPROJECTS,2026-05-08T16:03:08.596Z,2026-05-08T16:03:08.596Z
b23b039a-8ece-440b-8068-6968b3941910,IACS-53918,7da968e7-73e4-4cca-bd2b-aff5df99e6d5,,Preclinical,,,Anderson Heart PC,Small molecule| Systemic formulation unspecified,Preclinical,Alzheimers disease| Multiple sclerosis,Immune| Neurology/Psychiatric,RIP-1 kinase inhibitor,RIP-1 kinase,US,CORTELLIS,2026-05-08T16:03:11.836Z,2026-05-08T16:03:11.836Z
21c0daf4-870d-4b87-b7e6-6de6f3b0e91f,"memantine hydrochloride + donepezil hydrochloride (extended-release, capsule, Alzheimers disease), Lyndra Therapeutics",b66ba297-4ad2-4342-9ef8-5492fa8a79cc,,Phase 1 Clinical,,,Lyndra Therapeutics Inc,Capsule formulation| Drug combination| Oral formulation| Small molecule| Sustained release formulation,Phase 1 Clinical,Alzheimers disease,Neurology/Psychiatric,Acetylcholinesterase inhibitor| NMDA receptor agonist,Acetylcholinesterase| NMDA receptor,US,CORTELLIS,2026-05-08T16:03:11.994Z,2026-05-08T16:03:11.994Z
3a39556d-e2b2-4018-b87c-3acb3a65763c,ALZ-507,afd0e231-e840-3777-870b-155f8f65104a,,Phase 1 Clinical,,,Alzheon Inc,Small molecule,Phase 1 Clinical| Preclinical,"Age-related macular degeneration (AMD), unspecified| Alzheimers disease| Down syndrome| Inflammatory bowel disease| Other neurological indications",Neurology/Psychiatric,Amyloid beta A4 binding protein inhibitor,,US,EVALUATE,2026-05-08T16:03:08.833Z,2026-05-08T16:03:08.833Z
08f7e6db-1fa0-468f-a69b-c970cb4b6b6d,Autoimmune Diseases Research Project (PRONX),e1b3d5a7-90ff-4d0c-9384-14822be73173,,Preclinical,,,ProNoxis AB,Small molecule,Preclinical,Multiple sclerosis (MS) unspecified| Rheumatoid arthritis,Musculoskeletal,Unclassified,,Sweden,EVALUATE,2026-05-08T16:03:08.834Z,2026-05-08T16:03:08.834Z
a9fde38d-dbcc-41c6-b0ea-8597201c9fa4,SJP1801,dcbb3793-09a2-468b-9cc0-1e8feba47693,SJP-1801,Suspended,,,Samjin Pharmaceutical Co Ltd,Small molecule| Synthetic small molecule,Preclinical| Suspended,Alzheimers disease| Dementia| Parkinson's disease,Neurology/Psychiatric,JNK stimulant| Mitogen-activated protein kinase (MAPK) inhibitor,,South Korea,EVALUATE| PHARMAPROJECTS,2026-05-08T16:03:08.934Z,2026-05-08T16:03:08.934Z
6ebf3625-c8ce-4e5f-a643-7fb5b7cd51b0,NA-300,ca4e9b22-4356-41f8-a14a-096f8dc2058c,,Preclinical,,,Neuralina Therapeutics,Small molecule,Preclinical,Parkinson's disease| Tardive dyskinesia,Neurology/Psychiatric,Unclassified,,US,EVALUATE,2026-05-08T16:03:09.154Z,2026-05-08T16:03:09.154Z
32ec0c08-552d-4855-8e6e-cd59f62323f8,ADP052-ABC,5e0601df-fbc5-444d-a2f0-a9deb1e075e2,,Preclinical,,,Alector LLC,Small molecule,Preclinical,Alzheimers disease| Parkinson's disease,Neurology/Psychiatric,Unclassified,,US,EVALUATE,2026-05-08T16:03:09.415Z,2026-05-08T16:03:09.415Z
59d9b8e0-002e-40bf-8bfa-565d370cf6a2,maritupirdine hydrochloride,84831149-ed5a-43e4-829e-623c52e21f5e,AVN-101,Suspended,,,Alla Chem LLC| AllaChem| Avineuro Pharmaceuticals Inc,Capsule formulation| Film coating| Oral formulation| Small molecule| Synthetic small molecule| Tablet formulation,Phase 2 Clinical| Phase 3 Clinical| Suspended,"Alzheimers disease| Anxiety disorders| Anxiety, unspecified| Central nervous system disease| Depression| Generalised anxiety| Generalized anxiety disorder| Obesity| Other neurological indications| Schizophrenia",Neurology/Psychiatric,5 Hydroxytryptamine 6 receptor antagonist| 5-HT 2a receptor antagonist| 5-HT 2c receptor antagonist| 5-HT 6 receptor antagonist| 5-HT 7 receptor antagonist| 5-HT6 (serotonin) receptor antagonist| Alpha 2A adrenoceptor modulator| Alpha 2B adrenoceptor modulator| Alpha 2C adrenoceptor agonist,5-HT 2a receptor| 5-HT 2c receptor| 5-HT 6 receptor| 5-HT 7 receptor| Alpha 2A adrenoceptor| Alpha 2B adrenoceptor| Alpha 2C adrenoceptor,US,EVALUATE| CORTELLIS| PHARMAPROJECTS,2026-05-08T16:03:09.533Z,2026-05-08T16:03:09.533Z
e6e3d08b-746a-4c04-9b26-cbdd037b56a4,"BTK SH2 domain inhibitors, Recludix Pharma",504f9f36-f956-4256-ae18-7c997e1e55e5,,Preclinical,,,Recludix Pharma Inc,Small molecule| Synthetic small molecule,Preclinical,Multiple sclerosis| Rheumatoid arthritis| Urticaria,Dermatologic| Immune| Neurology/Psychiatric,Bruton tyrosine kinase inhibitor,,US,PHARMAPROJECTS,2026-05-08T16:03:11.494Z,2026-05-08T16:03:11.494Z
a3c9d6d6-2329-4a23-a450-ebdbc5fed7ad,LY-3439539,b5af593f-3c40-476d-80de-8b38fbf167cb,,Preclinical,,,Lilly Centre for Clinical Pharmacology Pte Ltd,Small molecule| Systemic formulation unspecified,Preclinical,Alzheimers disease,Neurology/Psychiatric,,,Singapore,CORTELLIS,2026-05-08T16:03:12.155Z,2026-05-08T16:03:12.155Z
69b00a54-001e-462b-9240-78b37c765201,OL-003,d0e8eacd-75bf-44a4-ab79-ded5f85db702,,Preclinical,,,Oleolive Inc,Small molecule,Preclinical,Alzheimers disease,Neurology/Psychiatric,Peroxisome proliferator-activated receptor delta (PPAR-delta) agonist| Peroxisome proliferator-activated receptor gamma (PPAR-gamma) agonist,,US,EVALUATE,2026-05-08T16:03:08.260Z,2026-05-08T16:03:08.260Z
19cf0980-be6c-422e-91e4-383df6881baa,NMT-002,2570e38e-90cb-4ba0-a5f7-43fa4b51450c,,Preclinical,,,NEUmiRNA Therapeutics ApS,Infusion| Intravenous formulation| Nucleic acid technology| Oligonucleotide antisense| RNA interference| Small molecule,Preclinical,Parkinson's disease| Parkinsons disease,Neurology/Psychiatric,Gene expression inhibitor| Unspecified gene modulator,Gene target,Denmark,CORTELLIS| PHARMAPROJECTS,2026-05-08T16:03:11.837Z,2026-05-08T16:03:11.837Z
c5691e9f-40e7-4edc-a551-e43dd4783aa1,AEX-19,ffb3ed7f-37ea-439a-a355-16d47ded60d4,,Preclinical,,,Aexon Labs Inc,Oral formulation| Small molecule,Preclinical,Parkinsons disease,Neurology/Psychiatric,Orexin 1 receptor agonist,Orexin 1 receptor,US,CORTELLIS,2026-05-08T16:03:12.153Z,2026-05-08T16:03:12.153Z
00581343-abcc-4a86-8f40-342d5d68a2ac,FSD-C10,8f482124-5315-4e52-8b36-7145417baf31,,Preclinical,,,Fudan University,Small molecule,Preclinical,Alzheimers disease| Autoimmune encephalomyelitis,Neurology/Psychiatric,Rho associated protein kinase inhibitor,Rho associated protein kinase,China,CORTELLIS,2026-05-08T16:03:12.276Z,2026-05-08T16:03:12.276Z
73f1d932-fc38-4002-9251-8fdcc19d2c45,AS-15,d2fa3e34-9cf0-4a2d-b2e4-35e7a35fe829,,Preclinical,,,Guru Nanak Dev University,Small molecule| Systemic formulation unspecified,Preclinical,Alzheimers disease,Neurology/Psychiatric,Acetylcholinesterase inhibitor| Amyloid protein deposition inhibitor,Acetylcholinesterase| Beta amyloid,India,CORTELLIS,2026-05-08T16:03:12.315Z,2026-05-08T16:03:12.315Z
13411787-ec55-4004-8a4e-ac8f66c5ba32,CNM-Au8,6c0af9a5-a2c0-4342-b650-edcdc2dcf3e5,,Suspended,,,Clene Inc| Clene Nanomedicine Inc,Nanoparticle formulation oral| Oral suspension formulation| Small molecule| Synthetic small molecule,Phase 2 Clinical| Phase 3 Clinical| Suspended,"Amyotrophic lateral sclerosis| Demyelinating disease| Multiple sclerosis| Multiple sclerosis, relapsing-remitting| Neuromyelitis optica| Neuropathy, ischaemic optic| Parkinson's disease| Parkinsons disease| Relapsing-Remitting MS (RRMS)| Rett syndrome",Immune| Neurology/Psychiatric| Rare Diseases| Sensory Organs,NAD-NADP acceptor NADH oxidoreductase modulator| Unidentified pharmacological activity| Unknown,NAD-NADP acceptor NADH oxidoreductase,US,EVALUATE| CORTELLIS| PHARMAPROJECTS,2026-05-08T16:03:08.716Z,2026-05-08T16:03:08.716Z
0fafc867-8d60-4fbd-b6ae-59d001e807f7,OC-514,e8cc345d-45d9-4393-a737-dcb993d85078,,Phase 1 Clinical,,,Oncocross Co Ltd,Drug combination| Gene therapy| Oral formulation| Small molecule,Phase 1 Clinical| Preclinical,"Amyotrophic lateral sclerosis| Becker muscular dystrophy| Cachexia| Cachexia (wasting), other| Sarcopenia",Musculoskeletal| Neurology/Psychiatric| Rare Diseases,Unidentified pharmacological activity| Unknown,,South Korea,EVALUATE| CORTELLIS| PHARMAPROJECTS,2026-05-08T16:03:11.496Z,2026-05-08T16:03:11.496Z
57d5882b-9c97-4b83-9bb2-1e41ff6d669c,LYS-241,a12c37b3-fd2a-4efa-a586-91f95a26d1c5,lys-241,Suspended,On Hold,Active,Institut National De La Sante Et De La Recherche Medicale| Institut National de la Santé et de la Recherche Médicale (INSERM)| Lys Medical SA,"Antibody therapy| Biological| Humanized monoclonal antibody| Immunoglobulin G isotype antibody| Infusion| Intravenous formulation| Monoclonal antibody| Monoclonal antibody, other| Small molecule| Subcutaneous formulation",Preclinical| Suspended,"Chronic inflammatory demyelinating polyneuropathy| Ischaemia, cerebral| Multiple sclerosis| Multiple sclerosis (MS) unspecified| Multiple system atrophy| Neurodegenerative disease| Neurological disease| Other neurological indications| Parkinson's disease| Stroke",Cardiovascular| Immune| Neurology/Psychiatric| Rare Diseases,N-methyl-D-aspartate (NMDA) receptor antagonist| NMDA receptor agonist| Unidentified pharmacological activity,BTK gene| EGFR gene| NMDA receptor,France,EVALUATE| CORTELLIS| PHARMAPROJECTS| CRM,2026-05-08T16:03:12.374Z,2026-05-08T16:03:12.374Z
95432f88-6fa6-4a4c-a4b3-8e5d653df583,orelabrutinib,2bf400e4-a071-4088-a3b1-0d6e582581d2,Hibruka,Suspended,,,Innocare Aps| Zenas BioPharma (US) LLC,Once daily formulation| Oral formulation| Small molecule| Tablet formulation,Launched| Phase 2 Clinical| Phase 3 Clinical| Preclinical| Suspended,"Autoimmune disease| B-cell lymphoma| Cancer, lymphoma, follicular| Diffuse large B-cell lymphoma| Follicle center lymphoma| General liver disorders| Immune thrombocytopenic purpura| Leukaemia, chronic myeloid (CML)| Lymphoplasmacytic lymphoma| Macroglobulinemia| Mantle cell lymphoma| Marginal zone lymphoma| Multiple sclerosis| Multiple sclerosis (MS) unspecified| Multiple sclerosis, progressive, primary| Multiple sclerosis, progressive, secondary| Multiple sclerosis, relapsing-remitting| Neuromyelitis optica| Non-Hodgkin lymphoma| Pemphigus| Primary-Progressive MS (PPMS)| Rheumatoid arthritis| Secondary-Progressive MS (SPMS)| Small lymphocytic lymphoma| Systemic lupus erythematosus| Thrombocytopaenic purpura, idiopathic (ITP)| Thrombocytopenia| Waldenstrom's hypergammaglobulinaemia| Waldenström's macroglobulinaemia",Cancer| Hematologic| Immune| Neurology/Psychiatric| Rare Diseases| Sensory Organs,BTK gene stimulator| Bruton tyrosine kinase inhibitor| Bruton’s tyrosine kinase (BTK) inhibitor,Btk tyrosine kinase,China| US,EVALUATE| CORTELLIS| PHARMAPROJECTS,2026-05-08T16:03:08.257Z,2026-05-08T16:03:08.257Z
989e14b4-a8ac-41ef-aa39-16d78e7a7d22,M106,fbb6d949-7741-4166-b879-cfec7f2d5b07,,Preclinical,,,Aclipse Two Inc,Small molecule,Preclinical,Amyotrophic lateral sclerosis,Neurology/Psychiatric,Unclassified,,US,EVALUATE,2026-05-08T16:03:08.776Z,2026-05-08T16:03:08.776Z
bb78ef12-5993-45a2-9167-62c13f9ef788,BIOIO-1001,30f7aded-2198-45f3-8b79-13465893f72c,,Suspended,,,Bioio,Gene therapy| Small molecule,Preclinical| Suspended,Amyotrophic lateral sclerosis| General cancer indications| Non-alcoholic steatohepatitis| Non-insulin dependent diabetes,Alimentary/Metabolic| Endocrine/Metabolic| Neurology/Psychiatric| Rare Diseases,NAD-dependent deacetylase sirtuin-3 inhibitor| Sirtuin 6 stimulant,,US,EVALUATE| PHARMAPROJECTS,2026-05-08T16:03:09.635Z,2026-05-08T16:03:09.635Z
288b4c56-677b-45c8-b6de-3b735c4bef4d,luminol monosodium,5e572528-08db-4ef7-a78e-d3c5860ab6fd,MP-1000| MP1032,Suspended,,,MetrioPharm AG,Capsule formulation| Oral formulation| Small molecule| Synthetic small molecule,Phase 1 Clinical| Phase 2 Clinical| Suspended,"Amyotrophic lateral sclerosis| Arthritis| Becker muscular dystrophy| Burns| COVID-19 treatment| Chronic obstructive airway disease| Coronavirus disease 19 infection| General bacterial indications| Infection, coronavirus, novel coronavirus| Infection, unspecified| Inflammatory bowel disease| Inflammatory disease| Juvenile idiopathic arthritis| Multiple sclerosis| Multiple sclerosis (MS) unspecified| Plaque psoriasis| Psoriasis| Respiratory distress syndrome| Rheumatoid arthritis| Sepsis| Tendinitis & Bursitis",Alimentary/Metabolic| Dermatologic| Hematologic| Immune| Infection| Inflammatory| Musculoskeletal| Neurology/Psychiatric| Rare Diseases| Respiratory,Catalase inhibitor| Immunostimulant| Immunosuppressant| Interleukin-1 ligand| Interleukin-6 ligand| Interleukin-8 ligand inhibitor| Macrophage stimulant| Oxygen scavenger| Reactive oxygen species (ROS) scavenger| Superoxide dismutase modulator| TNF agonist,Catalase| Interleukin-1 ligand| Interleukin-6 ligand| Interleukin-8 ligand| Superoxide dismutase| TNF gene,Switzerland,EVALUATE| CORTELLIS| PHARMAPROJECTS,2026-05-08T16:03:08.555Z,2026-05-08T16:03:08.555Z
10f9b217-8681-4430-a8f6-fee0545524b6,[18F]florbetazine,44ef7fa0-d1df-4ceb-bef8-b9604d3a9080,,Phase 1 Clinical,,,HTA Srl,Imaging agent| Intravenous formulation| Radiolabeling| Small molecule,Phase 1 Clinical,"AL amyloidosis| Alzheimers disease| Cognitive disorder| Dementia| Diagnosis, CNS",Endocrine/Metabolic| Neurology/Psychiatric,"Radioemitter, beta",,China,CORTELLIS| PHARMAPROJECTS,2026-05-08T16:03:12.215Z,2026-05-08T16:03:12.215Z
51528b7f-d3de-43e9-9fee-cab07c878c73,ONO-2020,343f858c-cf6d-4898-bfd0-6736d8f6e8ac,,Phase 2 Clinical,,,Ono Foods Co Ltd,Oral formulation| Small molecule| Synthetic small molecule| Tablet formulation,Phase 1 Clinical| Phase 2 Clinical,"Agitation| Agitation, Alzheimer's disease| Alzheimers disease| Dementia| Neurological disease| Other neurological indications",Neurology/Psychiatric,Inflammation mediator inhibitor| Unidentified pharmacological activity,,Japan,EVALUATE| CORTELLIS| PHARMAPROJECTS,2026-05-08T16:03:09.156Z,2026-05-08T16:03:09.156Z
269e19bb-017c-458f-9f46-abfa51607a79,CB03-154,c48fdc97-097a-44ee-b474-92193a86ebdc,,Suspended,,,ZhiMeng Biopharma,Once daily formulation| Small molecule| Synthetic small molecule| Tablet formulation,Phase 1 Clinical| Phase 2 Clinical| Phase 3 Clinical| Preclinical| Suspended,"Amyotrophic lateral sclerosis| Bipolar disorder| Cancer pain| Depression| Epilepsy| Epilepsy, partial (focal, local)| Ischaemia, cerebral| Major depressive disorder| Neuropathic pain| Pain, cancer-induced| Pain, nociceptive, general",Cardiovascular| Neurology/Psychiatric| Rare Diseases,KCNQ voltage-gated potassium channel-2 stimulator| KCNQ voltage-gated potassium channel-3 stimulator| Kv7.2 potassium channel regulator| Potassium channel activator| Potassium channel agonist,KCNQ voltage-gated potassium channel-2| KCNQ voltage-gated potassium channel-3,China,EVALUATE| CORTELLIS| PHARMAPROJECTS,2026-05-08T16:03:09.373Z,2026-05-08T16:03:09.373Z
aa921a3e-0673-47ce-a2df-244e1eaa9d56,4B12-05,bf3c4df2-e2b5-4463-9aa3-d79e32ae4b98,,Preclinical,,,4B Ventures LLC,Small molecule| Synthetic small molecule,Discovery| Preclinical,Alzheimers disease,Neurology/Psychiatric,Unidentified pharmacological activity| Unknown,,China,EVALUATE| PHARMAPROJECTS,2026-05-08T16:03:09.635Z,2026-05-08T16:03:09.635Z
0b4d5021-f22b-4134-927c-24721238841f,"donepezil (long acting sc injection, dementia), Inventage Lab/Chong Kun Dang",c3628167-82af-4323-a555-ae59ea167ab8,"donepezil, Inventage Lab",Phase 2 Clinical,,,Inventage Lab Inc,Microsphere formulation| Parenteral formulation| Small molecule| Subcutaneous formulation| Synthetic small molecule,Phase 2 Clinical| Preclinical,Alzheimers disease| Dementia,Neurology/Psychiatric,Acetylcholinesterase inhibitor,Acetylcholinesterase,South Korea,CORTELLIS| PHARMAPROJECTS,2026-05-08T16:03:11.496Z,2026-05-08T16:03:11.496Z
02bd4bef-3b4b-4e11-a592-f44b5dad18c7,ImmunoTox Research Program (AMGENTI),4d933892-c5b9-4b39-97e2-934c8484baf4,immunotox platform,Preclinical,On Hold,Active,American Gene Technologies,Gene-Modified Cell Therapy| Small molecule,Preclinical,Cancer| HIV infection| Immune disorder| Parkinson's disease| Peripheral neuropathy| Phenylketonuria| Solid tumour indications,Cancer,Gamma Delta T-Cell therapy,EGFR gene,US,EVALUATE| CRM,2026-05-08T16:03:12.375Z,2026-05-08T16:03:12.375Z
dd12eb9b-f537-4303-b8ea-865b9117b00f,Iloperidone,f1eb173d-e8ee-4bea-bdf0-ab538242411f,iloperidone,Launched,,,Knight Llc| Megapharm Ltd| PROBIOMED| Sanofi KK| Titan Co Ltd| Vanda Pharmaceuticals Inc,Small molecule,Launched| Phase 3 Clinical,Bipolar disorder| Depression| Hypertension| Parkinson's disease| Post traumatic stress disorder| Schizophrenia,Neurology/Psychiatric,5-HT2A (serotonin) receptor agonist| Dopamine receptor agonist,,Canada| France| Israel| Mexico| US,EVALUATE,2026-05-08T16:03:12.375Z,2026-05-08T16:03:12.375Z
1a35058b-bb12-48cf-b788-2166dab066cf,PRI-003,c0dd9e53-0cf7-412a-acb5-1ada1aba395e,,Suspended,,,Priavoid GmbH,Biological| Oral formulation| Peptide| Small molecule| Synthetic peptide,Preclinical| Suspended,Amyotrophic lateral sclerosis,Neurology/Psychiatric| Rare Diseases,Unclassified| Unidentified pharmacological activity,,Germany,EVALUATE| CORTELLIS| PHARMAPROJECTS,2026-05-08T16:03:08.476Z,2026-05-08T16:03:08.476Z
fe8f2063-79d8-40ff-9a18-a9600d6eb9ff,INV-25,b44aa8c7-e605-4826-83a6-011db316dac2,,Suspended,,,Innovimmune Biotherapeutics Inc,Dermatological formulation| Small molecule| Synthetic small molecule,Discovery| Preclinical| Suspended,Alzheimers disease| Atopic dermatitis| Cancer| Eczema/Dermatitis| General cancer indications| Metabolic disorder| Neurological disease| Other metabolic indications,Cancer| Dermatologic| Endocrine/Metabolic| Neurology/Psychiatric,Immuno-oncology therapy| Liver X receptor agonist| Liver X-receptor (LXR) agonist,Liver X receptor,US,EVALUATE| CORTELLIS| PHARMAPROJECTS,2026-05-08T16:03:08.716Z,2026-05-08T16:03:08.716Z
d9bf64c2-ca46-4312-8036-c7703c776243,ACI-24,4d69ed79-e270-46f8-9906-f53e6a0dbf64,,Phase 2 Clinical,,,AC Immune SA| Takeda GmbH,Biological| Liposome formulation| Peptide| Small molecule| Subcutaneous formulation| Vaccine,Phase 2 Clinical,Alzheimers disease| Down syndrome,Neurology/Psychiatric| Rare Diseases,Beta amyloid modulator,Beta amyloid,Japan| Switzerland,EVALUATE| CORTELLIS| PHARMAPROJECTS,2026-05-08T16:03:12.056Z,2026-05-08T16:03:12.056Z
086e891c-63a5-41d5-b622-a84a20f4aef7,SWT-001,b11b8705-b39c-4479-b4d2-bdaa9f3f3105,,Phase 1 Clinical,,,Slowave Inc,Small molecule,Phase 1 Clinical,Alzheimers disease| Other neurological indications,Neurology/Psychiatric,Unclassified,,UK,EVALUATE,2026-05-08T16:03:08.835Z,2026-05-08T16:03:08.835Z
cf7a8e14-cec0-47ea-9470-926cc0a30c52,pariceract,a152618c-b032-4ef8-aa2b-4427f5e94909,BIA 28-6156| LTI-291,Suspended,,,Bial Foundation| Lysosomal Disease Network| The National Human Genome Research Institute,Once daily formulation| Oral formulation| Small molecule| Synthetic small molecule,Phase 2 Clinical| Suspended,Gaucher disease| Lysosome storage disease| Movement disorder| Parkinson's disease| Parkinsons disease,Alimentary/Metabolic| Endocrine/Metabolic| Neurology/Psychiatric| Rare Diseases,Ceramidase inhibitor| Glucocerebrosidase (GCase) stimulant| Glucosylceramidase beta (GBA) stimulant| Glucosylceramidase modulator,Acid ceramidase| Glucosylceramidase,Portugal| US,EVALUATE| CORTELLIS| PHARMAPROJECTS,2026-05-08T16:03:09.155Z,2026-05-08T16:03:09.155Z
e5dfd923-dc81-4319-906f-00d6199f907b,AVN-322,64c4b014-7e7f-43da-bd2d-c76dfed334ac,,Suspended,,,Alla Chem LLC| AllaChem| Avineuro Pharmaceuticals Inc,Small molecule| Synthetic small molecule| Systemic formulation unspecified,Phase 1 Clinical| Phase 2 Clinical| Suspended,Alzheimers disease| Cognitive disorder| Other neurological indications,Neurology/Psychiatric,5 Hydroxytryptamine 6 receptor antagonist| 5-HT 6 receptor antagonist| 5-HT6 (serotonin) receptor antagonist,5-HT 6 receptor,US,EVALUATE| CORTELLIS| PHARMAPROJECTS,2026-05-08T16:03:09.415Z,2026-05-08T16:03:09.415Z
79ae0b9b-8907-432c-b15e-88eebf84eef5,"apomorphine (thin film, Parkinson's disease), Sunovion Pharmaceuticals",82fb8e55-85a2-49a6-8695-97db68b3a2d4,Kynmobi,Launched,,,Adagio Health| Aquestive Therapeutics Inc| Bial Foundation| Sumitomo Corp,Buccal formulation systemic| Oral formulation| Quick release formulation| Small molecule| Synthetic small molecule,Launched| Phase 3 Clinical,Parkinson's disease| Parkinsons disease,Neurology/Psychiatric,Dopamine D1 receptor agonist| Dopamine receptor agonist| Dopamine receptor potentiator,Dopamine D1 receptor| Dopamine D2 receptor,Japan| Portugal| US,EVALUATE| CORTELLIS| PHARMAPROJECTS,2026-05-08T16:03:08.316Z,2026-05-08T16:03:08.316Z
19f102a8-b5f6-458b-a2f6-83cb919a2308,Y-1,50e9d17b-441b-4509-a667-8e5930233425,"Y-1, Neurodawn Pharmaceutical",Phase 2 Clinical,,,NeuroDawn Pharmaceutical Co Ltd| Yantai YenePharma,Small molecule| Synthetic small molecule,Phase 1 Clinical| Phase 2 Clinical,Alzheimers disease| Brain tumor| Glioma,Cancer| Neurology/Psychiatric,Acetylcholinesterase (AChE) stimulant| Acetylcholinesterase inhibitor| Calcium channel antagonist| Tau kinase inhibitor| Transient receptor potential cation (TRPC) inhibitor| Voltage-gated calcium channel (VGCC) blocker,,China,EVALUATE| PHARMAPROJECTS,2026-05-08T16:03:08.477Z,2026-05-08T16:03:08.477Z
328171ca-533d-48e2-926e-0d8fe4794734,5-HT2C Research Project,fdc6dc08-6d1c-47fe-aad4-2d09c96eadc5,,Preclinical,,,Bright Minds Biosciences Inc,Small molecule,Preclinical,Alzheimers disease| Binge eating disorder| Epilepsy| Opiate dependence,Gastrointestinal,5-HT2C (serotonin) receptor agonist,,Canada,EVALUATE,2026-05-08T16:03:08.996Z,2026-05-08T16:03:08.996Z
f9637208-d063-423b-85ad-48b41fa212b4,Mutant LRRK2 Research Program,c9cd0dcf-ae25-46a0-86ea-7ef1f4967df4,,Preclinical,,,Innovative California Biosciences International,Small molecule,Preclinical,Parkinson's disease,Neurology/Psychiatric,Leucine-rich repeat serine/threonine-protein kinase 2 regulator,,US,EVALUATE,2026-05-08T16:03:09.034Z,2026-05-08T16:03:09.034Z
aebad9d4-b21a-4f90-85cf-5b000f6bb319,pegsebrenatide,f8c0fcb3-23ea-4573-8b9a-3405f45aac27,NLY01,Suspended,,,D&D Pharmatech| Johns Hopkins Medicine| Neuraly Inc| Pennsylvania Bio| Theraly Fibrosis Inc,Biological| Injectable controlled release formulation| Other reformulation| PEGylated formulation| Peptide| Small molecule| Subcutaneous formulation| Sustained release formulation| Synthetic peptide,Phase 2 Clinical| Preclinical| Suspended,Alzheimers disease| Dementia| Glaucoma| Multiple sclerosis| Multiple sclerosis (MS) unspecified| Non-insulin dependent diabetes| Parkinson's disease| Parkinsons disease,Alimentary/Metabolic| Endocrine/Metabolic| Immune| Neurology/Psychiatric| Ocular| Sensory Organs,Glucagon-like peptide 1 (GLP-1) receptor agonist| Glucagon-like peptide 1 gene stimulator| Incretin mimetic| Insulin secretagogue,Glucagon-like peptide 1 gene,South Korea| US,EVALUATE| CORTELLIS| PHARMAPROJECTS,2026-05-08T16:03:09.535Z,2026-05-08T16:03:09.535Z
8b95e25b-6510-4cf8-83df-f344dba0e2e2,"LRRK2 inhibitors, Schrödinger",2319ce9f-7b7e-4969-ba44-1483b205304d,,Preclinical,,,Schrödinger Llc,Synthetic small molecule,Preclinical,Parkinson's disease,Neurology/Psychiatric,Leucine rich repeat and Ig domain containing 1 antagonist,,US,PHARMAPROJECTS,2026-05-08T16:03:11.613Z,2026-05-08T16:03:11.613Z
1bf06f60-164a-44cc-bf43-1e9396ac51a6,IGC-LMP,ca5832e3-d247-40e2-9652-19230577954a,,Suspended,,,IgC Bio Inc,Small molecule| Synthetic small molecule| Systemic formulation unspecified,Preclinical| Suspended,"Agitation, Alzheimer's disease| Alzheimers disease",Neurology/Psychiatric,Beta amyloid modulator,Beta amyloid| Neuropeptide receptor,US,CORTELLIS| PHARMAPROJECTS,2026-05-08T16:03:12.315Z,2026-05-08T16:03:12.315Z
97ed86ed-71d7-4fcc-88fe-4f6c5c81954b,CB-101,1357ed8b-4910-4089-b659-25397f29254a,CB101,Suspended,,,CANTABio Pharmaceuticals Inc,Small molecule,Suspended,Parkinson's disease,Neurology/Psychiatric,Unidentified pharmacological activity,,US,CORTELLIS| PHARMAPROJECTS,2026-05-08T16:03:12.377Z,2026-05-08T16:03:12.377Z
4c3c3141-2549-45b0-8187-244f008ac55c,EM-221,5c3d29b9-cdad-46c5-9ba1-0515466fd958,,Phase 2 Clinical,,,EuMentis Therapeutics Inc| Mochida Pharmaceutical Co Ltd,Oral formulation| Small molecule| Synthetic small molecule,Phase 1 Clinical| Phase 2 Clinical,Alzheimers disease| Bipolar disorder| Depression| Neurological disease| Other neurological indications| Schizophrenia| Tourette syndrome,Neurology/Psychiatric,Dopamine receptor agonist| PDE 10 inhibitor| Phosphodiesterase 10A (PDE10A) inhibitor| Phosphodiesterase 10A inhibitor,Dopamine D2 receptor| PDE 10,Japan| US,EVALUATE| CORTELLIS| PHARMAPROJECTS,2026-05-08T16:03:11.894Z,2026-05-08T16:03:11.894Z
fd4796fc-e5de-459b-963d-12b8b6ecd4e6,"l-demethyl phencynonate hydrochloride (oral/tablet, Parkinsons disease), Lansson Pharm/Institute of Pharmacology and Toxicology",b98c365c-c219-448f-b999-5a55c472b2db,,Suspended,,,Institute of Pharmacology and Toxicology Academy of Military Medical Sciences PLA| Lansson Pharm Co Ltd,Oral formulation| Small molecule| Stereochemistry| Synthetic small molecule| Tablet formulation,Phase 2 Clinical| Suspended,Parkinson's disease| Parkinsons disease,Neurology/Psychiatric,Muscarinic M4 receptor agonist,Muscarinic M4 receptor,China,CORTELLIS| PHARMAPROJECTS,2026-05-08T16:03:12.056Z,2026-05-08T16:03:12.056Z
e1b1a26b-8da9-442c-9a62-c208315d0599,"nilvadipine derivative (Alzheimer's disease), Archer",dcef4b27-edd4-408e-94ff-a8b560923b04,ARC031,Suspended,,,Archer Research,Small molecule| Synthetic small molecule| Systemic formulation unspecified,Preclinical| Suspended,Alzheimers disease,Neurology/Psychiatric,Amyloid protein deposition inhibitor| Beta amyloid modulator| SYK gene inhibitor| Unclassified,Beta amyloid| Syk tyrosine kinase,US,EVALUATE| CORTELLIS| PHARMAPROJECTS,2026-05-08T16:03:08.374Z,2026-05-08T16:03:08.374Z
70d8d148-8d41-4889-a02d-c24732f7c3d4,Cognition Improvement Program,3d568d7c-4a72-4bdd-acee-1b7c9bf02340,,Preclinical,,,Ophidion Inc,Naked oligonucleotide| RNA interference| Small molecule,Preclinical,Alzheimers disease| Attention deficit disorder/hyperactivity (ADD/ADHD)| Cognitive disorder| Depression| Parkinson's disease| Schizophrenia| Undisclosed,Neurology/Psychiatric,Gene expression inhibitor| Nicotinic acetylcholine receptor (nAChR) agonist| Nicotinic acid receptor agonist,,US,EVALUATE| PHARMAPROJECTS,2026-05-08T16:03:08.776Z,2026-05-08T16:03:08.776Z
7932b88b-c84f-42b2-a035-13dc8d27685d,IMD-4482,eaa4d468-fdab-4195-acc2-5c67317d47ec,,Suspended,,,Immd Sp Zoo| Medicinal Genomics Corp,Small molecule| Synthetic small molecule,Preclinical| Suspended,"Alzheimers disease| Dementia, cerebrovascular| Fibrosis| Vascular dementia",Musculoskeletal| Neurology/Psychiatric,Plasminogen activator inhibitor-1 inhibitor| Plasminogen-activator inhibitor type 1 (PAI-1) inhibitor,,Japan,EVALUATE| PHARMAPROJECTS,2026-05-08T16:03:09.473Z,2026-05-08T16:03:09.473Z
0a01a853-3b8b-4324-b04b-a95459cf657c,MNA-001,9267aad3-b555-4c2a-98c4-6412c7c2066f,MTX-46943,Suspended,,,GSK plc| Katholieke Universiteit Leuven| Muna Therapeutics ApS,Oral formulation| Small molecule| Synthetic small molecule,Phase 1 Clinical| Suspended,Alzheimers disease| Neurodegenerative disease,Neurology/Psychiatric,TREM receptor 2 agonist| TREM-2 agonist,TREM receptor 2,Belgium| Denmark| UK,CORTELLIS| PHARMAPROJECTS,2026-05-08T16:03:09.635Z,2026-05-08T16:03:09.635Z
4f936b50-f52d-43f9-9850-55102de867f9,K-110,30a4cb06-dc59-408c-bbb1-aeb48bbc86b3,,Preclinical,,,Cadenza Bio Inc,Oral formulation| Small molecule| Synthetic small molecule,Preclinical,Multiple sclerosis| Spinal cord injury| Traumatic brain injury,Immune| Neurology/Psychiatric| Rare Diseases,Estrogen receptor agonist| Unidentified pharmacological activity,Estrogen receptor beta,US,CORTELLIS| PHARMAPROJECTS,2026-05-08T16:03:12.097Z,2026-05-08T16:03:12.097Z
ac7f573e-660f-4900-8c2a-a6370bc5d302,LXPA5948,71379281-0c74-4f41-a37c-2e047cbe3cf0,LXPA-5948,Preclinical,,,Launxp Biomedical Co Ltd,Small molecule| Synthetic small molecule,Preclinical,Alzheimers disease| Non-small-cell lung cancer,Cancer| Neurology/Psychiatric,Unidentified pharmacological activity| Unknown,,Taiwan,EVALUATE| PHARMAPROJECTS,2026-05-08T16:03:08.375Z,2026-05-08T16:03:08.375Z
7a2bff90-a2f0-4c01-9b0b-8542b90b4f3d,bexobrutideg,e40ed4ec-aecf-40f3-9997-f55df998bfd3,Bexobrutideg,Suspended,,,Nurix Therapeutics Inc| Undisclosed Partner Sales,Capsule formulation| Proteolysis targeting chimera agent| Small molecule| Tablet formulation,Phase 1 Clinical| Phase 2 Clinical| Preclinical| Suspended,"Autoimmune disease| B-cell lymphoma| Cancer, lymphoma, follicular| Cancer, lymphoma, primary CNS| Central nervous system tumor| Cold agglutinin disease| Diffuse large B-cell lymphoma| Follicle center lymphoma| General blood malignancies| General haematological indications| General inflammatory disorders| Graft versus host disease| Hidradenitis suppurativa| High grade B-cell lymphoma| Inflammatory disease| Lymphoplasmacytic lymphoma| Mantle cell lymphoma| Marginal zone lymphoma| Multiple sclerosis| Multiple sclerosis (MS) unspecified| Non-Hodgkin lymphoma| Other immune indications| Rheumatoid arthritis| Small lymphocytic lymphoma| Splenic marginal zone lymphoma| Waldenstrom's hypergammaglobulinaemia| Waldenström's macroglobulinaemia",Cancer| Dermatologic| Hematologic| Immune| Inflammatory| Musculoskeletal| Neurology/Psychiatric| Rare Diseases,BTK gene stimulator| Bruton tyrosine kinase inhibitor| Bruton’s tyrosine kinase (BTK) inhibitor| Cereblon E3 ubiquitin ligase stimulant| E3 ubiquitin ligase regulator| Protein degrader| Ubiquitin ligase inhibitor,Btk tyrosine kinase| Ubiquitin ligase,US,EVALUATE| CORTELLIS| PHARMAPROJECTS,2026-05-08T16:03:09.035Z,2026-05-08T16:03:09.035Z
4b288ea8-80b7-4485-9385-3bb0d2d11c93,[11C]PE-2I,c370fa6f-8356-41fa-8fe0-48c562400a1e,,Clinical,,,Uppsala BIO,Radiolabeling| Small molecule| Systemic formulation unspecified,Clinical,Parkinsonism,Neurology/Psychiatric,,,Sweden,CORTELLIS,2026-05-08T16:03:12.275Z,2026-05-08T16:03:12.275Z
a2a0ac6b-c79a-49ab-8b4a-734283cc2ac1,E-2086,47302e8d-108c-465c-b031-7884b48b8f34,,Suspended,,,Eisai Inc,Small molecule| Synthetic small molecule| Tablet formulation| Unidentified,Phase 1 Clinical| Suspended,Alzheimers disease| Narcolepsy,Neurology/Psychiatric| Rare Diseases,Orexin 2 receptor agonist,Orexin 2 receptor,Japan,EVALUATE| CORTELLIS| PHARMAPROJECTS,2026-05-08T16:03:11.615Z,2026-05-08T16:03:11.615Z
8dcfbb43-a57a-4eb7-81b7-37b7968f60ae,AVR-101,8f9f4bf8-2c95-4fcd-9ce5-8fcdc59c7620,,Preclinical,,,Avro Life Sciences Inc,Small molecule,Preclinical,Parkinson's disease,Neurology/Psychiatric,Unclassified,,Canada,EVALUATE,2026-05-08T16:03:08.556Z,2026-05-08T16:03:08.556Z
d6afa7ec-7954-4d43-b2da-8927bd0bb71c,ASHA-091,d90a029c-604a-47f7-af52-d729f792f79a,,Preclinical,,,Aspa Therapeutics Inc| Atom Inc| FirstAtom Therapeutics LLC,Small molecule| Synthetic small molecule| Systemic formulation unspecified,Preclinical,"Alzheimers disease| Amyotrophic lateral sclerosis| COVID-19 treatment| Chronic fatigue syndrome| Ischaemia, cerebral| Ischemic stroke| Parkinson's disease| Parkinsons disease| Post-COVID syndrome| Spinal cord injury| Stroke prophylaxis, general",Cardiovascular| Infection| Neurology/Psychiatric| Other/Miscellaneous| Rare Diseases,Dynamin like protein 1 inhibitor| Dynamin-related protein-1 (Drp-1) inhibitor,Dynamin like protein 1,US,EVALUATE| CORTELLIS| PHARMAPROJECTS,2026-05-08T16:03:09.254Z,2026-05-08T16:03:09.254Z
921a6c04-f9e0-4edd-b844-d474e1938a44,124I-zelavespib,f80a7a90-5457-4cc3-ae3f-50ad9ffcde2b,,Phase 1 Clinical,,,Memorial Sloan Kettering Cancer Center,Intravenous formulation| Radiolabeling| Small molecule,Phase 1 Clinical,Alzheimers disease| Cancer,Cancer| Neurology/Psychiatric,Hsp 90 modulator,Hsp 90,US,CORTELLIS,2026-05-08T16:03:12.274Z,2026-05-08T16:03:12.274Z
eab7fa6d-324f-43af-97ca-d85b79d677be,SRT-055,cd415a7d-0e8b-4b30-9588-75c96da968f9,,Suspended,,,Seal Rock Therapeutics Inc,Oral formulation| Small molecule| Synthetic small molecule,Preclinical| Suspended,Alzheimers disease| Amyotrophic lateral sclerosis| Huntington's disease| Parkinson's disease| Parkinsons disease,Neurology/Psychiatric| Rare Diseases,Apoptosis signal-regulating kinase 1 (ASK1) inhibitor| Leucine rich serine threonine kinase 2 inhibitor| Leucine-rich repeat kinase 2 inhibitor| Leucine-rich repeat serine/threonine-protein kinase 2 inhibitor| MEKK-5 protein kinase inhibitor| Mitogen-activated protein kinase kinase kinase 5 inhibitor,Leucine rich serine threonine kinase 2| MEKK-5 protein kinase,US,EVALUATE| CORTELLIS| PHARMAPROJECTS,2026-05-08T16:03:08.995Z,2026-05-08T16:03:08.995Z
4f4ab459-b4b9-46f4-8a79-9e41ed206822,SMB-001,1091e3e9-5b2f-4e7f-b06a-4fae5aa7afc2,,Suspended,,,Symbinas Pharmaceuticals,Parenteral formulation| Small molecule| Synthetic small molecule,Preclinical| Suspended,Alzheimers disease| Amyotrophic lateral sclerosis| COVID-19 complications| COVID-19 treatment| Cytokine release syndrome,Immune| Neurology/Psychiatric| Other/Miscellaneous| Rare Diseases,Nuclear factor kappaB (NF-kB) inhibitor| Unidentified pharmacological activity,,US,EVALUATE| PHARMAPROJECTS,2026-05-08T16:03:09.376Z,2026-05-08T16:03:09.376Z
6b59b01a-3d83-44a1-a1ca-7b9de740a342,"amyotrophic lateral sclerosis therapy, Miramoon Pharma",2e0ba652-adc0-4c0b-9261-298601d70d80,,Preclinical,,,Miramoon Pharma SL,Synthetic small molecule,Preclinical,Amyotrophic lateral sclerosis,Neurology/Psychiatric| Rare Diseases,Oxygen scavenger,,Spain,PHARMAPROJECTS,2026-05-08T16:03:11.557Z,2026-05-08T16:03:11.557Z
9e63f856-5506-4fb9-ba13-18c97e9c7454,"huperzine A (neonatal hypoxic-ischemic encephalopathy), Wanbangde Pharmaceutical",b1136715-fd61-48dd-aa94-50835c543751,"huperzine A, Wanbangde Pharmaceutical",Launched,,,Wanbangde Pharmaceutical Group Co Ltd| Wepon Pharmaceutical Group Co Ltd,Oral controlled release formulation| Other reformulation| Plant| Small molecule| Tablet formulation,Launched| Phase 1 Clinical| Phase 3 Clinical| Preclinical,Alzheimers disease| Amnesia| Brain hypoxia-ischemia| Dementia| Myasthenia gravis| Neonatal brain injury| Other neurological indications,Immune| Musculoskeletal| Neurology/Psychiatric| Rare Diseases,Acetylcholinesterase (AChE) stimulant| Acetylcholinesterase inhibitor,,China,EVALUATE| CORTELLIS| PHARMAPROJECTS,2026-05-08T16:03:11.715Z,2026-05-08T16:03:11.715Z
50ac9822-f81c-4ca3-b861-b442f9255801,JX-2105,6a6579b7-97a9-4d20-86c6-684469292968,JX2105,Suspended,,,Jingxin Biotechnology Co Ltd,Biological| Capsule formulation| Oral formulation| Small molecule| Synthetic small molecule| Unidentified,Phase 1 Clinical| Suspended,Parkinson's disease,Neurology/Psychiatric,Unidentified pharmacological activity| Unknown,,China,EVALUATE| CORTELLIS| PHARMAPROJECTS,2026-05-08T16:03:09.475Z,2026-05-08T16:03:09.475Z
a0a563ae-afc8-424e-9670-2004bddfc4ff,Alzheimer's Disease Research Project (ASNT),0f2e0718-6dfa-4214-89f5-a4d76d61026f,"Alzheimer's disease therapy, AstronauTx",Preclinical,,,AstronauTx Ltd,Small molecule| Synthetic small molecule,Discovery| Preclinical,Alzheimers disease,Neurology/Psychiatric,Unidentified pharmacological activity| Unknown,,UK,EVALUATE| PHARMAPROJECTS,2026-05-08T16:03:09.596Z,2026-05-08T16:03:09.596Z
98da0c3d-ea9e-4efe-9323-33f2aa0a8f54,EPGN-644,4d38d086-1534-4699-b34d-88f4f432c37f,,Preclinical,,,Epigen Biosciences Inc,Small molecule| Systemic formulation unspecified,Preclinical,Alzheimers disease| Amyotrophic lateral sclerosis| Fragile X syndrome,Neurology/Psychiatric| Ocular,Opioid receptor sigma modulator 1,Opioid receptor sigma 1,US,CORTELLIS,2026-05-08T16:03:12.274Z,2026-05-08T16:03:12.274Z
0e389654-7d36-492f-80e1-67f3ac317d3f,BY-102,72055f40-27e2-4cd3-ac5e-d0603a7627c4,,Preclinical,,,BoYen Therapeutics,Small molecule| Synthetic small molecule,Preclinical,Multiple sclerosis| Multiple sclerosis (MS) unspecified,Neurology/Psychiatric,Unidentified pharmacological activity| Unknown,,Taiwan,EVALUATE| PHARMAPROJECTS,2026-05-08T16:03:09.476Z,2026-05-08T16:03:09.476Z
59c5b662-0239-4d03-b5af-1dc1da40d25e,ION-859,7fda8a4c-9053-419b-a34b-184b8088e968,,Phase 2 Clinical,,,Biogen NV| Ionis Ireland Ltd,"Antisense therapy| DNA & RNA therapeutics| Intrathecal formulation| Nucleic acid, vector type| RNA antisense| Small molecule",Phase 2 Clinical,Parkinson's disease| Parkinsons disease,Neurology/Psychiatric,Gene expression inhibitor| LRRK2 gene modulator| Leucine-rich repeat kinase 2 inhibitor| Leucine-rich repeat serine/threonine-protein kinase 2 antisense| Leucine-rich repeat serine/threonine-protein kinase 2 inhibitor,LRRK2 gene,US,EVALUATE| CORTELLIS| PHARMAPROJECTS,2026-05-08T16:03:11.933Z,2026-05-08T16:03:11.933Z
31e8121f-aea6-4cf8-95f8-ee71da388989,Alzheimer's Disease Research Project,f73c9006-4474-4b87-8e98-15314f00f49c,,Preclinical,,,Cava Healthcare Inc| Life Biosciences| MYND Group| Shanghai SIMR Biotech Co Ltd,Small molecule,Preclinical,"Alzheimers disease| Dementia, cerebrovascular",Neurology/Psychiatric,Unclassified| Unknown,,Canada| China| US,EVALUATE,2026-05-08T16:03:08.315Z,2026-05-08T16:03:08.315Z
52e9ce5f-e8a6-457a-9393-a0673e3fb18a,ATX-304,804f4ffe-1ebf-417f-9ca3-f13a81f0cabb,,Phase 2 Clinical,,,Amplifier TX AB| Betagenon| Betagenon AB| Cambrian Genomics Inc,Oral formulation| Small molecule,Phase 1 Clinical| Phase 2 Clinical,Alcoholic fatty liver disease| Cancer| Cardiovascular disease| Chronic heart failure (CHF)| Diabetic nephropathy| Frailty syndrome| General cancer indications| General cardiovascular indications| Metabolic disorder| Microangiopathy| Multiple sclerosis (MS) unspecified| Non-alcoholic steatohepatitis| Non-insulin dependent diabetes| Obesity| Other metabolic indications| Other nephrological disorders| Peripheral vascular disease| Renal injury| Sarcopenia,Alimentary/Metabolic| Cancer| Cardiovascular| Endocrine/Metabolic| Genitourinary/Sexual Function| Hematologic| Musculoskeletal| Other/Miscellaneous,5' AMP-activated protein kinase (AMPK) regulator| 5' AMP-activated protein kinase (AMPK) stimulant| AMP activated protein kinase modulator| AMPK stimulant| AMPK-related protein kinase 5 (ARK5) inhibitor| NUAK family kinase 1 inhibitor| Proprotein convertase PC9 inhibitor| Subtilisin inhibitor,AMP activated protein kinase| Proprotein convertase PC9| Subtilisin,Sweden| US,EVALUATE| CORTELLIS| PHARMAPROJECTS,2026-05-08T16:03:09.377Z,2026-05-08T16:03:09.377Z
481aeb96-ecc4-45fb-86af-7ea91929471a,befiradol,897de528-d9d4-48f9-82e4-66b4b2f963b6,,Suspended,,,Neurolixis SAS| Pierre Fabre SA,Oral formulation| Radiolabeling| Small molecule| Synthetic small molecule| Tablet formulation,Phase 2 Clinical| Preclinical| Suspended,"Cancer pain| Depression| Diabetic neuropathy| Dyskinesia, levodopa-induced| Movement disorder| Neuropathic pain| Other neurological indications| Pain, chronic| Pain, nociceptive, general| Parkinson's disease| Parkinsons disease| Sleep disorder| Spinocerebellar ataxia",Neurology/Psychiatric| Rare Diseases,5 Hydroxytryptamine 1A receptor agonist| 5-HT 1a receptor agonist| 5-HT1A (serotonin) receptor agonist,5-HT 1a receptor,France| US,EVALUATE| CORTELLIS| PHARMAPROJECTS,2026-05-08T16:03:11.615Z,2026-05-08T16:03:11.615Z
b244c5df-2b34-441d-a940-16f10ac9ef27,StabiliC,0df95310-7375-47bb-9057-800ff560fea5,,Preclinical,,,NeuroSense AI Corp,Drug combination| Small molecule| Synthetic small molecule| Systemic formulation unspecified,Preclinical,Parkinson's disease| Parkinsons disease,Neurology/Psychiatric,Cyclo-oxygenase 2 (COX-2) inhibitor| Cyclooxygenase 2 modulator| Endoribonuclease DICER stimulator| Topoisomerase II-alpha inhibitor,Cyclooxygenase 2| Endoribonuclease DICER,Israel,EVALUATE| CORTELLIS| PHARMAPROJECTS,2026-05-08T16:03:11.673Z,2026-05-08T16:03:11.673Z
7854a560-824c-4fe3-b775-dafc9f185dfb,"rotigotine (thin-film transdermal patch, Parkinsons disease), Vektor Pharma/BioNxt Solutions",66cffd8a-5e43-407f-866b-9dfd563fce39,,Phase 1 Clinical,,,Vektor Pharma TF GmbH,Patch formulation| Small molecule| Transdermal formulation,Phase 1 Clinical,Parkinsons disease,Neurology/Psychiatric,Dopamine receptor agonist,Dopamine receptor,Germany,CORTELLIS,2026-05-08T16:03:11.895Z,2026-05-08T16:03:11.895Z
b216e446-eefd-4c5c-8a17-eb5484c88b96,STM-003,c9f93cf6-9f17-4b9a-8377-75d1f1aaf0bf,,Preclinical,,,Suntec Medical Inc,Monoclonal antibody,Preclinical,Alzheimers disease| Insulin dependent diabetes,Endocrine/Metabolic,Cell modulator,,US,EVALUATE,2026-05-08T16:03:12.376Z,2026-05-08T16:03:12.376Z
e6e754ea-4657-4485-b232-b5f3e0667ea5,CPL-500036,e4b4925f-98e2-4f59-b901-fb7f84a1ac27,,Suspended,,,Celon Pharma SP,Capsule formulation| Once daily formulation| Oral formulation| Small molecule| Synthetic small molecule,Phase 2 Clinical| Suspended,Huntington's disease| Movement disorder| Parkinson's disease| Schizophrenia| Undisclosed,Neurology/Psychiatric| Rare Diseases,PDE 10 inhibitor| Phosphodiesterase 10A (PDE10A) inhibitor| Phosphodiesterase 10A inhibitor,PDE 10,Poland,EVALUATE| CORTELLIS| PHARMAPROJECTS,2026-05-08T16:03:09.595Z,2026-05-08T16:03:09.595Z
a970ae4b-b333-4504-89e2-83fb350edde1,smilagenin,117b7c45-4283-4cf8-8607-94191c338dba,RT-1999,Suspended,,,Ixico Ltd| Raya Therapeutic Inc,Natural product| Oral solution formulation| Small molecule| Steroid| Synthetic small molecule,Phase 2 Clinical| Preclinical| Suspended,Alzheimers disease| Amyotrophic lateral sclerosis| Dementia| Glaucoma| Huntington's disease| Neurological disease| Parkinson's disease| Parkinsons disease,Neurology/Psychiatric| Ocular| Rare Diseases| Sensory Organs,Brain derived neurotrophic factor ligand| Glial cell neurotrophic factor ligand modulator| Muscarinic M1 receptor agonist| Muscarinic M1 receptor modulator| Neuronal growth factor receptor agonist| Unidentified pharmacological activity,Brain derived neurotrophic factor ligand| Glial cell neurotrophic factor ligand| Muscarinic M1 receptor| Neuronal growth factor receptor,Canada| UK,CORTELLIS| PHARMAPROJECTS,2026-05-08T16:03:11.674Z,2026-05-08T16:03:11.674Z
c179dbda-6bed-4f0f-8eb1-93b8c7e5f4a1,vamorolone,110d641a-6699-4ed4-9e47-5378ae307028,,Launched,,,Catalyst LLC| Genesis Pharma| Kye Systems Corp| ReveraGen BioPharma Inc| Santhera Pharmaceuticals AG| Sosei Inc| Sperogenix Therapeutics Ltd| Vaxxilon AG,Animal| Oral formulation| Oral liquid formulation| Oral suspension formulation| Small molecule| Steroid| Synthetic small molecule,Launched| Phase 2 Clinical| Preclinical,ANCA associated vasculitis| Arthritis| Asthma| Becker muscular dystrophy| Brain tumor| Crohns disease| Cystic fibrosis| Dermatomyositis| Inflammatory bowel disease| Inflammatory disease| Limb girdle muscular dystrophy| Multiple sclerosis| Multiple sclerosis (MS) unspecified| Myocardial disease| Myopathy| Polymyositis & dermatomyositis| Rheumatoid arthritis| Sickle cell anemia| Ulcerative colitis| Undisclosed| Vasculitis,Alimentary/Metabolic| Cancer| Cardiovascular| Gastrointestinal| Hematologic| Immune| Inflammatory| Musculoskeletal| Neurology/Psychiatric| Rare Diseases| Respiratory,Glucocorticoid receptor agonist| Mineralocorticoid receptor agonist| Nuclear factor kappa B modulator| Nuclear receptor (NR) agonist,Glucocorticoid receptor| Mineralocorticoid receptor| Nuclear factor kappa B,Canada| China| Greece| Japan| Switzerland| US,EVALUATE| CORTELLIS| PHARMAPROJECTS,2026-05-08T16:03:11.775Z,2026-05-08T16:03:11.775Z
e7ea6db4-4d44-472d-b976-a50bb624d6b9,"nicotinamide riboside chloride (ataxia telangiectasia), Niagen Bioscience",00cbd306-1708-49a5-8432-eb40f87eb99a,Niagen,Phase 3 Clinical,,,Haukeland University Hospital| Mississippi college| Niagen Bioscience Inc,Capsule formulation| Small molecule,Phase 1 Clinical| Phase 2 Clinical| Phase 3 Clinical| Preclinical,Abdominal aortic aneurysm| Alzheimers disease| Ataxia telangiectasia| Breast tumor| Chemotherapy-induced side effects| Chronic fatigue syndrome| General inflammatory disorders| Other metabolic indications| Other neurological indications| Ovarian cancer| Parkinson's disease| Parkinsons disease| Peripheral vascular disease| Werner syndrome,Cancer| Neurology/Psychiatric| Other/Miscellaneous,Nicotinamide adenine dinucleotide (NAD) metabolism stimulant,,Norway| US,EVALUATE| CORTELLIS,2026-05-08T16:03:08.316Z,2026-05-08T16:03:08.316Z
8b11cc85-88dc-459b-9f7f-2d7fa14b1245,Alzheimer's Disease Research Project,b6f23fec-67da-4464-9c81-62ecaafd6b0f,"Alzheimer's disease therapy, Shanghai SIMR Biotech",Preclinical,,,Shanghai SIMR Biotech Co Ltd,Synthetic small molecule,Preclinical,Alzheimers disease,Neurology/Psychiatric,Unidentified pharmacological activity,,China,EVALUATE| PHARMAPROJECTS,2026-05-08T16:03:11.674Z,2026-05-08T16:03:11.674Z
1a16d6ab-6efd-414b-bf72-90c43d500399,phenogene-1,a12a41b6-ec5e-429a-977b-9e5140d06020,,Phase 3 Clinical,,,PhenoNet Inc,Drug combination| Small molecule| Systemic formulation unspecified,Phase 3 Clinical,Alzheimers disease| Amyotrophic lateral sclerosis| Neurodegenerative disease,Neurology/Psychiatric,Amyloid protein deposition inhibitor,Beta amyloid,US,CORTELLIS,2026-05-08T16:03:12.153Z,2026-05-08T16:03:12.153Z
62bf15bd-c549-4746-8230-31185bc57f37,DDN-A-0102,55dbc7d2-9eb8-4abe-be4f-d9d50c34dd6e,,Preclinical,,,Dadang & BIO,Small molecule,Preclinical,Parkinson's disease,Neurology/Psychiatric,Unclassified,,South Korea,EVALUATE,2026-05-08T16:03:08.653Z,2026-05-08T16:03:08.653Z
f9888d91-bea6-4214-a7a3-99c58f1e7fa7,MK-1167,56e1f553-9688-4013-9307-ba38d0515f2b,,Phase 2 Clinical,,,Merck & Co Inc| Neuphoria Pty Ltd| Schering-Plough KK,Capsule formulation| Once daily formulation| Small molecule,Phase 2 Clinical| Preclinical,Alzheimers disease| Attention deficit disorder/hyperactivity (ADD/ADHD)| Attention deficit hyperactivity disorder| Dementia| Schizophrenia,Neurology/Psychiatric,Nicotinic ACh receptor alpha 7 subunit modulator| Nicotinic acetylcholine receptor (nAChR) alpha-7 allosteric modulator| Unidentified pharmacological activity,Nicotinic ACh receptor alpha 7 subunit,Japan| US,EVALUATE| CORTELLIS| PHARMAPROJECTS,2026-05-08T16:03:08.934Z,2026-05-08T16:03:08.934Z
2f44ac8e-6931-42d2-801f-260dd7c3ae93,Path-001,5842c07d-f910-44f6-8b05-79ff29fa4541,,Phase 1 Clinical,,,PATH,Small molecule,Phase 1 Clinical,Alzheimers disease,Neurology/Psychiatric,Unidentified pharmacological activity| Unknown,,US,EVALUATE| PHARMAPROJECTS,2026-05-08T16:03:09.474Z,2026-05-08T16:03:09.474Z
b4913449-a36e-4294-912d-ea862439cf90,"AP-2, Molefy Pharma",7391b39c-7ebe-4e47-9dab-ad4d65e50c79,,Preclinical,,,Molefy Pharma SL,Small molecule,Preclinical,Amyotrophic lateral sclerosis,Neurology/Psychiatric| Rare Diseases,Unidentified pharmacological activity,,Spain,PHARMAPROJECTS,2026-05-08T16:03:11.677Z,2026-05-08T16:03:11.677Z
93424b28-8e7a-4221-9c04-7b8fd792ee57,Inflammatory Disease Research Project,a1cbbfab-3876-416e-858b-443c56f6b25b,,Preclinical,,,Pan-Biome Pharmaceuticals Inc,Small molecule,Preclinical,Asthma| Colorectal tumor| Depression| General cardiovascular indications| General liver disorders| Multiple sclerosis (MS) unspecified| Non-insulin dependent diabetes| Obesity| Other neurological indications| Parkinson's disease| Rheumatoid arthritis| Ulcerative colitis,Gastrointestinal,G protein-coupled receptor (GPCR) agonist| Interleukin-10 (IL-10) antibody| Interleukin-17 (IL-17) antibody| Interleukin-22 (IL-22) agonist,,Canada,EVALUATE,2026-05-08T16:03:09.256Z,2026-05-08T16:03:09.256Z
da0fa1f3-7a0e-4d58-931a-694507c81cbf,privosegtor,6af50edf-5c1f-46b3-8d42-c6b708923ee2,"ACT-01, Accure Therapeutics| BN201| Privosegtor",Suspended,,,Accure Health Inc| Bionure Inc| Oculis US Inc,Infusion| Intravenous formulation| Once daily formulation| Ophthalmic formulation| Ophthalmic liquid formulation| Oral formulation| Peptidomimetic| Small molecule| Synthetic small molecule,Phase 1 Clinical| Phase 2 Clinical| Phase 3 Clinical| Preclinical| Suspended,"Alzheimers disease| Amyotrophic lateral sclerosis| Diabetic retinopathy| Dry age related macular degeneration| Dry age-related macular degeneration (AMD)| General eye disorders| Glaucoma| Multiple sclerosis| Neuromyelitis optica| Neuropathic pain| Neuropathy, ischaemic optic| Neurotrophic keratitis| Non-arteritic anterior ischemic optic neuropathy| Optic neuritis| Parkinson's disease| Ulcers, corneal",Immune| Neurology/Psychiatric| Ocular| Other/Miscellaneous| Rare Diseases| Sensory Organs,FOXO3 transcription factor modulator| FOXO3 transcription factor stimulator| Glycogen synthase kinase-3 beta stimulator| N-myc downstream regulated protein 1 stimulator| Neurotrophic factor (NGF) stimulant| Protein kinase modulator| SGK-2 protein kinase modulator| SGK-2 protein kinase stimulator| Serine/threonine kinase stimulant| Serum & glucocorticoid-induced protein kinase (SGK) regulator| Serum & glucocorticoid-induced protein kinase 1 (SGK1) stimulant| TrkA receptor agonist| TrkB receptor agonist| p75 neurotrophin receptor (p75NTR) agonist,FOXO3 transcription factor| Glycogen synthase kinase-3 beta| N-myc downstream regulated protein 1| SGK-2 protein kinase| TrkA receptor| TrkB receptor,Spain| Switzerland| US,EVALUATE| CORTELLIS| PHARMAPROJECTS,2026-05-08T16:03:08.316Z,2026-05-08T16:03:08.316Z
0ccfca6f-59ed-4d4b-8600-00a396488b56,Alzheimer Disease Research Program,1b35b364-579a-4d65-9c45-65acc7f46555,"Alzheimer's disease therapy, Origami Therapeutics",Preclinical,,,Origami Software LLC,Synthetic small molecule,Preclinical,Alzheimers disease,Neurology/Psychiatric,Unidentified pharmacological activity,,US,EVALUATE| PHARMAPROJECTS,2026-05-08T16:03:09.795Z,2026-05-08T16:03:09.795Z
330a0536-8c50-4056-b9c3-1e42d5da7314,GAL-201,8d0a89f1-2891-45b6-a1c3-52d315d94385,,Suspended,,,Galimedix Therapeutics Inc| Merz Inc,Small molecule| Synthetic small molecule,Preclinical| Suspended,"Alzheimers disease| General eye disorders| Neurological disease| Ocular disorder, unspecified| Retinopathy",Neurology/Psychiatric| Ocular| Sensory Organs,Amyloid protein deposition inhibitor| Beta amyloid modulator,Beta amyloid,Germany| US,EVALUATE| CORTELLIS| PHARMAPROJECTS,2026-05-08T16:03:09.536Z,2026-05-08T16:03:09.536Z
00ba78e6-af24-48a2-8250-b16927dc0813,BEY4101A,b871f541-e765-427e-aef8-50216476ed68,,Suspended,,,Beyondbio Inc,Small molecule| Synthetic small molecule,Preclinical| Suspended,Alzheimers disease,Neurology/Psychiatric,Beta amyloid modulator| Tau aggregation inhibitor| Unidentified pharmacological activity,,South Korea,EVALUATE| PHARMAPROJECTS,2026-05-08T16:03:08.656Z,2026-05-08T16:03:08.656Z
af297578-b039-4e71-98f6-3aa05da01cf4,MTS-004,bf890d41-186a-44fe-ba62-e2c31b042744,,Phase 3 Clinical,,,Metis Srl,Disintegrating| Oral formulation| Orally disintegrating tablet| Small molecule| Synthetic small molecule,Phase 3 Clinical,Amyotrophic lateral sclerosis| Dysphagia| Emotional lability| Generalised anxiety| Multiple sclerosis| Neurological disease| Parkinsons disease| Pseudobulbar affect| Stroke| Traumatic brain injury| Undisclosed,Alimentary/Metabolic| Gastrointestinal| Immune| Neurology/Psychiatric,Unidentified pharmacological activity| Unknown,,China| US,EVALUATE| CORTELLIS| PHARMAPROJECTS,2026-05-08T16:03:12.314Z,2026-05-08T16:03:12.314Z
f0297f6d-a443-41ec-8afc-06b7807d242a,"crizotinib (amyotrophic lateral sclerosis), Yichang Central People's Hospital",098adefc-204e-4647-b34c-53824be9a95e,,Preclinical,,,Yichang Central People's Hospital,Small molecule| Systemic formulation unspecified,Preclinical,Amyotrophic lateral sclerosis,Neurology/Psychiatric,,,China,CORTELLIS,2026-05-08T16:03:12.316Z,2026-05-08T16:03:12.316Z
a29c7ba8-9ef7-4ff2-92e5-62d664865b45,P-Tau Research Program,5d63dbb3-ca5f-425d-a128-8e80c57cc1cd,,Preclinical,,,Innovative California Biosciences International,Small molecule,Preclinical,Alzheimers disease,Neurology/Psychiatric,Tau kinase inhibitor,,US,EVALUATE,2026-05-08T16:03:08.477Z,2026-05-08T16:03:08.477Z
eef9564a-74be-4764-bc61-d2a9057e93ba,FB-418,d15c35f5-fc4d-4552-a0a6-7c27120ed48e,FB418,Phase 1 Clinical,,,1st Holdings Inc,Oral formulation| Small molecule| Synthetic small molecule,Phase 1 Clinical,Amyotrophic lateral sclerosis| Parkinson's disease| Parkinsons disease,Neurology/Psychiatric| Rare Diseases,ABL gene inhibitor| Bcr-Abl inhibitor| Bcr/Abl fusion protein inhibitor| Leucine rich serine threonine kinase 2 inhibitor| Leucine-rich repeat kinase 2 inhibitor| Leucine-rich repeat serine/threonine-protein kinase 2 inhibitor| Tyrosine kinase (TYK) inhibitor| Tyrosine protein kinase ABL1 inhibitor,Leucine rich serine threonine kinase 2| Tyrosine protein kinase ABL1,South Korea,EVALUATE| CORTELLIS| PHARMAPROJECTS,2026-05-08T16:03:09.475Z,2026-05-08T16:03:09.475Z
72f10180-db6f-464d-a77a-7b1d70c5d0d7,STM-005,38b1a843-baec-4562-ac5d-00acfcef1c9d,,Suspended,,,Suntec Medical Inc,Small molecule| Synthetic small molecule,Preclinical| Suspended,"Alzheimers disease| Brain tumor| Cancer, neuroendocrine, unspecified| Cancer, renal| Glioma",Cancer| Neurology/Psychiatric| Rare Diseases,Unidentified pharmacological activity| Unknown,,US,EVALUATE| CORTELLIS| PHARMAPROJECTS,2026-05-08T16:03:09.696Z,2026-05-08T16:03:09.696Z
070ab334-ba1e-4096-9cb7-0d08c254ae50,"CV-02, Cureverse",b52566e4-1e25-4cf3-b12d-aa960f578ee4,,Preclinical,,,Cureverse Co Ltd,Small molecule| Systemic formulation unspecified,Preclinical,Central nervous system disease| Multiple sclerosis,Neurology/Psychiatric,Sphingosine 1-phosphate 1 receptor agonist| Sphingosine-1-phosphate receptor-1 agonist,Sphingosine-1-phosphate receptor-1,South Korea,CORTELLIS| PHARMAPROJECTS,2026-05-08T16:03:11.613Z,2026-05-08T16:03:11.613Z
0f376fd6-71ce-4cc4-bab4-721a982fec6c,pitolisant,8f221939-ac9e-401c-8ce7-f8fdc594a348,,Launched,,,Acino Pharma AG| Beacon Biosignals Inc| BioProjet SA| China Resources Pharmaceutical Group| Keenova Therapeutics plc| New Harmony| Teijin Ltd| Viatris Inc,Capsule formulation| Film coating| Once daily formulation| Oral formulation| Oral sustained release formulation| Small molecule| Synthetic small molecule| Tablet formulation,Launched| Phase 1 Clinical| Phase 2 Clinical| Phase 3 Clinical| Preclinical,"Alcoholism| Apnea| Autism| Cataplexy| Dystrophy, myotonic muscular| Epilepsy| Hypersomnia| Hypersomnia, idiopathic| Myotonic dystrophy| Narcolepsy| Obstructive sleep apnea| Parkinson's disease| Prader-Willi syndrome| Schizophrenia| Sleep disorder| Sleep disorder, Parkinson's disease",Alimentary/Metabolic| Endocrine/Metabolic| Musculoskeletal| Neurology/Psychiatric| Rare Diseases| Respiratory| Toxicity/Intoxication,Histamine H3 receptor agonist| Histamine H3 receptor inverse agonist| Unidentified pharmacological activity| Unknown,Histamine H3 receptor,France| Hong Kong| Ireland| Japan| Switzerland| US,EVALUATE| CORTELLIS| PHARMAPROJECTS,2026-05-08T16:03:11.774Z,2026-05-08T16:03:11.774Z
4d806acc-2dc3-4fd2-8a95-ecba2a6541cb,BIIB-113,8f085572-79b4-422d-b718-9e6f361b0721,,Suspended,,,Biogen NV,Oral formulation| Small molecule| Synthetic small molecule,Phase 1 Clinical| Suspended,Alzheimers disease,Neurology/Psychiatric,Bifunctional protein NCOAT inhibitor| O-linked-β-N-acetylglucosamine (O-GlcNAcase) inhibitor,Bifunctional protein NCOAT,US,EVALUATE| CORTELLIS| PHARMAPROJECTS,2026-05-08T16:03:12.374Z,2026-05-08T16:03:12.374Z
74b47d46-c669-4d1d-b8da-00a7d3bb6b0d,T-NRX-01,29188b76-4987-4665-998b-dfba07672830,,Preclinical,,,Neurxstem,Small molecule,Preclinical,Alzheimers disease,Neurology/Psychiatric,Unclassified,,US,EVALUATE,2026-05-08T16:03:09.215Z,2026-05-08T16:03:09.215Z
c3f04f05-0039-4c12-9ffb-f1ad68801d0d,BBT-401,a196700d-0f0e-4a03-b722-57d6426858fa,,Suspended,,,Bridge Biotherapeutics| Korea Research Institute of Chemical Technology,Biological| Capsule formulation| Oral formulation| Peptide| Small molecule| Synthetic small molecule,Phase 2 Clinical| Suspended,"Macular degeneration, age-related, unspecified| Multiple sclerosis| Ulcerative colitis",Alimentary/Metabolic| Gastrointestinal| Immune| Neurology/Psychiatric| Ocular| Sensory Organs,Pellino homolog 1 inhibitor| Pellino-1 inhibitor,Pellino homolog 1,South Korea,EVALUATE| CORTELLIS| PHARMAPROJECTS,2026-05-08T16:03:09.695Z,2026-05-08T16:03:09.695Z
372e693d-f82f-4f44-9d25-e341498e4162,VT01,09164d49-76ae-404d-a394-9f50f327d06d,,Preclinical,,,D&D Pharmatech,Small molecule,Preclinical,Parkinson's disease,Neurology/Psychiatric,Unclassified,,South Korea,EVALUATE,2026-05-08T16:03:08.260Z,2026-05-08T16:03:08.260Z
a179cd01-8d30-4bff-814c-da2d17834a6c,ETI-059,142db9b9-3351-4d5e-b010-de86f783ba63,,Suspended,,,Epitracker,Small molecule| Synthetic small molecule,Preclinical| Suspended,"Alzheimers disease| Cachexia (wasting), other| Idiopathic pulmonary fibrosis| Multiple sclerosis| Multiple sclerosis (MS) unspecified| Non-alcoholic steatohepatitis",Neurology/Psychiatric| Rare Diseases| Respiratory,Cannabinoid (CB) receptor type 1 (CB1) agonist| Cannabinoid receptor agonist| Collagen type 1 inhibitor| Farsenoid X receptor (FXR) agonist| Fibroblast proliferation inhibitor| Peroxisome proliferator-activated receptor alpha (PPAR-alpha) agonist| Peroxisome proliferator-activated receptor gamma (PPAR-gamma) agonist| Plasminogen-activator inhibitor type 1 (PAI-1) inhibitor,,US,EVALUATE| PHARMAPROJECTS,2026-05-08T16:03:08.994Z,2026-05-08T16:03:08.994Z
a7a90117-e00d-4b03-95fc-2cbeed5387b3,Cerevance-Merck Alzheimer Research Project,6099cae1-ff11-4c30-9912-7021c1053d34,,Preclinical,,,Cerevance Ltd| Merck & Co Inc,Small molecule,Preclinical,Alzheimers disease,Neurology/Psychiatric,Unclassified,,US,EVALUATE,2026-05-08T16:03:09.255Z,2026-05-08T16:03:09.255Z
41224921-c424-49f5-bfa5-5f7d508094df,"proteasome activator therapy, Booster Therapeutics",aca97a52-2034-4f77-8392-cb3b379b410e,,Preclinical,,,Booster Therapeutics GmbH,Small molecule| Synthetic small molecule,Preclinical,Alzheimers disease| Parkinson's disease,Neurology/Psychiatric,Unidentified pharmacological activity,,Germany,PHARMAPROJECTS,2026-05-08T16:03:09.635Z,2026-05-08T16:03:09.635Z
f0ef07c6-eb50-47b0-8996-9c49e27babfb,JOT-102,b76e23f1-f598-49be-b48b-ce1374b40125,"JOT108| JOTROL| resveratrol (Friedreich's ataxia), Murdoch Childrens Research Institute/Jupiter Orphan Therapeutics| resveratrol, Jupiter Neurosciences-4| resveratrol, Jupiter Neurosciences-6",Suspended,,,Jupiter Neurosciences Inc| Murdoch University,CNS formulation| Capsule formulation| Formulation| Formulation other| Micellar formulation oral| Oral gel formulation| Other reformulation| Reformulation| Small molecule| Suspension| Synthetic small molecule| Systemic formulation unspecified,Phase 1 Clinical| Phase 2 Clinical| Preclinical| Suspended,"Aging| Alzheimers disease| Amyotrophic lateral sclerosis| Cognitive disorder| Friedreich ataxia| Hurler syndrome| Hurler's syndrome (Mucopolysaccharidosis I or MPS I)| Lactic acidosis| Lysosome storage disease| MELAS syndrome| Mitochondrial encephalomyopathy| Mitochondrial encephalomyopathy, lactic acidosis, stroke-like| Obesity| Parkinson's disease| Parkinsons disease| Traumatic brain injury",Alimentary/Metabolic| Endocrine/Metabolic| Infection| Musculoskeletal| Neurology/Psychiatric| Other/Miscellaneous| Rare Diseases| Unknown,Angiogenesis inhibitor| Apoptosis stimulant| Dopa decarboxylase modulator| Dopamine receptor agonist| Dopamine receptor potentiator| NACHT LRR PYD domain protein 3 inhibitor| NAD-dependent deacetylase sirtuin inhibitor| NAD-dependent deacetylase sirtuin-1 modulator| Reducing agent| Sirtuin 6 stimulant| Unclassified,NACHT LRR PYD domain protein 3| NAD-dependent deacetylase sirtuin-1,Australia| US,EVALUATE| CORTELLIS| PHARMAPROJECTS,2026-05-08T16:03:08.594Z,2026-05-08T16:03:08.594Z
6d6e56e9-fb7b-4738-95f7-9d31225e5849,MRO-002,cdd3486f-4662-4134-a36f-7415126b5a18,CNS Research Project 2,Preclinical,,,Myrobalan Therapeutics Inc,CNS formulation| Oral formulation| Small molecule| Synthetic small molecule,Preclinical,"Alzheimers disease| Amyotrophic lateral sclerosis| Demyelinating disease| Ischaemia, cerebral| Multiple sclerosis| Multiple sclerosis (MS) unspecified| Neuromyelitis optica| Parkinson's disease| Parkinsons disease| Stroke| Stroke prophylaxis, general",Cardiovascular| Immune| Neurology/Psychiatric| Rare Diseases| Sensory Organs,G protein coupled receptor 17 antagonist| G protein-coupled receptor 17 (GPR17) antagonist,G protein coupled receptor 17,US,EVALUATE| CORTELLIS| PHARMAPROJECTS,2026-05-08T16:03:08.655Z,2026-05-08T16:03:08.655Z
c792d79f-83bf-4e5f-a202-dc82f77c254b,SBL#571,4b113182-3eea-43f8-b573-e876ef76bbb4,,Preclinical,,,SeaBeLife SAS,Small molecule,Preclinical,Alzheimers disease| Amyotrophic lateral sclerosis| Gaucher disease| Huntington's disease| Niemann Pick disease| Parkinson's disease,Neurology/Psychiatric,Ferroptosis inhibitor| Programmed cell death ligand 1,,France,EVALUATE,2026-05-08T16:03:08.714Z,2026-05-08T16:03:08.714Z
85780cb3-44a9-44b7-be7e-9f67c7ff334d,ARG-0067,88866953-e699-4d48-94da-72344a298ac3,,Preclinical,,,Argo Co Ltd,Small molecule,Preclinical,Parkinson's disease,Neurology/Psychiatric,Nuclear receptor related 1 protein (NURR1) agonist,,Switzerland,EVALUATE,2026-05-08T16:03:09.534Z,2026-05-08T16:03:09.534Z
758a4e37-09bd-44cb-80db-420310d0c361,SPN-845,44bbdc32-f2b2-492f-bf27-8d9ee0175bcb,,Preclinical,,,Supernus Pharmaceuticals Inc,Small molecule,Preclinical,Parkinson's disease,Neurology/Psychiatric,Unclassified,,US,EVALUATE,2026-05-08T16:03:08.873Z,2026-05-08T16:03:08.873Z
7e373285-d089-431a-b42a-a8b1887b2a0d,Alzheimer’s Disease Program (VCUT),f8ecf0ec-4691-43ea-af45-e8495c460108,,Preclinical,,,Virginia Commonwealth University,Small molecule,Preclinical,Alzheimers disease,Neurology/Psychiatric,Unclassified,,US,EVALUATE,2026-05-08T16:03:09.316Z,2026-05-08T16:03:09.316Z
c602768c-9f87-48a2-8d44-d5d67c68ac09,Thiethylperazine dimaleate,8f2fdd68-ec06-44d7-9186-344916247ab1,thiethylperazine dimaleate,Phase 1 Clinical,,,Caladrix,Small molecule,Phase 1 Clinical| Preclinical,Alzheimers disease| Frontotemporal dementia,Neurology/Psychiatric| Rare Diseases,ABC transporter stimulant| Unknown,,Australia,EVALUATE| PHARMAPROJECTS,2026-05-08T16:03:09.476Z,2026-05-08T16:03:09.476Z
70bf46be-213a-4999-8262-1e3e53f7588b,Parkinson's disease therapeutics,7879ec97-b76d-4363-80f1-92b334ff5ce6,"Parkinson's disease therapeutics, DeepLife",Preclinical,,,DeepLife,Reformulation| Synthetic small molecule,Preclinical,Parkinson's disease,Neurology/Psychiatric,Unidentified pharmacological activity,,France,EVALUATE| PHARMAPROJECTS,2026-05-08T16:03:09.636Z,2026-05-08T16:03:09.636Z
de419937-75ef-42b2-a18e-35e5e44b820d,EGX-358,cc86c463-2f43-4a2f-b457-761a618574ef,,Preclinical,,,Estrigenix Therapeutics| University of Wisconsin-Milwaukee,Oral formulation| Small molecule,Preclinical,Alzheimers disease| Menopause| Other neurological indications,Genitourinary/Sexual Function| Neurology/Psychiatric,Estrogen receptor agonist| Oestrogen receptor-beta agonist,Estrogen receptor beta,US,EVALUATE| CORTELLIS,2026-05-08T16:03:11.937Z,2026-05-08T16:03:11.937Z
14f99207-f8f1-45c0-b2cb-5a4674bcd869,ulotaront,30e46079-c932-4192-978e-f673cb046ab3,Ulotaront,Suspended,,,Otsuka Pharma GmbH| PsychoGenics Inc| Sumitomo Corp,Small molecule| Synthetic small molecule| Tablet formulation,Phase 2 Clinical| Phase 3 Clinical| Suspended,"Depression| Depression, major depressive disorder| Generalised anxiety| Generalized anxiety disorder| Parkinson's disease| Psychosis, Parkinson's disease| Psychosis, acute| Psychotic disorder| Schizophrenia",Neurology/Psychiatric,5 Hydroxytryptamine 1A receptor agonist| 5-HT 1a receptor agonist| 5-HT1A (serotonin) receptor agonist| Trace amine associated receptor 1 agonist| Trace amine-associated receptor 1 (TAAR1) agonist,5-HT 1a receptor| Trace amine-associated receptor-1,Japan| US,EVALUATE| CORTELLIS| PHARMAPROJECTS,2026-05-08T16:03:08.260Z,2026-05-08T16:03:08.260Z
a0e3cd87-d650-4738-855e-5fb04883c67d,AP-2,6a375da3-b559-4d14-af9e-605ffe6862fa,,Preclinical,,,Molefy Pharma SL,Small molecule| Systemic formulation unspecified,Preclinical,Amyotrophic lateral sclerosis| Motor neurone disease,Neurology/Psychiatric,TAR DNA binding protein 43 modulator| TAR DNA-binding protein 43 (TDP43) regulator,TAR DNA binding protein 43,Spain,EVALUATE| CORTELLIS,2026-05-08T16:03:08.595Z,2026-05-08T16:03:08.595Z
d3a13186-b7f7-4f4e-8360-c839cc83b1c2,glycolic acid,bfec06b7-34b3-47f5-ac7e-3932a0119cef,ALS Research Project (NEVO)| Parkinson’s Disease Research Program (NEVO),Suspended,,,NEUREVO GmbH,Other reformulation| Small molecule| Synthetic small molecule| Systemic formulation unspecified,Preclinical| Suspended,"Amyotrophic lateral sclerosis| Ischaemia, cerebral| Ischemic stroke| Parkinson's disease",Cardiovascular| Neurology/Psychiatric,Unclassified| Unidentified pharmacological activity,,Germany,EVALUATE| CORTELLIS| PHARMAPROJECTS,2026-05-08T16:03:08.597Z,2026-05-08T16:03:08.597Z
a99923b1-15f6-4a7f-8762-26db186480b4,"aprepitant (topical/systemic formulations, chemotherapy-induced dermatological side effects), George Washington University/ Hoth Therapeutics",cd7a1648-a211-4851-ac3d-66e35d0109b6,HT-001,Phase 2 Clinical,,,George Washington Hospital| Hoth Therapeutics Inc,Dermatological gel formulation| Small molecule| Synthetic small molecule,Phase 2 Clinical,Acne| Alopecia| Alzheimers disease| Atopic dermatitis| Cancer| Dermatological disease| General cancer indications| Other dermatoses| Paronychia| Radio/chemotherapy-induced alopecia| Radio/chemotherapy-induced eczema| Skin rash| Xerosis,Cancer| Dermatologic| Endocrine/Metabolic,Epidermal growth factor receptor ErbB (HER) inhibitor| NK1 receptor agonist| Neurokinin 1 receptor antagonist,NK1 receptor,US,EVALUATE| CORTELLIS| PHARMAPROJECTS,2026-05-08T16:03:09.095Z,2026-05-08T16:03:09.095Z
45b4734e-41a8-48db-b368-a5dcfb81d2bf,TPC-020,695c99e5-e038-4ede-b025-417560563751,,Preclinical,,,Tetra GmbH,Small molecule| Systemic formulation unspecified,Discovery| Preclinical,Parkinson's disease| Parkinsons disease,Neurology/Psychiatric,Unidentified pharmacological activity| Unknown,,Denmark,EVALUATE| CORTELLIS| PHARMAPROJECTS,2026-05-08T16:03:09.636Z,2026-05-08T16:03:09.636Z
856b224c-7cfb-4794-9147-2de18b7ed796,"choline uptake modulator (early Alzheimer's disease), The University of Texas MD Anderson Cancer Center",1f88e376-3b98-4776-8c57-25314aec1d41,,Phase 1 Clinical,,,Anderson Heart PC,Small molecule| Systemic formulation unspecified,Phase 1 Clinical,Alzheimers disease,Neurology/Psychiatric,,,US,CORTELLIS,2026-05-08T16:03:12.274Z,2026-05-08T16:03:12.274Z
b8afcf90-14f4-46bc-9b49-d0741aa12638,NLRP3 Research Program,8adcc8f1-14a2-357e-8785-01f1d3fbe77e,,Preclinical,,,Eli Lilly SA,Small molecule,Preclinical,Alzheimers disease| Amyotrophic lateral sclerosis| Multiple sclerosis (MS) unspecified| Parkinson's disease,Immune,NLR family pyrin domain containing 3 (NLRP3) inflammasome inhibitor,,US,EVALUATE,2026-05-08T16:03:08.655Z,2026-05-08T16:03:08.655Z
b578d64f-5aac-499f-aa94-4b9b3e6e673a,SB-0110,c1a335d5-70cf-4962-82dc-0aefde5375f5,,Preclinical,,,Sinopia Biosciences,Small molecule| Systemic formulation unspecified,Preclinical,"Dyskinesia, levodopa-induced| Other neurological indications| Parkinson's disease| Parkinsons disease",Neurology/Psychiatric,Protein kinase A stimulator| Unidentified pharmacological activity| Unknown,Protein kinase A,US,EVALUATE| CORTELLIS| PHARMAPROJECTS,2026-05-08T16:03:08.837Z,2026-05-08T16:03:08.837Z
2adbb391-715e-4481-a230-4337863930d9,FKK01PD,adb74feb-c5d2-4e96-9eb0-0e1e017d893b,,Suspended,,,Fabre Kramer Pharmaceuticals Inc,Oral formulation| Small molecule| Synthetic small molecule,Preclinical| Suspended,Erectile dysfunction| Parkinson's disease| Parkinsons disease| Phobia,Genitourinary/Sexual Function| Neurology/Psychiatric,Dopamine D1 receptor agonist| Dopamine receptor agonist,Dopamine D1 receptor| Dopamine D2 receptor,US,EVALUATE| CORTELLIS| PHARMAPROJECTS,2026-05-08T16:03:09.376Z,2026-05-08T16:03:09.376Z
f8c346ea-e974-46e6-a70f-62e00b453baf,KDT-3594,c68405e4-86ab-49e2-9430-8261021a6bb0,matsupexole,Phase 2 Clinical,,,AffaMed Digital| Kissei Pharma USA Inc,Oral formulation| Small molecule,Phase 2 Clinical,Parkinson's disease| Parkinsons disease,Neurology/Psychiatric,Dopamine D3 receptor agonist| Dopamine receptor agonist| Dopamine receptor interacting protein agonist,Dopamine receptor interacting protein,China| Japan,EVALUATE| CORTELLIS| PHARMAPROJECTS,2026-05-08T16:03:08.257Z,2026-05-08T16:03:08.257Z
32125b3c-653f-47f5-a36a-f959118dfbd3,"Alzheimer's disease therapeutic, DepYmed/Cold Spring Harbor Laboratory",9ebec985-b7c3-4ba8-a40c-5ea40337a86f,,Preclinical,,,Cold Spring Harbor Laboratory,Oral formulation| Small molecule,Preclinical,Alzheimers disease,Neurology/Psychiatric,Protein tyrosine phosphatase-1B inhibitor,Protein tyrosine phosphatase-1B,US,CORTELLIS,2026-05-08T16:03:12.153Z,2026-05-08T16:03:12.153Z
2da14734-0d86-4be4-97c5-c40c373ef336,TEV-56287,42dd4836-de32-4c9f-925e-cd2bb7121360,TEV-'287,Phase 1 Clinical,,,MODAG GmbH| Teva BV,Small molecule| Systemic formulation unspecified,Phase 1 Clinical,Parkinson's disease| Parkinsons disease,Neurology/Psychiatric,Synuclein accumulation inhibitor| Synuclein inhibitor,Synuclein,Germany| Israel,EVALUATE| CORTELLIS| PHARMAPROJECTS,2026-05-08T16:03:09.375Z,2026-05-08T16:03:09.375Z
6ee0b04f-8ce4-490b-bf0d-c7da37aae34d,"64Cu-FBP8 (PET probe, acute pulmonary embolism), Vertex Pharmaceuticals/Massachusetts General Hospital/Harvard Medical School",a53e2a02-5eba-4278-9290-0c2db6ce2220,,Phase 2 Clinical,,,Massachusetts Medical Society,Intravenous formulation| Parenteral formulation unspecified| Radiolabeling| Small molecule,Phase 2 Clinical,Alzheimers disease| Dementia| Lung embolism| Phlebothrombosis| Thrombosis,Cardiovascular| Hematologic| Neurology/Psychiatric,,,US,CORTELLIS,2026-05-08T16:03:12.094Z,2026-05-08T16:03:12.094Z
266dc675-9848-400e-bda2-bd1447c1642d,KG-207,640633db-45b7-4154-8659-a6c719ba745b,KG207,Suspended,,,Kalgene Pharma Inc| National Research Council Canada,Antibody conjugated| Biological| Other immunoconjugate| Protein fusion| Small molecule,Preclinical| Suspended,Alzheimers disease,Neurology/Psychiatric,Beta amyloid modulator,Beta amyloid,Canada,EVALUATE| CORTELLIS| PHARMAPROJECTS,2026-05-08T16:03:08.314Z,2026-05-08T16:03:08.314Z
e0f53c46-25e5-4a70-9fac-177456164b2c,NAS150,5e77c563-635c-484d-9de3-dfce2319a13b,,Suspended,,,New Amsterdam Sciences,Small molecule| Synthetic small molecule,Phase 1 Clinical| Phase 2 Clinical| Suspended,Acute lung injury| Amyotrophic lateral sclerosis| COVID-19 complications| COVID-19 treatment| Idiopathic pulmonary fibrosis| Pneumonia| Progressive supranuclear palsy,Neurology/Psychiatric| Other/Miscellaneous| Rare Diseases| Respiratory,Superoxide dismutase (SOD) regulator| Superoxide dismutase modulator,,US,EVALUATE| PHARMAPROJECTS,2026-05-08T16:03:09.316Z,2026-05-08T16:03:09.316Z
9a60df19-8aed-4207-ba87-4729973cdc40,CV-02,b9169b47-fef2-4325-8e14-4615551872f4,,Preclinical,,,Cureverse Co Ltd,Small molecule,Preclinical,Multiple sclerosis (MS) unspecified,Neurology/Psychiatric,Sphingosine-1-phosphate (S1P) 1 agonist,,South Korea,EVALUATE,2026-05-08T16:03:09.474Z,2026-05-08T16:03:09.474Z
0480c629-fee6-49c5-8808-67e8259d944d,edonerpic maleate,f401e4eb-86f9-4b60-97fb-1e022b52dab1,,Suspended,,,FUJIFILM Toyama Chemical Co Ltd| Toyama Co Ltd,Oral formulation| Small molecule| Synthetic small molecule,Phase 2 Clinical| Suspended,"Alzheimers disease| Hemiplegia| Ischaemia, cerebral",Cardiovascular| Musculoskeletal| Neurology/Psychiatric,AMPA receptor agonist| Beta amyloid modulator| Opioid receptor sigma agonist 1,Opioid receptor sigma 1,Japan,CORTELLIS| PHARMAPROJECTS,2026-05-08T16:03:12.315Z,2026-05-08T16:03:12.315Z
207aedd8-4f5e-4c98-97bc-5f5e547eb684,Expesicor-Novoron Alzheimer Disorder Research Project,d7a2b0bd-731a-4662-8911-28bf8be9ca5f,,Preclinical,,,Novoron Bioscience Inc,Small molecule,Preclinical,Alzheimers disease| Amyotrophic lateral sclerosis| Epilepsy,Neurology/Psychiatric,Unclassified,,US,EVALUATE,2026-05-08T16:03:08.836Z,2026-05-08T16:03:08.836Z
f8c44441-f144-4616-b283-4ebd05a8a819,"donepezil, G2GBIO",5a041b06-89dc-4c3c-91bc-96888e86d1f4,,Phase 1 Clinical,,,G2GBio Inc,Microparticle formulation| Other modified-release| Reformulation| Small molecule| Synthetic small molecule,Phase 1 Clinical,Alzheimers disease,Neurology/Psychiatric,Unidentified pharmacological activity,,South Korea,PHARMAPROJECTS,2026-05-08T16:03:09.796Z,2026-05-08T16:03:09.796Z
9f3a4dd7-96ad-42c6-9efb-586946ec9bcd,AU-403,6ef1821e-5d03-4f6e-acb1-238b73098b4e,,Preclinical,,,Auburn Hospital,Small molecule| Systemic formulation unspecified,Preclinical,Alzheimers disease,Neurology/Psychiatric,Liver X receptor agonist| PPAR agonist,Liver X receptor| PPAR,US,CORTELLIS,2026-05-08T16:03:12.095Z,2026-05-08T16:03:12.095Z
4c8b31be-907c-486b-840b-2839c0d7a646,BEBT-756,e2dd514e-3189-42cd-a2c9-c7bc657427dc,,Preclinical,,,Guangzhou BeBetter Medicine Technology Co Ltd,CNS formulation| DNA & RNA therapeutics| Oligonucleotide| RNA interference| Small molecule| small interfering RNA (siRNA),Preclinical,Alzheimers disease,Neurology/Psychiatric,Amyloid precursor protein (APP) inhibitor| Amyloid precursor protein antagonist| Beta amyloid modulator| Gene expression inhibitor| Tau aggregation inhibitor| Tau kinase inhibitor,Beta amyloid| Tau protein,China,EVALUATE| CORTELLIS| PHARMAPROJECTS,2026-05-08T16:03:12.373Z,2026-05-08T16:03:12.373Z
10be7151-acdc-41ce-8858-26d1e61dda29,velusetrag,31899614-27a5-417c-b200-09f60a4046ab,,Suspended,,,Alfasigma SpA| Innoviva Inc| Theravance,Oral formulation| Small molecule| Synthetic small molecule,Phase 2 Clinical| Suspended,"Alzheimers disease| Chronic intestinal pseudo-obstruction| Constipation| Constipation, opioid-induced| Dyspepsia, non-ulcer| Gastroparesis| Other gastro-intestinal disorders",Alimentary/Metabolic| Gastrointestinal| Neurology/Psychiatric| Rare Diseases,5 Hydroxytryptamine 4 receptor agonist| 5-HT 4 receptor agonist| 5-HT4 (serotonin) receptor agonist,5-HT 4 receptor,Italy| US,EVALUATE| CORTELLIS| PHARMAPROJECTS,2026-05-08T16:03:09.594Z,2026-05-08T16:03:09.594Z
fa039c64-cfdf-42aa-8dde-212f32fcd9c4,Amyotrophic Lateral Sclerosis Research Project (UTLVL),8268b9a6-01c1-40ba-8cc2-4713be82fa85,,Preclinical,,,Universite Laval,Small molecule,Preclinical,Amyotrophic lateral sclerosis,Neurology/Psychiatric,Unclassified,,Canada,EVALUATE,2026-05-08T16:03:08.314Z,2026-05-08T16:03:08.314Z
8048cc57-fe56-437a-9e8a-b0d12df6cb68,PRI-002,bf0536eb-0f15-4d8c-85b4-e13579eaa8ad,,Phase 2 Clinical,,,Heinrich Heine Universitat Dusseldorf| Priavoid GmbH,Biological| Capsule formulation| Peptide| Small molecule| Tablet formulation,Phase 2 Clinical,Alzheimers disease| Cognitive disorder| Dementia,Neurology/Psychiatric,Beta amyloid modulator| Calcium channel inhibitor N-type| Prion protein (PrP) inhibitor| Prion protein inhibitor,Beta amyloid| Calcium channel N-type,Germany,EVALUATE| CORTELLIS| PHARMAPROJECTS,2026-05-08T16:03:08.557Z,2026-05-08T16:03:08.557Z
c54cd13c-6359-45d3-b8c9-1e8775475519,"plasmalogen replacement therapy (peroxisome disease/Alzheimer's disease/Parkinson's disease/multiple sclerosis), Med-Life Discoveries",f96c3ee8-1733-4707-9b2b-afcd9435fb65,"PPI-1011| PPI-1025| Parkinson's disease therapy, Med-Life Discoveries",Suspended,,,GraySpace Therapeutics| Med-Life Discoveries LP| Phenomenome Discoveries Inc,Once daily formulation| Oral formulation| Small molecule| Synthetic small molecule,Discovery| Phase 1 Clinical| Preclinical| Suspended,Alzheimers disease| Chondrodysplasia punctata| Multiple sclerosis| Multiple sclerosis (MS) unspecified| Other metabolic indications| Parkinson's disease| Parkinsons disease| Pelizaeus Merzbacher disease| Rhizomelic chrondrodysplasia punctata,Gastrointestinal| Immune| Musculoskeletal| Neurology/Psychiatric| Rare Diseases,Unclassified| Unidentified pharmacological activity| Unknown,,Canada,EVALUATE| CORTELLIS| PHARMAPROJECTS,2026-05-08T16:03:08.936Z,2026-05-08T16:03:08.936Z
c3988539-e956-4b74-9bb6-4b810b64d098,MPT-0B64,85abfbee-072d-4fa1-b359-5ec9d9b227ed,JIN-001,Suspended,,,Anderson Heart PC| J Ints Bio| Taipei Medical University,Oral formulation| Oral suspension formulation| Small molecule| Synthetic small molecule,Phase 1 Clinical| Preclinical| Suspended,"Advanced solid tumor| Brain tumor| Breast tumor| COVID-19 treatment| Cancer, solid, unspecified| Colorectal tumor| Coronavirus disease 19 infection| Glioblastoma| Hepatocellular carcinoma| Hepatoma, liver cancer| Infection, coronavirus, novel coronavirus| Liver tumor| Metastatic colorectal cancer| Metastatic non small cell lung cancer| Metastatic pancreas cancer| Metastatic prostate cancer| Non-small-cell lung cancer| Ovarian cancer| Ovary tumor| Pancreas tumor| Pancreatic cancer| Parkinson's disease| Prostate cancer| Solid tumour indications| Triple-negative breast cancer",Cancer| Infection| Neurology/Psychiatric| Rare Diseases,Heat shock protein 90 (HSP 90) inhibitor| Heat shock protein 90 antagonist| Heat shock protein HSP90 alpha inhibitor| Heat shock protein HSP90 beta inhibitor,Heat shock protein HSP90 alpha| Heat shock protein HSP90 beta,South Korea| US,EVALUATE| CORTELLIS| PHARMAPROJECTS,2026-05-08T16:03:09.536Z,2026-05-08T16:03:09.536Z
a9912913-5c23-43cc-aefa-96ab61653bc0,mesdopetam,09e9cb95-38e4-4f85-ac98-0c3d9b743ba9,Mesdopetam,Phase 3 Clinical,,,IRLAB Therapeutics AB| Ipsen SA,Capsule formulation| Oral formulation| Small molecule,Phase 2 Clinical| Phase 3 Clinical| Preclinical,"Dyskinesia, levodopa-induced| Movement disorder| Parkinson's disease| Parkinsons disease| Psychosis, Parkinson's disease| Psychosis, acute| Psychotic disorder",Neurology/Psychiatric,Dopamine D3 receptor agonist| Dopamine receptor agonist,Dopamine D3 receptor,France| Sweden,EVALUATE| CORTELLIS| PHARMAPROJECTS,2026-05-08T16:03:08.655Z,2026-05-08T16:03:08.655Z
a6270ac4-0918-4147-a191-988e17b5f810,remlifanserin,000c0ae2-9718-4b6c-9c5d-85039ffe7671,Remlifanserin,Phase 3 Clinical,,,Acadia University,Capsule formulation| Once daily formulation| Oral formulation| Small molecule| Synthetic small molecule,Phase 3 Clinical,"Alzheimers disease| Delusion| Dementia related psychosis| Hallucination| Lewy body dementia| Psychiatric symptom| Psychosis, Alzheimer's disease| Psychotic disorder",Neurology/Psychiatric,5 Hydroxytryptamine 2A receptor agonist| 5-HT 2a receptor inverse agonist| 5-HT2A (serotonin) receptor inverse agonist,5-HT 2a receptor,US,EVALUATE| CORTELLIS| PHARMAPROJECTS,2026-05-08T16:03:08.937Z,2026-05-08T16:03:08.937Z
35877433-948e-407f-86d4-e230abbcf3fa,ION-464,3faf0a97-1abe-48d4-ae7b-a4c3a4357c73,,Phase 2 Clinical,,,Biogen NV| Ionis Ireland Ltd,"Antisense therapy| DNA & RNA therapeutics| Intrathecal formulation| Nucleic acid, vector type| RNA antisense| Small molecule| Systemic formulation unspecified",Phase 2 Clinical,Multiple system atrophy| Other neurological indications| Parkinson's disease| Parkinsons disease,Neurology/Psychiatric| Rare Diseases,Alpha-synuclein accumulation inhibitor| SNCA gene inhibitor| Synuclein accumulation inhibitor| Synuclein inhibitor,SNCA gene,US,EVALUATE| CORTELLIS| PHARMAPROJECTS,2026-05-08T16:03:12.156Z,2026-05-08T16:03:12.156Z
11452e2e-b453-493b-86e2-cd4bc4e14cf2,HME-001,9637ad5f-b2bc-4de7-a8f6-1b6fbff0f5ce,"MGLUR5 negative allosteric modulator| mGLUR5 negative allosteric modulator, Hua Medicine",Suspended,,,Beijing Hua Ai,Small molecule| Synthetic small molecule| Systemic formulation unspecified,Preclinical| Suspended,"Addiction, drug, unspecified| Depression| Dyskinesia, levodopa-induced| Impulse control disorder| Other neurological indications| Parkinson's disease| Sex-chromosome abnormality, fragile X syndrome",Neurology/Psychiatric| Rare Diseases,Metabotropic glutamate receptor 5 (mGluR5) regulator| Metabotropic glutamate receptor 5 agonist| Unidentified pharmacological activity,Metabotropic glutamate receptor 5,China,EVALUATE| CORTELLIS| PHARMAPROJECTS,2026-05-08T16:03:08.554Z,2026-05-08T16:03:08.554Z
1f0d26d7-3be6-4cf2-a9cd-93822da5337c,PRG-CNS-3,cb3fd8c7-4ce2-4ca2-baf7-5c8fa86cb002,,Preclinical,,,PRG S&Tech Inc,Small molecule| Synthetic small molecule| Systemic formulation unspecified,Preclinical,Parkinson's disease| Parkinsons disease,Neurology/Psychiatric,Unidentified pharmacological activity| Unknown,,South Korea,EVALUATE| CORTELLIS| PHARMAPROJECTS,2026-05-08T16:03:08.775Z,2026-05-08T16:03:08.775Z
bb4ac976-9c6c-469e-8508-1e43cf53dc26,HZ-A-018,79b61124-a4a2-4a80-9988-0dd996229604,,Phase 2 Clinical,,,HealZen Therapeutics Co Ltd,Capsule formulation| Once daily formulation| Oral formulation| Small molecule| Synthetic small molecule,Phase 2 Clinical,"B-cell lymphoma| Cancer, lymphoma, primary CNS| Cancer, lymphoma, secondary CNS| Central nervous system tumor| Multiple sclerosis| Neuromyelitis optica| Thrombocytopenia| Urticaria",Cancer| Dermatologic| Hematologic| Immune| Neurology/Psychiatric| Rare Diseases,BTK gene stimulator| Bruton tyrosine kinase inhibitor,Btk tyrosine kinase,China,CORTELLIS| PHARMAPROJECTS,2026-05-08T16:03:12.094Z,2026-05-08T16:03:12.094Z
121637dc-6243-4094-a8bf-1ece7422a607,"mexiletine hydrochloride (myotonic disorders), Lupin",41ab57f9-52b3-4561-bd35-363ad30a77c2,"mexiletine (amyotrophic lateral sclerosis), University of Washington/Massachussetts General Hospital/ALS Association",Launched,,,Avas Pharmaceuticals Srl| Celnova Pharma SA| Lupin Ltd| Temmler GmbH| The Amyotrophic Lateral Sclerosis Association| University College London| University of Washington,Microcapsule formulation| Multi-release| Other reformulation| Small molecule| Synthetic small molecule| Systemic formulation unspecified,Launched| Phase 2 Clinical,"Amyotrophic lateral sclerosis| Dystrophy, myotonic muscular| Muscle disease| Myotonia| Myotonic dystrophy| Myotonic dystrophy type 1| Myotonic dystrophy type 2| Other musculoskeletal disorders",Musculoskeletal| Neurology/Psychiatric| Rare Diseases,Sodium channel antagonist| Sodium channel blocker| Sodium channel inhibitor| Voltage-gated sodium channel blocker,Sodium channel,Argentina| India| Italy| UK| US,EVALUATE| CORTELLIS| PHARMAPROJECTS,2026-05-08T16:03:12.276Z,2026-05-08T16:03:12.276Z
7a1410d1-4f3e-405a-a8ee-3afaee082f75,TNV-262,ae0b84bf-402e-4bfa-ba40-71cefe1b9c5d,TNV 262| TNV262,Phase 1 Clinical,,,Tenvie Therapeutics Inc,Small molecule| Synthetic small molecule| Systemic formulation unspecified,Discovery| Phase 1 Clinical| Preclinical,"Cardiomyopathy, unspecified| Cardiovascular disease| Encephalitis| General cardiovascular indications| General inflammatory disorders| Inflammation, ocular| Inflammatory disease| Multiple sclerosis| Multiple sclerosis (MS) unspecified| Obesity| Ocular inflammation| Other neurological indications",Alimentary/Metabolic| Cardiovascular| Endocrine/Metabolic| Gastrointestinal| Immune| Musculoskeletal| Neurology/Psychiatric| Ocular| Other/Miscellaneous| Sensory Organs,NACHT LRR PYD domain protein 3 inhibitor| NLR family pyrin domain containing 3 (NLRP3) inflammasome inhibitor| NLR family pyrin domain containing 3 inhibitor,NACHT LRR PYD domain protein 3,US,EVALUATE| CORTELLIS| PHARMAPROJECTS,2026-05-08T16:03:08.657Z,2026-05-08T16:03:08.657Z
e3cf77dc-bd89-40e7-ac3a-f76ab177e6d5,SPC-14,ebe5f495-717d-4c7c-a2e5-6526953da91b,,Preclinical,,,Columbia University| Silo Pharma Inc| Zylö Therapeutics,Drug combination| Nasal formulation| Other modified-release| Small molecule| Subcutaneous drug implant| Sustained release formulation| Synthetic small molecule| Systemic formulation| Transdermal formulation,Discovery| Preclinical,"Alzheimers disease| Depression| Fibromyalgia| Major depressive disorder| Other neurological indications| Pain| Pain, chronic| Pain, nociceptive, general| Rheumatoid arthritis",Musculoskeletal| Neurology/Psychiatric,5-HT 4 receptor agonist| 5-HT4 (serotonin) receptor agonist| N-methyl-D-aspartate (NMDA) receptor antagonist| NMDA receptor agonist| Sodium channel antagonist| Sodium channel blocker,5-HT 4 receptor| NMDA receptor,US,EVALUATE| CORTELLIS| PHARMAPROJECTS,2026-05-08T16:03:08.714Z,2026-05-08T16:03:08.714Z
c116b15f-0652-494a-a1be-f7d27b70a39b,ARG-0063,18071381-f7de-4e78-8716-156732ff7abd,,Preclinical,,,Argo Co Ltd,Small molecule,Preclinical,Parkinson's disease,Neurology/Psychiatric,Nuclear receptor related 1 protein (NURR1) agonist,,Switzerland,EVALUATE,2026-05-08T16:03:09.534Z,2026-05-08T16:03:09.534Z
388cf332-d56f-4389-a397-0632fcb7135d,"mixtures of cannabinoids and terpenes (oral dissolving tablet, Parkinson's disease), GB Sciences",2cabeffd-1c63-4247-afc6-b9681cd55c08,MEM-PD119| MEM-PD205| MEMPD-361,Phase 1 Clinical,,,GB Lab SAS| Novo Nordisk A/S,Natural product| Oral formulation| Plant extract| Small molecule| Synthetic small molecule| Tablet formulation,Phase 1 Clinical| Preclinical,Parkinson's disease| Parkinsons disease,Inflammatory| Neurology/Psychiatric,Cannabinoid (CB) receptor agonist| Cannabinoid CB1 receptor inverse agonist| Cannabinoid receptor agonist| Transient receptor potential vanilloid-1 (TRPV-1) antagonist,Cannabinoid receptor,Denmark| US,EVALUATE| CORTELLIS| PHARMAPROJECTS,2026-05-08T16:03:09.696Z,2026-05-08T16:03:09.696Z
27c073a1-ee12-4a8d-9197-8d3b3a9eec49,"trimetazidine, Woolsey Pharmaceuticals",6c414ffa-ee94-419d-b80b-c667cde7cfd4,,Preclinical,,,Woolsey Pharmaceuticals,Other reformulation| Synthetic small molecule,Preclinical,Amyotrophic lateral sclerosis,Neurology/Psychiatric| Rare Diseases,Thromboxane synthase inhibitor,,US,PHARMAPROJECTS,2026-05-08T16:03:11.493Z,2026-05-08T16:03:11.493Z
9299626f-e8bf-4952-91d8-1a6ec254a3a2,"antisense oligonucleotide therapy (amyotrophic lateral sclerosis), Quiver/QurAlis",994dfba8-d85e-49ad-a281-c82d18fea672,,Clinical,,,Quiver Dental Inc,Oligonucleotide antisense| Small molecule| Systemic formulation unspecified,Clinical,Amyotrophic lateral sclerosis,Neurology/Psychiatric,Unspecified gene modulator,Gene target,US,CORTELLIS,2026-05-08T16:03:11.835Z,2026-05-08T16:03:11.835Z
eabdc8a1-fcef-4517-9e80-09a32338a5b5,CDNF Parkinson’s Project,2a313e91-7d99-45cc-9062-ca5357f99ccf,,Phase 2 Clinical,,,Helsinki Ltd| Herantis Pharma Plc,Small molecule,Phase 2 Clinical,Parkinson's disease,Neurology/Psychiatric,Dopaminergic neuron stimulant,,Finland,EVALUATE,2026-05-08T16:03:08.314Z,2026-05-08T16:03:08.314Z
68950a82-6d66-451f-9c1d-e5f4e011b7af,CST-2032/nadolol,0cfc9ee3-57ff-4898-b9c0-b949d95e4959,CST-2032 + nadolol,Phase 2 Clinical,,,CuraSen Therapeutics Inc,Small molecule| Synthetic small molecule,Phase 2 Clinical,Alzheimers disease| Cognitive disorder,Neurology/Psychiatric,Beta 2 adrenoceptor agonist| Beta 2 adrenoreceptor agonist,,US,EVALUATE| PHARMAPROJECTS,2026-05-08T16:03:08.937Z,2026-05-08T16:03:08.937Z
8b4aabd9-575f-492d-a8ad-576f15cb50b2,"multiple sclerosis therapy, Panntherapi",53e48a0c-54d5-446e-bcc5-ebdb469648c2,,Preclinical,,,PannTheraPi SAS,Synthetic small molecule,Preclinical,Multiple sclerosis,Neurology/Psychiatric,Pannexin 1 inhibitor,,France,PHARMAPROJECTS,2026-05-08T16:03:11.674Z,2026-05-08T16:03:11.674Z
adf52adc-07da-4839-b158-df1e64e7001d,AAT-009,d21f9368-7296-4742-8c1f-caad40928f0a,,Suspended,,,AskAt Inc| Pfizer Inc| RaQualia Pharma Inc,Small molecule| Systemic formulation unspecified,Phase 1 Clinical| Suspended,Alzheimers disease| Gastroesophageal reflux,Alimentary/Metabolic| Neurology/Psychiatric,5 Hydroxytryptamine 4 receptor agonist| 5-HT 4 receptor partial agonist| 5-HT4 (serotonin) receptor agonist| 5-HT4 (serotonin) receptor partial agonist| Beta amyloid synthesis inhibitor,5-HT 4 receptor| Beta amyloid,Japan| US,EVALUATE| CORTELLIS| PHARMAPROJECTS,2026-05-08T16:03:08.313Z,2026-05-08T16:03:08.313Z
c06ba17b-e414-4424-b559-2635dec754db,"xenon (inhalation, Alzheimer's disease/PTSD/autism/panic disorder), Nobilis Therapeutics",f5ca825c-e062-42a6-9e8a-2f30b319cf76,NBTX-001,Suspended,,,Harvard Group| Nobilis Health Corp,Inhalant formulation| Small molecule| Synthetic small molecule,Phase 1 Clinical| Phase 2 Clinical| Preclinical| Suspended,Alzheimers disease| Autism| Autism spectrum disorders (ASD)| Irritable bowel syndrome| Obsessive compulsive disorders (OCDs)| Panic disorder| Parkinson's disease| Parkinsons disease| Post traumatic stress disorder,Alimentary/Metabolic| Neurology/Psychiatric,N-methyl-D-aspartate (NMDA) receptor antagonist| NMDA receptor agonist| Unidentified pharmacological activity,NMDA receptor,US,EVALUATE| CORTELLIS| PHARMAPROJECTS,2026-05-08T16:03:08.876Z,2026-05-08T16:03:08.876Z
392adf66-2819-44b1-adb9-7997320a7313,Epilepsy Research Project (PCA),2049358e-8909-4d8c-a41a-2b880ae3cf41,Epilepsy Research Project,Preclinical,,,AurimMed Pharma Inc,Small molecule,Preclinical,"Epilepsy| Other neurological indications| Pain| Pain, chronic| Parkinson's disease| Spinal muscular atrophy",Neurology/Psychiatric,Unclassified,,US,EVALUATE,2026-05-08T16:03:09.214Z,2026-05-08T16:03:09.214Z
72ae0e3b-7333-4de6-a245-d6ddc25e720c,CHMA1004,dc03bb68-97f1-46b2-aaf0-34323e9b8ec4,CHMA-1004,Preclinical,,,Chemestmed Ltd,Small molecule| Synthetic small molecule,Discovery| Preclinical,"Anxiety, unspecified| Depression| Epilepsy| Generalised anxiety| Non-insulin dependent diabetes| Obesity| Parkinson's disease| Post traumatic stress disorder| Seizures, general",Alimentary/Metabolic| Neurology/Psychiatric,Methyltransferase inhibitor| Methyltransferase like (METTL) modulator,,Estonia,EVALUATE| PHARMAPROJECTS,2026-05-08T16:03:09.256Z,2026-05-08T16:03:09.256Z
628c76a0-9b91-4fcd-8cfe-ed8254a8056b,ACI-16664,d564ae95-ceea-4877-a1ed-742d11977c49,,Preclinical,,,AC Immune SA,Small molecule| Synthetic small molecule,Preclinical,Alzheimers disease| Neurological disease,Neurology/Psychiatric,Tau aggregation inhibitor,,Switzerland,PHARMAPROJECTS,2026-05-08T16:03:09.594Z,2026-05-08T16:03:09.594Z
d597ea47-afc1-4fa5-80fc-bb8dd32890da,"neurological disease therapy, Nido Biosciences-1",4b27a509-6db9-47fd-8761-e3ca05e9dae3,,Preclinical,,,Nido Surgical Inc,Synthetic small molecule,Preclinical,Frontotemporal dementia,Neurology/Psychiatric| Rare Diseases,Unidentified pharmacological activity,,US,PHARMAPROJECTS,2026-05-08T16:03:09.754Z,2026-05-08T16:03:09.754Z
437bb6f8-8ff1-44ac-85cc-51e847be192a,PD-2244,9be50d31-c427-46d8-bd56-131ca442f4e1,PD2244,Suspended,,,P2D Biosciences,Oral formulation| Small molecule| Synthetic small molecule,Preclinical| Suspended,Alzheimers disease| Frontotemporal dementia,Neurology/Psychiatric| Rare Diseases,Interleukin 10 agonist| Interleukin-10 (IL-10) antibody| TNF agonist| Tumour necrosis factor alpha (TNFa) inhibitor| Tumour necrosis factor receptor antagonist,TNF gene,US,EVALUATE| CORTELLIS| PHARMAPROJECTS,2026-05-08T16:03:09.255Z,2026-05-08T16:03:09.255Z
1e7e1bd6-4102-42bb-b26d-f1f75760366b,IGC-1C,6bfffd60-e5d2-4a79-add7-a0fd09a27a16,,Preclinical,,,IgC Bio Inc,Small molecule| Systemic formulation unspecified,Preclinical,"Agitation, Alzheimer's disease| Alzheimers disease| Metabolic disorder| Obesity",Endocrine/Metabolic| Neurology/Psychiatric| Other/Miscellaneous,Glucagon-like peptide 1 gene stimulator| Tau aggregation inhibitor| Tau kinase inhibitor| Tau protein degrader,Glucagon-like peptide 1 gene| Tau protein,US,EVALUATE| CORTELLIS| PHARMAPROJECTS,2026-05-08T16:03:12.095Z,2026-05-08T16:03:12.095Z
0639de95-2eb3-4fef-aea7-dfe61433f5d7,kamuvudine-9,d89e3539-b754-40c1-9064-4b18046b0066,,Phase 1 Clinical,,,Inflammasome Therapeutics| University of Kentucky,Small molecule| Synthetic small molecule| Tablet formulation,Phase 1 Clinical,"Amyotrophic lateral sclerosis| Diabetic macular edema| Graves disease| Graves' ophthalmopathy| Macular oedema| Oedema, macular, diabetic| Thyroid associated ophthalmopathy",Neurology/Psychiatric| Ocular| Sensory Organs,NLR family pyrin domain containing 3 (NLRP3) inflammasome inhibitor| Nucleoside reverse transcriptase inhibitor,Reverse transcriptase,US,EVALUATE| CORTELLIS| PHARMAPROJECTS,2026-05-08T16:03:12.154Z,2026-05-08T16:03:12.154Z
02f22547-83e5-4488-9f5b-6adb73074ac4,VBI -101,414306af-85d6-46d3-a56e-3e9942fbbb57,,Preclinical,,,Vulcan Inc,Small molecule,Preclinical,Multiple sclerosis (MS) unspecified,Neurology/Psychiatric,Unclassified,,US,EVALUATE,2026-05-08T16:03:09.534Z,2026-05-08T16:03:09.534Z
1b275f98-1962-48cd-878a-b59dbb1bb157,"p-type ATPase agonist, CD3 Centre for Drug Design",d44e6f57-953c-4840-a221-24f8d95a1d75,,Preclinical,,,Centre for Drug Design and Discovery,Small molecule| Synthetic small molecule,Discovery| Preclinical,Parkinson's disease,Neurology/Psychiatric,Unclassified,,Belgium,EVALUATE| PHARMAPROJECTS,2026-05-08T16:03:09.633Z,2026-05-08T16:03:09.633Z
dac0afed-8833-4998-aee6-72a86471cb15,Undisclosed-ABC Research Project 1 (ALEC),245294ee-b4e5-4bd5-a151-f4f986f5c694,"Alzheimer disease therapy, Alector-1",Preclinical,,,Alector LLC,Small molecule| Synthetic small molecule,Preclinical,Alzheimers disease| Parkinson's disease,Neurology/Psychiatric,Unidentified pharmacological activity| Unknown,,US,EVALUATE| PHARMAPROJECTS,2026-05-08T16:03:11.614Z,2026-05-08T16:03:11.614Z
d5a23a02-867c-47a5-97f1-53653d37f66f,BCD-103,8ea93e15-b71f-463d-a3c9-929c3c0ba3ab,,Preclinical,,,Bichedam Co Ltd,Small molecule| Systemic formulation unspecified,Preclinical,Alzheimers disease,Neurology/Psychiatric,Rhodopsin modulator,Rhodopsin,South Korea,CORTELLIS,2026-05-08T16:03:12.217Z,2026-05-08T16:03:12.217Z
b7dfaab8-1a3a-4a40-b839-a0be6416089c,mavoglurant,0aa59b79-6223-489d-b011-9e0079181fbd,,Suspended,,,Novartis AG| Stalicla SA,Small molecule| Synthetic small molecule| Tablet formulation,Phase 2 Clinical| Phase 3 Clinical| Preclinical| Suspended,"Alcoholism| Anxiety, unspecified| Autism| Cocaine addiction| Dyskinesia, levodopa-induced| Dystonia| Gastroesophageal reflux| Huntington's disease| Neurological disease| Nicotine dependence| Obsessive compulsive disorder| Other neurological indications| Parkinson's disease| Sex-chromosome abnormality, fragile X syndrome| Tardive dyskinesia",Alimentary/Metabolic| Gastrointestinal| Musculoskeletal| Neurology/Psychiatric| Rare Diseases| Toxicity/Intoxication,Glutamate 5 receptor antagonist| Metabotropic glutamate receptor 5 (MGLUR5) antagonist| Metabotropic glutamate receptor 5 agonist,Metabotropic glutamate receptor 5,Switzerland,EVALUATE| CORTELLIS| PHARMAPROJECTS,2026-05-08T16:03:09.693Z,2026-05-08T16:03:09.693Z
17a775ba-7284-48e2-8416-f51dc25ea267,PIPE-307,f344f766-a1a4-40ed-aec4-271c99945631,,Phase 2 Clinical,,,Johnson & Johnson| Pipeline Biomedical,Oral formulation| Small molecule| Tablet formulation,Phase 2 Clinical,"Depression| Depression, major depressive disorder| Major depressive disorder| Multiple sclerosis| Multiple sclerosis, relapsing-remitting| Relapsing-Remitting MS (RRMS)",Immune| Neurology/Psychiatric,Muscarinic M1 receptor antagonist| Muscarinic acetylcholine receptor (M1) antagonist,Muscarinic M1 receptor,US,EVALUATE| CORTELLIS| PHARMAPROJECTS,2026-05-08T16:03:11.495Z,2026-05-08T16:03:11.495Z
e9348807-6f7d-4eb4-9ff6-72fdb33de977,CASi-APOE,6739c8e2-df1f-4d9c-ab9a-10e04ae187be,,Preclinical,,,Switch Bio Inc,DNA & RNA therapeutics| Protein recombinant| RNA interference| Small molecule| Systemic formulation unspecified| small interfering RNA (siRNA),Preclinical,Alzheimers disease,Neurology/Psychiatric,Apolipoprotein A (ApoA) 1 stimulant| Apolipoprotein A1 agonist| Apolipoprotein E4 modulator| Apolipoprotein agonist| Gene expression inhibitor,Apolipoprotein E4,US,EVALUATE| CORTELLIS| PHARMAPROJECTS,2026-05-08T16:03:11.836Z,2026-05-08T16:03:11.836Z
ae011235-d3cf-406a-99fd-f94bfccdaa6b,"GPR4 agonists (Alzheimer’s disease), Selonterra",79a86a37-864c-45b1-8927-ef3bcd4b820f,,Preclinical,,,Selonterra LLC,Small molecule| Systemic formulation unspecified,Preclinical,Alzheimers disease,Neurology/Psychiatric,G protein coupled receptor 4 agonist,G protein coupled receptor 4,US,CORTELLIS,2026-05-08T16:03:11.896Z,2026-05-08T16:03:11.896Z
cb55fff2-a7fa-4bd4-a7f9-f056aed72e19,XTR-006,42047005-6421-4d88-8eaf-e940b4362a22,,Phase 3 Clinical,,,Shanghai Sinotau Biotech Co Ltd,Imaging agent| Intravenous formulation| Radiolabeling| Small molecule| Synthetic small molecule,Phase 1 Clinical| Phase 3 Clinical,"Alzheimers disease| Brain disease| Cognitive disorder| Diagnosis, CNS",Neurology/Psychiatric,Radioemitter| Tau kinase inhibitor,Tau protein,China,CORTELLIS| PHARMAPROJECTS,2026-05-08T16:03:12.096Z,2026-05-08T16:03:12.096Z
df5cabb7-4a6a-4dc1-b838-cddb0575db08,RAM-589.555,83c7895c-b019-4b92-97ff-f86b4be3ed39,,Preclinical,,,Sheba Medical Center,Oral formulation| Small molecule,Preclinical,Multiple sclerosis,Immune,RNA polymerase I inhibitor,RNA polymerase I,Israel,CORTELLIS,2026-05-08T16:03:12.215Z,2026-05-08T16:03:12.215Z
7443dcce-349b-4dac-83eb-f12a73329654,deulinoleate ethyl,0f8c82f6-e90d-43ac-966b-08760d2cd46d,,Suspended,,,Retrotope Inc,Capsule formulation| Deuterated agent| Small molecule| Synthetic small molecule,Phase 3 Clinical| Suspended,Amyotrophic lateral sclerosis| Brain disease| Dystrophy| Friedreich ataxia| GM1 gangliosidosis| Huntington's disease| Infantile neuroaxonal dystrophy| Neurodegenerative disease| Parkinson's disease| Progressive supranuclear palsy| Tay Sachs disease,Alimentary/Metabolic| Musculoskeletal| Neurology/Psychiatric| Rare Diseases,Lipid peroxidase inhibitor| Omega 3 fatty acid stimulant| TRPV antagonist,Lipid peroxidase,US,EVALUATE| CORTELLIS| PHARMAPROJECTS,2026-05-08T16:03:12.276Z,2026-05-08T16:03:12.276Z
b9d48810-10b0-4446-ae34-4bf43247b79c,MP-010,a647ce67-6d9b-40ab-afc0-dcee973b69d8,,Preclinical,,,Miramoon Pharma SL,Small molecule| Synthetic small molecule,Discovery| Preclinical,Alzheimers disease| Amyotrophic lateral sclerosis,Neurology/Psychiatric| Rare Diseases,Oxygen modulator| Oxygen scavenger,,Spain,EVALUATE| PHARMAPROJECTS,2026-05-08T16:03:08.374Z,2026-05-08T16:03:08.374Z
6d88551b-224b-49ad-8af1-adc507543cfe,SMB-603,b6e93356-ff84-4983-902a-2555ea7b486d,,Suspended,,,Symbinas Pharmaceuticals,Parenteral formulation| Small molecule| Synthetic small molecule,Preclinical| Suspended,Alzheimers disease| Traumatic brain injury,Neurology/Psychiatric,Unclassified| Unidentified pharmacological activity,,US,EVALUATE| PHARMAPROJECTS,2026-05-08T16:03:08.436Z,2026-05-08T16:03:08.436Z
6584a8c2-6e77-457b-b4b2-0ba27148aac2,IPG014,c7556b1b-bb21-4fd5-965c-369c64c244dc,,Suspended,,,Immunophage Biomedical Co Ltd,Small molecule| Synthetic small molecule,Preclinical| Suspended,Amyotrophic lateral sclerosis| Chemotherapy-induced side effects| Multiple sclerosis| Multiple sclerosis (MS) unspecified| Radio/chemotherapy-induced peripheral neuropathy,Immune| Neurology/Psychiatric| Rare Diseases,Macrophage migration inhibitory factor (MIF) inhibitor,,China,EVALUATE| PHARMAPROJECTS,2026-05-08T16:03:09.255Z,2026-05-08T16:03:09.255Z
803215a4-4667-491a-8dcf-4baa5a315168,Neurological Disease Research Project,0fdf3220-6977-4b0c-be81-51ab1e7b2b02,,Preclinical,,,WaveBreak Inc,Small molecule,Preclinical,Alzheimers disease| Parkinson's disease,Neurology/Psychiatric,Alpha-synuclein accumulation inhibitor,,US,EVALUATE,2026-05-08T16:03:09.413Z,2026-05-08T16:03:09.413Z
7cf27536-3c3f-409e-a5bc-df225562aaf6,"glutaminyl cyclase inhibitor, JMackem",5cb5d4eb-29cd-40ff-9052-0c152a13a184,,Preclinical,,,Jmackem Co Ltd,Synthetic small molecule,Preclinical,Alzheimers disease,Neurology/Psychiatric,,,South Korea,PHARMAPROJECTS,2026-05-08T16:03:11.676Z,2026-05-08T16:03:11.676Z
b80cc9fc-b796-4455-9705-ee19f4f0a16e,"carbidopa + levodopa (solution, Parkinsons disease), Dizlin Medical Design/ Neuraxpharm",5cccf96f-eade-473e-b405-00b7f7bb3f0a,"Infudopa IntraV| Infudopa SubC| carbidopa + levodopa, Dizlin Medical Design",Phase 1 Clinical,,,Dizlin Medical Design AB| Neuraxpharm Group,Fixed-dose combination| Infusion| Intravenous formulation| Small molecule| Subcutaneous formulation| Synthetic small molecule,Phase 1 Clinical| Preclinical,Parkinson's disease| Parkinsons disease,Neurology/Psychiatric,Dopa decarboxylase modulator| Dopamine receptor agonist| Dopamine receptor potentiator,Dopamine receptor,Germany| Sweden,EVALUATE| CORTELLIS| PHARMAPROJECTS,2026-05-08T16:03:08.434Z,2026-05-08T16:03:08.434Z
dd5a55f1-27a6-4e4e-a888-38a21493ba5c,MP-101,c37735ec-d077-406c-b4fa-ebe787f15cfe,MP101,Phase 2 Clinical,,,Mitochon Srl,Small molecule,Phase 2 Clinical| Preclinical,Alzheimers disease| Amyotrophic lateral sclerosis| Batten disease| Becker muscular dystrophy| Burns| Epilepsy| Huntington's disease| Multiple sclerosis| Optic neuritis| Rett syndrome,Neurology/Psychiatric,Mitochondrial transcription factor A modulator,,US,EVALUATE| CORTELLIS| PHARMAPROJECTS,2026-05-08T16:03:09.315Z,2026-05-08T16:03:09.315Z
c673f86c-4a0d-4029-b9f8-7603af51dcdf,VIM-0423,9268178a-2cec-47d1-94d7-dfb776e16a26,VIM0423,Phase 2 Clinical,,,Vima Therapeutics Inc,Oral formulation| Small molecule,Phase 2 Clinical| Preclinical,Dystonia| Other neurological indications| Parkinson's disease,Musculoskeletal| Neurology/Psychiatric,Muscarinic acetylcholine (mAChR) receptor antagonist| Muscarinic receptor agonist,Muscarinic receptor,US,EVALUATE| CORTELLIS| PHARMAPROJECTS,2026-05-08T16:03:09.476Z,2026-05-08T16:03:09.476Z
793c05af-9174-495e-a01b-dc2fa1ee90d8,AEX-23,f5c38d6e-e8ab-4499-a132-9ef85b3d1c08,,Preclinical,,,Aexon Labs Inc,Oral formulation| Small molecule,Preclinical,Parkinson's disease| Parkinsons disease,Neurology/Psychiatric,Orexin 1 receptor agonist| Orexin 2 receptor agonist| Synuclein inhibitor,Orexin 1 receptor| Synuclein,US,EVALUATE| CORTELLIS| PHARMAPROJECTS,2026-05-08T16:03:08.259Z,2026-05-08T16:03:08.259Z
85da36da-b377-4625-942b-56f32d4ef216,Alzheimer's Disease Research Project (EYDBI),4ed6ff1c-7d04-4c25-a463-0ab633ed9401,"Alzheimer's disease therapy, EydisBio",Preclinical,,,EydisBio,Small molecule| Synthetic small molecule,Preclinical,Alzheimers disease,Neurology/Psychiatric,MAP kinase kinase kinase kinase 1 inhibitor| Mitogen-activated protein kinase kinase kinase kinase (MAP4K) 1 inhibitor,,US,EVALUATE| PHARMAPROJECTS,2026-05-08T16:03:08.260Z,2026-05-08T16:03:08.260Z
887a27ca-e0f2-4402-8e69-8cb9ce6c2b26,"remyelination therapy (neurodegenerative disease), pheno therapeutics",8c35c0d9-d891-4719-9bf2-98b8c1049e28,PTD-802| PTD802,Preclinical,,,Pheno AI Ltd| UCB SA,Oral formulation| Small molecule| Synthetic small molecule,Preclinical,Multiple sclerosis| Multiple sclerosis (MS) unspecified| Neurodegenerative disease| Neurological disease| Other neurological indications,Immune| Neurology/Psychiatric,G protein coupled receptor 17 antagonist| G protein-coupled receptor 17 (GPR17) antagonist,G protein coupled receptor 17,Belgium| UK,EVALUATE| CORTELLIS| PHARMAPROJECTS,2026-05-08T16:03:08.837Z,2026-05-08T16:03:08.837Z
a625e56e-0d2a-4966-8b22-2308dff1b415,CLX-106,62fa3740-dc82-4374-b58f-27b977c416e4,CLX-NEU-06,Suspended,,,Cellix Ltd,Fixed-dose combination| Oral formulation| Prodrug| Small molecule| Sustained release formulation| Synthetic small molecule,Preclinical| Suspended,Multiple sclerosis| Multiple sclerosis (MS) unspecified| Psoriasis,Dermatologic| Immune| Neurology/Psychiatric,Heme oxygenase 1 modulator| Omega 3 fatty acid stimulant| Transcription factor Nrf2 inhibitor| Unknown,Heme oxygenase 1,India,EVALUATE| CORTELLIS| PHARMAPROJECTS,2026-05-08T16:03:09.154Z,2026-05-08T16:03:09.154Z
cb07331f-de38-474c-b459-c44530194464,AR-1004,c7ec0be4-c65d-47a4-b6d4-1e540d45672f,AR1004,Suspended,,,AriBio Co Ltd,Antibiotic| Natural product| Small molecule| Synthetic small molecule| Systemic formulation unspecified,Phase 1 Clinical| Phase 2 Clinical| Preclinical| Suspended,"Cognitive disorder| Dementia, Parkinson's disease| Dementia, cerebrovascular| Parkinson's disease| Pneumonia, community-acquired (CAP)| Sepsis| Sepsis/Septic shock",Hematologic| Infection| Neurology/Psychiatric,Unclassified| Unidentified pharmacological activity,,South Korea,EVALUATE| CORTELLIS| PHARMAPROJECTS,2026-05-08T16:03:09.256Z,2026-05-08T16:03:09.256Z
3d43a7fb-1e7f-40db-b14f-f6d535c329e7,SAM-001,b9f6b1bb-947b-4ef6-bef3-77013a0ca865,SAM001,Preclinical,,,Samsara Inc,Oral formulation| Small molecule| Synthetic small molecule,Preclinical,Amyotrophic lateral sclerosis| Parkinson's disease| Parkinsons disease,Neurology/Psychiatric| Rare Diseases,Autophagy protein modulator| Mucolipin 1 inhibitor| Mucolipin transient receptor potential channel 1 (TRPML1) activator| TRPV agonist| Transient receptor potential cation modulator,Mucolipin 1,Germany| UK,EVALUATE| CORTELLIS| PHARMAPROJECTS,2026-05-08T16:03:09.534Z,2026-05-08T16:03:09.534Z
e001b4ec-927b-472c-8482-1209072d0a3d,"TAU aggregation inhibitor, AC Immune-2",16749b38-b110-469b-b26b-acf143587ade,,Preclinical,,,AC Immune SA,Synthetic small molecule,Preclinical,Alzheimers disease,Neurology/Psychiatric,Tau aggregation inhibitor,,Switzerland,PHARMAPROJECTS,2026-05-08T16:03:09.596Z,2026-05-08T16:03:09.596Z
ab471fc5-fd06-40fe-8797-1c9b9d31b8e4,"Parkinson's disease therapeutics, Casma Therapeutics",4dff8af4-f1b2-4f69-9842-bb47c8befe99,,Preclinical,,,Casma Therapeutics Inc,Small molecule,Preclinical,Parkinson's disease,Neurology/Psychiatric,Unidentified pharmacological activity,,US,PHARMAPROJECTS,2026-05-08T16:03:11.614Z,2026-05-08T16:03:11.614Z
6117077e-42e6-4a35-81b0-47092808e1e5,CXS-007,c028d8c0-9531-4694-981e-8504a32fab42,,Preclinical,,,Cxs Corp,Small molecule| Systemic formulation unspecified,Preclinical,Alzheimers disease,Neurology/Psychiatric,,,France,CORTELLIS,2026-05-08T16:03:12.217Z,2026-05-08T16:03:12.217Z
95bf3726-44a2-423e-8c9b-dfac42412b62,NT-0167,b12b0745-5334-42fc-bd0d-321a38394f8c,,Suspended,,,NodThera Ltd| Ryvu Therapeutics SA| Selvita SA,Oral formulation| Small molecule| Synthetic small molecule,Phase 1 Clinical| Preclinical| Suspended,Alzheimers disease| Autoimmune disease| Cancer| General cancer indications| General inflammatory disorders| Hyperuricemia| Inflammatory disease| Non-insulin dependent diabetes| Parkinsons disease| Rheumatoid arthritis,Alimentary/Metabolic| Cancer| Immune| Inflammatory| Musculoskeletal| Neurology/Psychiatric,Inflammasome inhibitor| NACHT LRR PYD domain protein 3 inhibitor| NLR family pyrin domain containing 3 (NLRP3) inflammasome inhibitor| NLR family pyrin domain containing 3 (NLRP3) inflammasome stimulant| NLR family pyrin domain containing 3 inhibitor| NLR family pyrin domain containing 3 stimulant,NACHT LRR PYD domain protein 3,Poland| UK| US,EVALUATE| CORTELLIS| PHARMAPROJECTS,2026-05-08T16:03:12.274Z,2026-05-08T16:03:12.274Z
d4791743-8595-4d85-af68-8f328495eb19,KP-405,e44537db-52d2-4bb5-a4f7-239f9265f132,KP405,Phase 1 Clinical,,,Kariya Pharmaceuticals IVS,Peptide| Small molecule,Phase 1 Clinical,Alzheimers disease| Parkinson's disease| Parkinsons disease,Neurology/Psychiatric,Gastric inhibitory polypeptide (GIP) receptor agonist| Gastric inhibitory polypeptide receptor agonist| Glucagon-like peptide 1 (GLP-1) receptor agonist| Glucagon-like peptide 1 gene stimulator| Glucagon-like peptide receptor agonist| Incretin mimetic,,Denmark,EVALUATE| CORTELLIS| PHARMAPROJECTS,2026-05-08T16:03:09.155Z,2026-05-08T16:03:09.155Z
33f3757d-e3b1-44a5-ae69-e4ff6dbb7cf0,ST-01,5a9e5ba7-b04e-4e84-b8a3-9423089a63f8,,Preclinical,,,Saillant Therapeutics,Small molecule,Preclinical,"Alzheimers disease| General cardiovascular indications| General viral indications| Stroke prophylaxis, general",Neurology/Psychiatric,Virus replication inhibitor,,Netherlands,EVALUATE,2026-05-08T16:03:08.715Z,2026-05-08T16:03:08.715Z
ecd482f8-e55e-4886-a662-f7f4e7e7cbc4,itanapraced,a0d4fd93-9413-430b-b2c6-74c088219afd,CSP-1103,Suspended,,,CereSpir Inc| Chiesi Farmaceutici SpA| Chiesi SAS,Capsule formulation| Oral formulation| Small molecule| Synthetic small molecule| Tablet formulation,Phase 2 Clinical| Suspended,Alzheimers disease| Batten's disease| COVID-19 complications| Cognitive disorder| Encephalitis| Parkinson's disease| Respiratory distress syndrome| Traumatic brain injury,Infection| Neurology/Psychiatric| Other/Miscellaneous| Rare Diseases| Respiratory,Amyloid precursor protein antagonist| Amyloid protein deposition inhibitor| Beta amyloid precursor protein antagonist| Gamma secretase inhibitor| Gamma-secretase inhibitor| Leucine-rich repeat kinase 2 inhibitor| Microglial modulator,Beta amyloid| Gamma-secretase,Italy| US,EVALUATE| CORTELLIS| PHARMAPROJECTS,2026-05-08T16:03:08.874Z,2026-05-08T16:03:08.874Z
ee0e15f4-01f8-497b-8e5a-a8661f7f6796,FHL-201,f6c8c7dd-0df7-4fb0-b877-896205ab7261,,Preclinical,,,Forest Hills Health Care Inc,Small molecule,Preclinical,Alzheimers disease| Parkinson's disease,Neurology/Psychiatric,Peroxisome proliferator-activated receptor alpha (PPAR-alpha) agonist| Peroxisome proliferator-activated receptor gamma (PPAR-gamma) agonist,,Hong Kong,EVALUATE| PHARMAPROJECTS,2026-05-08T16:03:09.795Z,2026-05-08T16:03:09.795Z
86437b31-ba0d-4a41-9f6c-7833fbec86a3,Eolo-40,2106646b-6a66-48e3-b077-0736c4beec8d,,Preclinical,,,EOLO Pharma SA,Synthetic small molecule,Preclinical,Alzheimers disease| Amyotrophic lateral sclerosis,Neurology/Psychiatric| Rare Diseases,Transcription factor NF-kappaB inhibitor,,Argentina,PHARMAPROJECTS,2026-05-08T16:03:11.615Z,2026-05-08T16:03:11.615Z
8ad6f4d9-7bbb-432f-93d5-2440b1427bd3,XJB-5-131,db4234e5-5f2b-418e-80d7-e2f26de6f69e,,Preclinical,,,University of Pittsburgh,Antibiotic| Small molecule| Systemic formulation unspecified,Preclinical,Aging| Alzheimers disease| Hemorrhagic shock| Huntingtons chorea| Inflammatory disease| Metabolic encephalopathy| Mitochondrial disease| Molybdenum cofactor deficiency| Radiation sickness| Wound healing,Cardiovascular| Dermatologic| Endocrine/Metabolic| Inflammatory| Neurology/Psychiatric| Other/Miscellaneous| Toxicity/Intoxication,,,US,CORTELLIS,2026-05-08T16:03:12.055Z,2026-05-08T16:03:12.055Z
50715db5-9a5a-4d22-aabb-f13d6a7db99a,FLZ,f33d8d9d-2e1f-4ceb-94ba-4868fc2772cb,,Suspended,,,Institute of Materia Medica Chinese Academy of Medical Sciences & Peking Union Medical College| Shijiazhuang Yiling Pharmaceutical Co Ltd,Natural product| Oral formulation| Small molecule| Synthetic small molecule| Tablet formulation,Phase 1 Clinical| Suspended,Parkinson's disease| Parkinsons disease,Cancer| Neurology/Psychiatric,Heat shock protein beta 1 stimulator| Hsp 70 stimulator| Unidentified pharmacological activity,Heat shock protein beta 1| Hsp 70,China,CORTELLIS| PHARMAPROJECTS,2026-05-08T16:03:12.154Z,2026-05-08T16:03:12.154Z
09ced076-7979-470a-a1fd-415c9c1c9230,11C-MK-6884,e866121e-d2e9-4f75-a19b-8503109f91c2,,Phase 1 Clinical,,,Merck & Co Inc,Radiolabeling| Small molecule| Systemic formulation unspecified,Phase 1 Clinical,Alzheimers disease,Neurology/Psychiatric,Muscarinic M4 receptor agonist,Muscarinic M4 receptor,US,CORTELLIS,2026-05-08T16:03:12.214Z,2026-05-08T16:03:12.214Z
385e39cb-dbc0-4e3b-9008-f07f7175693d,Parkinson's Disease Research Project 2,50ef9ad2-6ab1-4cf8-9306-d40ee4c351ef,,Preclinical,,,Acurex Biosciences Corp,Small molecule,Preclinical,Parkinson's disease,Neurology/Psychiatric,Unclassified,,US,EVALUATE,2026-05-08T16:03:08.936Z,2026-05-08T16:03:08.936Z
3a842b74-c823-4b60-a71b-52846fc5ee90,CNS Research Project 1,60b92b5a-1ed9-4257-9795-1b6c2dc03916,,Preclinical,,,Myrobalan Therapeutics Inc,Small molecule,Preclinical,Alzheimers disease| Amyotrophic lateral sclerosis| Multiple sclerosis (MS) unspecified,Neurology/Psychiatric,Unknown,,US,EVALUATE,2026-05-08T16:03:09.254Z,2026-05-08T16:03:09.254Z
eae6d0d3-d4a6-42f9-8cf1-e985894f6567,18F-JNJ-311,256a86bb-056b-4547-81c2-96b7d3c89f67,,Preclinical,,,Janssen,Radiolabeling| Small molecule,Preclinical,Alzheimers disease,Neurology/Psychiatric,,,Belgium,CORTELLIS,2026-05-08T16:03:11.835Z,2026-05-08T16:03:11.835Z
73b19185-cf45-4d3e-b561-ea642371988a,GB-7208,bdf38034-86fa-4379-b0a6-8aa141f6b505,GB7208,Suspended,,,Gossamer Bio Inc,Oral formulation| Small molecule| Synthetic small molecule,Preclinical| Suspended,"Alzheimers disease| Amyotrophic lateral sclerosis| Autoimmune disease| Multiple sclerosis| Multiple sclerosis (MS) unspecified| Multiple sclerosis, progressive, unspecified| Multiple sclerosis, relapsing-remitting| Parkinson's disease",Cancer| Immune| Neurology/Psychiatric| Rare Diseases,BTK gene stimulator| Bruton tyrosine kinase inhibitor| Bruton’s tyrosine kinase (BTK) inhibitor| CD11B integrin receptor agonist| Integrin receptor agonist| Integrin receptor stimulant,Btk tyrosine kinase,US,EVALUATE| CORTELLIS| PHARMAPROJECTS,2026-05-08T16:03:08.476Z,2026-05-08T16:03:08.476Z
39a2075b-a087-46db-aff4-2ba159569e73,ADP207-ABC,da8bb334-a248-44ea-ab45-67781840ec39,,Preclinical,,,Alector LLC,Small molecule| Synthetic small molecule,Preclinical,Parkinson's disease,Neurology/Psychiatric,Glycoprotein transmembrane Nmb (GPNMB) antibody| P-Glycoprotein inhibitor,,US,EVALUATE| PHARMAPROJECTS,2026-05-08T16:03:08.256Z,2026-05-08T16:03:08.256Z
e677bb12-69dd-458e-a4b3-ed30136bd564,zuranolone,d3be8c97-6846-4746-b8fd-7a5bd9daf473,,Suspended,,,Biogen NV| Sage SAS| Shionogi Ltd| Supernus Pharmaceuticals Inc,Animal| Capsule formulation| Once daily formulation| Oral solution formulation| Small molecule| Steroid| Synthetic small molecule,Launched| Phase 2 Clinical| Phase 3 Clinical| Suspended,"Anxiety, unspecified| Bipolar I disorder| Bipolar II disorder| Bipolar disorder| Depression| Depression, major depressive disorder| Epilepsy| Epilepsy, PCDH19-related female-limited| Essential tremor| Generalised anxiety| Generalized anxiety disorder| Insomnia| Major depressive disorder| Other sleep disorders| Parkinson's disease| Postnatal depression| Rett syndrome| Sleep disorder| Status epilepticus| Tuberous sclerosis",Neurology/Psychiatric| Rare Diseases,GABA receptor agonist| Gamma-aminobutyric acid (GABA) A receptor positive allosteric regulator| Gamma-aminobutyric acid (GABA) receptor agonist,GABA A receptor,Japan| US,EVALUATE| CORTELLIS| PHARMAPROJECTS,2026-05-08T16:03:11.714Z,2026-05-08T16:03:11.714Z
685bd492-862d-4720-9061-1142af81e0db,"alpha-synuclein aggregation inhibitor (Morphomer, Parkinson's disease/alpha-synucleinopathies), AC Immune",50a9062f-91af-44f9-a7e2-6c7aa3fde350,,Preclinical,,,AC Immune SA,Oral formulation| Small molecule,Preclinical,Neurodegenerative disease| Parkinsons disease,Neurology/Psychiatric,Synuclein inhibitor,Synuclein,Switzerland,CORTELLIS,2026-05-08T16:03:11.894Z,2026-05-08T16:03:11.894Z
a5ce34ec-9bcc-4ef4-9f34-f67e95b92b6e,MG-PE3,92684beb-6878-47b9-a5f1-531de82227c4,MG-PE-3,Preclinical,,,Emory University| MEPSGEN Co Ltd,Biological| Lipid nanoparticle formulation| Small molecule| Synthetic small molecule,Preclinical,Alzheimers disease,Neurology/Psychiatric,Amyloid protein deposition inhibitor| Beta amyloid modulator| LDL receptor agonist,Beta amyloid| LDL receptor,South Korea,EVALUATE| CORTELLIS| PHARMAPROJECTS,2026-05-08T16:03:08.715Z,2026-05-08T16:03:08.715Z
20238e35-d3ae-47fb-9bde-448b5a1623ab,E-2511,5e75f504-270c-4945-881b-14c47fcf6253,E2511,Phase 1 Clinical,,,Eisai Inc,Oral formulation| Small molecule| Synthetic small molecule| Tablet formulation,Phase 1 Clinical,Alzheimers disease| Dementia| Senile dementia,Neurology/Psychiatric,Synaptic transmission regulator| TrkA receptor agonist| Tropomyosin receptor kinase A (TrkA) stimulator,TrkA receptor,Japan,EVALUATE| CORTELLIS| PHARMAPROJECTS,2026-05-08T16:03:08.874Z,2026-05-08T16:03:08.874Z
8774aef5-ce60-4f07-b8b4-1312d11faa57,SRD4610,35d6a8bc-7fb6-4ebd-89be-8c90252380cf,SRD-4610,Phase 3 Clinical,,,Shanghai Pharmaceuticals Holding,Small molecule| Synthetic small molecule,Phase 3 Clinical,Amyotrophic lateral sclerosis,Neurology/Psychiatric| Rare Diseases,Unidentified pharmacological activity| Unknown,,China,EVALUATE| PHARMAPROJECTS,2026-05-08T16:03:08.936Z,2026-05-08T16:03:08.936Z
c79f391d-459d-49a8-aa05-f15fe64be95d,NPT-52034,b346fce9-fac6-4a52-8653-bdbdab9a74ac,NPT520-34,Suspended,,,Neuropore Therapies Inc,Capsule formulation| Oral formulation| Small molecule| Synthetic small molecule,Phase 1 Clinical| Suspended,Alzheimers disease| Amyotrophic lateral sclerosis| Neurodegenerative disease| Parkinson's disease| Parkinsons disease,Neurology/Psychiatric| Rare Diseases,PI3 kinase inhibitor| Phosphatidylinositol 3-kinase (PI3K) inhibitor| Phosphoinositide 3-kinase modulator| Solute carrier family 22A8 inhibitor,Phosphoinositide 3-kinase| Solute carrier family 22A8,US,EVALUATE| CORTELLIS| PHARMAPROJECTS,2026-05-08T16:03:09.036Z,2026-05-08T16:03:09.036Z
7870eb27-1737-4b01-9232-612759330d61,"Huntington's disease therapy, ReviR Therapeutics-2",59a3ca4e-2add-4933-a8c7-42c851a51337,,Suspended,,,Revir Inc,"Gene therapy| Nucleic acid, vector type| Synthetic small molecule",Preclinical| Suspended,Amyotrophic lateral sclerosis| Huntington's disease| Neurological disease,Neurology/Psychiatric| Rare Diseases,Unidentified pharmacological activity,,US,PHARMAPROJECTS,2026-05-08T16:03:09.636Z,2026-05-08T16:03:09.636Z
546e40b8-d646-48da-a90c-a48e2dc7fbaf,WD-920,228db497-9d63-4966-a6ad-a350da046eda,,Preclinical,,,Shanghai Wenda Biotech Inc,Bone marrow cell| Cell therapy| Stem cell| Synthetic small molecule,Preclinical,Amyotrophic lateral sclerosis| Parkinson's disease,Neurology/Psychiatric| Rare Diseases,Mesenchymal stem cell therapy| Unidentified pharmacological activity,,China,EVALUATE| PHARMAPROJECTS,2026-05-08T16:03:09.754Z,2026-05-08T16:03:09.754Z
4cb11408-f9c4-4cec-ac27-2312662dcd93,VNA-318,698f90d7-084e-4078-954d-896cb47f5c09,,Phase 1 Clinical,,,Vandria SA| École Polytechnique Fédérale Lausanne,Oral formulation| Small molecule,Phase 1 Clinical| Preclinical,"Alzheimers disease| Cognitive disorder| Dementia| Dementia, cerebrovascular| Parkinson's disease| Parkinsons disease",Neurology/Psychiatric,Unidentified pharmacological activity| Unknown,,Switzerland,EVALUATE| CORTELLIS| PHARMAPROJECTS,2026-05-08T16:03:08.657Z,2026-05-08T16:03:08.657Z
90ef9fcc-33b1-49f4-b374-bb1413a6e2e4,"serine hydrolase modulators (inflammatory and immunological diseases), Abide/ Celgene",e7bbe391-d71f-4ad6-aa50-206e2eb4d47f,Lu AG06466,Suspended,,,Abide Technologies LLC| Lundbeck NV,Small molecule| Synthetic small molecule,Phase 1 Clinical| Suspended,"Dyskinesia, levodopa-induced| Dyspepsia, non-ulcer| Epilepsy| Epilepsy, partial (focal, local)| Fibromyalgia| Functional dyspepsia| Immunological disease, unspecified| Inflammatory disease| Ischaemia, cerebral| Multiple sclerosis| Neuromyelitis optica| Neuropathic pain| Other neurological indications| Post traumatic stress disorder| Spasticity| Tourette syndrome",Alimentary/Metabolic| Cardiovascular| Immune| Inflammatory| Musculoskeletal| Neurology/Psychiatric| Rare Diseases| Sensory Organs,Hydrolase modulator| Monoacylglycerol lipase (MGLL) inhibitor| Monoacylglycerol lipase inhibitor,Hydrolase,Denmark| US,EVALUATE| CORTELLIS| PHARMAPROJECTS,2026-05-08T16:03:08.777Z,2026-05-08T16:03:08.777Z
ed20d8f9-c307-4191-9d42-ed0776e3923a,ARN-1104,01f09ef2-3665-44c2-8260-ef40671c8436,,Suspended,,,Arrien Pharmaceuticals LLC,Oral formulation| Small molecule| Synthetic small molecule,Preclinical| Suspended,Alzheimers disease| Down syndrome| Huntington's disease| Other neurological indications| Parkinson's disease,Neurology/Psychiatric,Leucine rich serine threonine kinase 2 inhibitor| Leucine-rich repeat kinase 2 inhibitor| Leucine-rich repeat serine/threonine-protein kinase 2 inhibitor,Leucine rich serine threonine kinase 2,US,EVALUATE| CORTELLIS| PHARMAPROJECTS,2026-05-08T16:03:09.214Z,2026-05-08T16:03:09.214Z
f58a545c-9fc3-4675-8710-ba99d26d7199,afamelanotide,bd7b74e2-9657-4377-b7d8-01a04cfdaad5,"afamelanotide, Clinuvel",Suspended,,,Clinuvel AG| Evonik Canada Inc| The University of Arizona,Modified-release| Parenteral formulation| Peptide| Reformulation| Small molecule,Launched| Phase 2 Clinical| Preclinical| Suspended,"Actinic keratosis| Albinism| Cancer, squamous cell| Erythropoietic protoporphyria| Inflammatory skin disorders| Ischaemia, cerebral| Non-melanoma skin cancer| Oedema| Parkinson's disease| Pemphigus| Photoageing/damage| Photodamage| Polymorphous light eruption| Porphyria| Psoriasis| Stroke| Undisclosed| Urticaria| Vitiligo| Xeroderma pigmentosum",Cancer| Cardiovascular| Dermatologic| Hematologic| Immune| Neurology/Psychiatric| Rare Diseases| Unknown,Melanocortin (MC) receptor agonist| Melanocortin MC-1 receptor agonist| Melanocortin receptor agonist| Melanocortin-1 (MC1) receptor agonist| Melanocyte stimulating hormone ligand,,Australia| Germany| US,EVALUATE| CORTELLIS| PHARMAPROJECTS,2026-05-08T16:03:09.596Z,2026-05-08T16:03:09.596Z
85f9af0d-54bd-4f1e-a29f-351c20c91d35,solriamfetol,0a597524-ccef-4562-b428-8ef4426165d2,,Launched,,,Atnahs Pharma UK Ltd (d/b/a Pharmanovia)| Axsome Therapeutics Inc| Ignis Health| JAZZ Venture Partners| SK Inc| Shionogi Ltd,Once daily formulation| Small molecule| Synthetic small molecule| Tablet formulation,Launched| Phase 2 Clinical| Phase 3 Clinical| Preclinical,"Apnea| Attention deficit disorder/hyperactivity (ADD/ADHD)| Attention deficit hyperactivity disorder| Binge eating disorder| Circadian rhythm sleep disorder| Depression| Depression, major depressive disorder| Hypersomnia| Major depressive disorder| Multiple sclerosis| Narcolepsy| Obstructive sleep apnea| Other sleep disorders| Parkinson's disease| Sleep disorder| Sleep disorder, Parkinson's disease",Neurology/Psychiatric| Rare Diseases| Respiratory| Toxicity/Intoxication,5-HT 1a receptor agonist| Adrenergic transmitter uptake inhibitor| Dopamine reuptake inhibitor| Norepinephrine reuptake stimulant| Norepinephrine/dopamine dual reuptake inhibitor| Trace amine associated receptor 1 agonist| Trace amine-associated receptor 1 (TAAR1) agonist,5-HT 1a receptor| Trace amine-associated receptor-1,China| Ireland| Japan| South Korea| UK| US,EVALUATE| CORTELLIS| PHARMAPROJECTS,2026-05-08T16:03:11.774Z,2026-05-08T16:03:11.774Z
0b3cfb57-1932-48aa-a24b-95903f1ac370,AM-1710,595a24eb-1d3d-42ed-8035-45d093032698,MAK1400,Suspended,,,Biogen NV| MakScientific LLC,Oral formulation| Small molecule| Synthetic small molecule,Preclinical| Suspended,"Multiple sclerosis (MS) unspecified| Other neurological indications| Pain| Pain, nociceptive, general| Peripheral neuropathy| Radio/chemotherapy-induced pain",Inflammatory| Neurology/Psychiatric,Cannabinoid (CB) receptor antagonist| Cannabinoid (CB) receptor type 2 (CB2) agonist| Cannabinoid CB2 receptor agonist| Cannabinoid receptor agonist| Fatty acid amide hydrolase (FAAH) inhibitor| Unidentified pharmacological activity,Cannabinoid CB2 receptor,US,EVALUATE| CORTELLIS| PHARMAPROJECTS,2026-05-08T16:03:08.316Z,2026-05-08T16:03:08.316Z
c70b18db-515c-44a6-b0d0-fb2c986bbac6,ART201,067caf61-6faf-4f5f-8c06-6ffdd45938a9,,Preclinical,,,Arete Discoveries Inc,Small molecule,Preclinical,Alzheimers disease| Amyotrophic lateral sclerosis| Multiple sclerosis (MS) unspecified,Neurology/Psychiatric,Unclassified,,US,EVALUATE,2026-05-08T16:03:08.655Z,2026-05-08T16:03:08.655Z
9ba4f659-1d6d-4ca0-9bea-474ac4c2148c,ISQ-202,dd56e21a-f725-4112-be20-12442378b51e,,Preclinical,,,Isquaemia Biotech Sl,Small molecule,Preclinical,Alzheimers disease| Amyotrophic lateral sclerosis| Parkinson's disease| Stroke,Cardiovascular,Unclassified,,Spain,EVALUATE,2026-05-08T16:03:08.715Z,2026-05-08T16:03:08.715Z
22ffa533-9b39-4d32-b6d6-e16c95851054,pimavanserin,bca0ccd8-c3df-4506-be0d-14fc48f7ee62,BVF-036| BVF-048| pimavanserin tartrate,Suspended,,,Acadia University| Bausch Health Companies Inc (d/b/a Bausch Health)| Ipsen SA,Capsule formulation| Film coating| Oral formulation| Small molecule| Tablet formulation,Launched| Phase 3 Clinical| Suspended,"Agitation, Alzheimer's disease| Alzheimers disease| Autism| Autism spectrum disorders (ASD)| Depression| Depression, major depressive disorder| Drug withdrawal syndrome| Dyskinesia, levodopa-induced| Impulse control disorder| Insomnia| Neurodegenerative disease| Other neurological indications| Parkinson's disease| Psychosis, Alzheimer's disease| Psychosis, Parkinson's disease| Psychosis, acute| Psychosis, unspecified| Psychotic disorder| Schizophrenia",Neurology/Psychiatric| Toxicity/Intoxication,5 Hydroxytryptamine 2A receptor agonist| 5 Hydroxytryptamine 2A receptor antagonist| 5-HT 2a receptor antagonist| 5-HT 2a receptor inverse agonist| 5-HT2A (serotonin) receptor agonist| 5-HT2A (serotonin) receptor inverse agonist,5-HT 2a receptor,Canada| France| US,EVALUATE| CORTELLIS| PHARMAPROJECTS,2026-05-08T16:03:08.874Z,2026-05-08T16:03:08.874Z
d8e8ad3a-c2d8-406c-89ed-2857cd514a26,ulixacaltamide,d47d7f1e-86d4-4de7-8482-fd7bb55243b2,,Suspended,,,Praxis Biotech LLC| Tenacia Biotechnology (Shanghai) Co Ltd| Zalicus Inc,Capsule formulation| Oral formulation| Oral quick release formulation| Oral sustained release formulation| Small molecule| Synthetic small molecule| Tablet formulation,Launched| Phase 2 Clinical| Phase 3 Clinical| Preclinical| Suspended,"Angina| Epilepsy| Epilepsy, generalized, absence| Essential tremor| Hypertension| Neuropathic pain| Pain, nociceptive, general| Parkinson's disease| Parkinsons disease",Cardiovascular| Endocrine/Metabolic| Neurology/Psychiatric| Rare Diseases,Calcium channel inhibitor T-type| T-type calcium channel blocker,Calcium channel T-type,China| US,EVALUATE| CORTELLIS| PHARMAPROJECTS,2026-05-08T16:03:11.716Z,2026-05-08T16:03:11.716Z
471a2266-ebc6-4356-9788-c40e92499d34,E2-Based Protein Degradation Program,9da7742a-ef90-4791-a9e8-348796743807,"E2-based protein degrader, BPGbio",Preclinical,,,BPGbio Inc| University of Oxford,Protein & peptide therapeutics| Synthetic small molecule,Preclinical,Cancer| General cancer indications| Parkinson's disease,Cancer| Neurology/Psychiatric,E2 ubiquitin ligase inhibitor| E3 ubiquitin ligase regulator| Protein degrader,,UK| US,EVALUATE| PHARMAPROJECTS,2026-05-08T16:03:09.754Z,2026-05-08T16:03:09.754Z
11b16a5b-8343-4c1d-816c-eb82771489b9,ALPHA-003,e63dc09f-fcba-4d9e-a8f7-bb22693d9539,,Preclinical,,,Filamon Ltd,Small molecule| Systemic formulation unspecified,Preclinical,Alzheimers disease| Dementia| Frontotemporal dementia| Neurodegenerative disease| Progressive supranuclear palsy| Rare neurological disease| Senile dementia| Traumatic brain injury,Neurology/Psychiatric,Tau kinase inhibitor| Unidentified pharmacological activity| Unknown,Tau protein,Australia,EVALUATE| CORTELLIS| PHARMAPROJECTS,2026-05-08T16:03:12.317Z,2026-05-08T16:03:12.317Z
c3c03635-5da3-4942-a63f-08fa137f264e,MTX325,c37ce8fc-88a1-4ad0-8bc9-85de64d82418,MTX-325,Suspended,,,MISSION Therapeutics,Small molecule| Synthetic small molecule,Phase 1 Clinical| Suspended,Cancer| Mitochondrial disease| Mitochondrial myopathy| Parkinson's disease| Pelizaeus Merzbacher disease,Alimentary/Metabolic| Cancer| Neurology/Psychiatric| Rare Diseases,Ubiquitin-specific processing protease 30 (USP30) inhibitor,,UK,EVALUATE| PHARMAPROJECTS,2026-05-08T16:03:09.093Z,2026-05-08T16:03:09.093Z
1efcd2f6-7a01-4f1f-bf16-9cd1ecdbdfa6,ofirnoflast,e794e06f-df9e-4460-b3b3-e6b510dbcc75,HT-6184,Phase 2 Clinical,,,Halia Therapeutics Inc,Capsule formulation| Small molecule| Synthetic small molecule,Discovery| Phase 2 Clinical| Preclinical,"Alzheimers disease| Anemia| Autoimmune disease| General cardiovascular indications| General inflammatory disorders| Hemolytic anemia| Inflammatory disease| Myelodysplastic syndrome| Non-insulin dependent diabetes| Obesity| Ocular disorder, unspecified| Pain| Postoperative pain| Sickle cell anemia",Alimentary/Metabolic| Cancer| Endocrine/Metabolic| Hematologic| Immune| Inflammatory| Musculoskeletal| Neurology/Psychiatric| Other/Miscellaneous| Rare Diseases| Sensory Organs,I-kappa B kinase gamma inhibitor| NACHT LRR PYD domain protein 3 inhibitor| NLR family pyrin domain containing 3 (NLRP3) inflammasome inhibitor| NLR family pyrin domain containing 3 inhibitor| Nek-7 protein kinase inhibitor| Protein kinase inhibitor,I-kappa B kinase gamma| NACHT LRR PYD domain protein 3| Nek-7 protein kinase,US,EVALUATE| CORTELLIS| PHARMAPROJECTS,2026-05-08T16:03:09.315Z,2026-05-08T16:03:09.315Z
16dabe64-78bf-43a6-8361-4ce7a655a1fb,"M1 PAM, Ascenueron",b783ba78-e831-44e1-bf9c-db3598b79a65,,Preclinical,,,Asceneuron SA,Small molecule| Synthetic small molecule,Discovery| Preclinical,"Dementia, Parkinson's disease| Frontotemporal dementia| Lewy body dementia| Undisclosed",Neurology/Psychiatric| Rare Diseases,Muscarinic M1 receptor agonist| Muscarinic acetylcholine receptor (M1) agonist,,Switzerland,EVALUATE| PHARMAPROJECTS,2026-05-08T16:03:09.796Z,2026-05-08T16:03:09.796Z
8068d1c5-0875-4151-a16f-e371bfd0f4a1,LRP1 targeting therapy,0c0359da-feff-4ccf-b968-f4964308f677,"LRP1 targeting therapy, QPMind",Preclinical,,,QPMind,Small molecule,Discovery| Preclinical,Alzheimers disease| Corticobasal degeneration| Other neurological indications,Neurology/Psychiatric| Rare Diseases,Unidentified pharmacological activity| Unknown,,US,EVALUATE| PHARMAPROJECTS,2026-05-08T16:03:11.676Z,2026-05-08T16:03:11.676Z
c25f955f-69a7-41d7-8797-b3a34756ee20,Caplyta,f3a11bf8-1e64-42a9-a31d-b9f657495e25,lumateperone tosylate,Suspended,,,Bristol-Myers Squibb AB| Johnson & Johnson,Oral formulation| Small molecule| Synthetic small molecule,Launched| Phase 1 Clinical| Phase 3 Clinical| Suspended,"Agitation| Alzheimers disease| Autism| Autism spectrum disorders (ASD)| Bipolar disorder| Depression| Depression, major depressive disorder| Insomnia| Other neurological indications| Other psychoses| Post traumatic stress disorder| Schizophrenia",Neurology/Psychiatric,5 Hydroxytryptamine 2A receptor antagonist| 5 Hydroxytryptamine uptake inhibitor| 5-HT2A (serotonin) receptor agonist| Dopamine receptor agonist,,US,EVALUATE| PHARMAPROJECTS,2026-05-08T16:03:11.774Z,2026-05-08T16:03:11.774Z
f09ab5fc-e9ee-477c-95f9-9e3c3b348ecd,AP-001 Ophthalmic,2f5a416d-8a60-4875-998a-4ecedb404064,,Preclinical,,,Anida Pharma Inc,Small molecule,Discovery| Preclinical,"Age-related macular degeneration (AMD), unspecified| Amyotrophic lateral sclerosis| Chemotherapy-induced side effects| Diabetic retinopathy| General eye disorders| Parkinson's disease| Retinitis pigmentosa| Ulcers, corneal",Sensory Organs,Unclassified,,US,EVALUATE,2026-05-08T16:03:08.875Z,2026-05-08T16:03:08.875Z
1848a82a-97af-46ee-b26d-26f1dd79a5f7,HE3789,cd224927-3418-49c0-b2d7-7dfb8023d276,,Suspended,,,Neurmedix Inc,Small molecule| Synthetic small molecule,Preclinical| Suspended,Alzheimers disease,Neurology/Psychiatric,Unclassified| Unidentified pharmacological activity,,US,EVALUATE| PHARMAPROJECTS,2026-05-08T16:03:08.995Z,2026-05-08T16:03:08.995Z
6cffb1b1-fb6f-4510-94d5-6d3b276fa5eb,AEX-2,cc0f4753-a86d-42bf-bb59-64f26dc7a1c4,,Preclinical,,,Aexon Labs Inc| NewcelX Ltd,Oral formulation| Small molecule,Preclinical,Alzheimers disease| Amyotrophic lateral sclerosis| Cognitive disorder| Diabetic neuropathy| Hypersomnia| Narcolepsy| Parkinsons disease,Neurology/Psychiatric| Rare Diseases,Cathepsin H inhibitor| Cathepsin inhibitor| Orexin 1 receptor agonist| Orexin 2 receptor agonist,Cathepsin H| Orexin 1 receptor| Orexin 2 receptor,Switzerland| US,EVALUATE| CORTELLIS| PHARMAPROJECTS,2026-05-08T16:03:09.034Z,2026-05-08T16:03:09.034Z
597d7f0e-8dd0-4170-80ac-1f89cfe9790f,SIR2501,2be1f0d9-2cfd-4fb3-b1e8-db8f1620c7c1,SIR-2501,Phase 2 Clinical,,,SIRONAX,Small molecule| Synthetic small molecule,Phase 1 Clinical| Phase 2 Clinical| Preclinical,Amyotrophic lateral sclerosis| Neurological disease| Other neurological indications| Radio/chemotherapy-induced peripheral neuropathy,Neurology/Psychiatric| Rare Diseases,Unidentified pharmacological activity| Unknown,,US,EVALUATE| PHARMAPROJECTS,2026-05-08T16:03:09.096Z,2026-05-08T16:03:09.096Z
44f11bb4-2127-4f31-ad65-078acf79e2fc,VVZ-3416,bd19bd52-ff92-474c-9522-eefe2597715e,,Preclinical,,,Vivozon Inc,Small molecule| Synthetic small molecule,Preclinical,Obesity| Parkinson's disease,Alimentary/Metabolic| Neurology/Psychiatric,Glutamate 5 receptor antagonist| Histone deacetylase 6 (HDAC6) inhibitor| Histone deacetylase 6 inhibitor| Metabotropic glutamate receptor 5 (MGLUR5) antagonist| Monoamine oxidase B (MAOB) inhibitor| Monoamine oxidase B inhibitor,,South Korea,EVALUATE| PHARMAPROJECTS,2026-05-08T16:03:09.536Z,2026-05-08T16:03:09.536Z
f9d813de-f4bb-4e59-bfde-8594e98f56f0,"repurposed duloxetine (depression/Alzheimer’s disease), Karolinska Institutet",42308f57-7d13-4dbb-b78b-9c38a2fcd386,,Preclinical,,,Karolinska Institutet,Small molecule| Systemic formulation unspecified,Preclinical,Alzheimers disease| Cognitive disorder| Dementia,Neurology/Psychiatric,Cholinesterase modulator,Cholinesterase,Sweden,CORTELLIS,2026-05-08T16:03:12.215Z,2026-05-08T16:03:12.215Z
3ab1d1bc-db3e-482c-9664-50ab53823744,IVL-4002,06b3ce39-ed7a-4dd6-855a-085653117a49,,Phase 1 Clinical,,,Inventage Lab Inc,Injectable formulation| Small molecule| Sustained release formulation| Systemic formulation unspecified,Discovery| Phase 1 Clinical| Preclinical,"Addiction, narcotic/opiate| Alcoholism| Multiple sclerosis| Multiple sclerosis (MS) unspecified| Opiate dependence",Immune| Neurology/Psychiatric,Opioid receptor agonist| Opioid receptor anatgonist,,South Korea,EVALUATE| CORTELLIS| PHARMAPROJECTS,2026-05-08T16:03:09.535Z,2026-05-08T16:03:09.535Z
92355c40-552f-46cd-b3ea-af1ce7e28b1c,AMC-6156,ebbdd761-0ce1-4f8d-a5f7-f79f0fc0cde2,,Phase 2 Clinical,,,Animuscure Co Ltd| Reyon Pharmaceuticals Co Ltd,Small molecule| Tablet formulation,Phase 2 Clinical| Preclinical,Amyotrophic lateral sclerosis| Sarcopenia,Musculoskeletal| Neurology/Psychiatric,Cyclo-oxygenase 2 (COX-2) inhibitor| Cyclooxygenase 2 modulator| Prostaglandin (PG) synthase inhibitor,Cyclooxygenase 2,South Korea,EVALUATE| CORTELLIS| PHARMAPROJECTS,2026-05-08T16:03:12.097Z,2026-05-08T16:03:12.097Z
4f211469-c129-46c9-ae75-6d975dbaaea2,NH-130,714a3f25-1524-4b0f-8d02-b0daddf1dc96,NH-130 citrate| NH130 citrate,Phase 2 Clinical,,,Jiangsu Nhwa Pharmaceutical Co Ltd,Once daily formulation| Oral formulation| Small molecule| Tablet formulation,Phase 2 Clinical,Parkinson's disease| Parkinsons disease| Psychiatric symptom,Neurology/Psychiatric,5 Hydroxytryptamine 2A receptor agonist| 5-HT2A (serotonin) receptor agonist,,China,EVALUATE| CORTELLIS| PHARMAPROJECTS,2026-05-08T16:03:08.936Z,2026-05-08T16:03:08.936Z
f91e054d-9a32-4904-8074-d98582cf8fd5,N-17350,c856a756-12bc-4363-b0f0-1f163ead53e1,NEU-001,Phase 1 Clinical,,,NeuDirection,Small molecule,Phase 1 Clinical,Amblyopia,Sensory Organs,G protein-coupled receptor (GPCR) agonist,,Hong Kong,EVALUATE| CORTELLIS| PHARMAPROJECTS,2026-05-08T16:03:12.375Z,2026-05-08T16:03:12.375Z
b5ddfce1-0962-41f4-8a95-26407e501699,EX-039,2fb73ca5-f0e1-4c2d-811d-923ff19b478b,,Suspended,,,Excelsior Inc,Small molecule,Phase 2 Clinical| Preclinical| Suspended,"Alzheimers disease| Anti-NMDA receptor encephalitis| Autism| Dementia| Depression, major depressive disorder| Schizophrenia",Neurology/Psychiatric| Rare Diseases,,,Taiwan,PHARMAPROJECTS,2026-05-08T16:03:11.556Z,2026-05-08T16:03:11.556Z
5a4704c9-af86-4727-a39e-b40854a311e3,ENERGI-F705,aaf98d1d-8d3d-48f7-96e2-9ad027237060,ENERGI-F-705,Phase 1 Clinical,,,Energenesis Biomedical,Oral sustained release formulation| Small molecule| Synthetic small molecule| Tablet formulation,Phase 1 Clinical,Parkinson's disease| Parkinsons disease,Neurology/Psychiatric,5' AMP-activated protein kinase (AMPK) regulator| 5' AMP-activated protein kinase (AMPK) stimulant| AMP activated protein kinase modulator| AMPK stimulant| Hydroxylase inhibitor,AMP activated protein kinase| Tyrosine hydroxylase,Taiwan,EVALUATE| CORTELLIS| PHARMAPROJECTS,2026-05-08T16:03:09.595Z,2026-05-08T16:03:09.595Z
1c7bf1bf-d13a-4a3f-8007-73ca05cb6fa9,golexanolone,9545c205-d25f-4e29-be3b-256449fbfbf3,,Phase 2 Clinical,,,Umecrine Cognition AB,Animal| Capsule formulation| Oral formulation| Small molecule| Steroid| Synthetic small molecule,Phase 2 Clinical| Preclinical,"Circadian rhythm sleep disorder| Cirrhosis, primary biliary| Cognitive disorder| Fatigue| Hepatic encephalopathy| Hyperammonemia| Hypersomnia| Hypersomnia, idiopathic| Parkinson's disease| Parkinsons disease| Primary biliary cholangitis",Alimentary/Metabolic| Endocrine/Metabolic| Gastrointestinal| Neurology/Psychiatric| Other/Miscellaneous| Rare Diseases,GABA receptor agonist,GABA A receptor,Sweden,CORTELLIS| PHARMAPROJECTS,2026-05-08T16:03:09.637Z,2026-05-08T16:03:09.637Z
0083911e-1a17-4b2c-9b95-17313131e43e,"ZS-07 (Alzheimer’s disease), Zensun (Shanghai) Sci-Tech",9960f55f-b9b6-4d12-9519-61341d16bad9,,Preclinical,,,Zensun (Shanghai) Sci-Tech Co Ltd,Drug combination| Small molecule,Preclinical,Alzheimers disease,Neurology/Psychiatric,,,China,CORTELLIS,2026-05-08T16:03:12.215Z,2026-05-08T16:03:12.215Z
512b675e-1a7c-40bb-b20f-f47077ebdb35,SO-002(FTLD)-D derivative,6f32675b-a8d0-4f2b-91e3-c399c7cfa87f,SO-002,Preclinical,,,SOCIUM Inc,Small molecule| Synthetic small molecule| Systemic formulation unspecified,Discovery| Preclinical,Amyotrophic lateral sclerosis| Frontotemporal dementia,Neurology/Psychiatric| Rare Diseases,TAR DNA binding protein 43 modulator| Unclassified| Unidentified pharmacological activity,TAR DNA binding protein 43,Japan,EVALUATE| CORTELLIS| PHARMAPROJECTS,2026-05-08T16:03:08.315Z,2026-05-08T16:03:08.315Z
5ea24176-5e34-4461-b780-063bee54c4cc,AC-203,b097cb76-b381-4c0c-8ac7-b24270bf02e3,,Preclinical,,,Accropeutics,Small molecule,Preclinical,Alzheimers disease| Amyloidosis| Ankylosing spondylitis| Hidradenitis suppurativa| Rheumatoid arthritis| Systemic lupus erythematosus,Musculoskeletal,Unclassified,,China,EVALUATE,2026-05-08T16:03:08.833Z,2026-05-08T16:03:08.833Z
765d26ec-0cc1-421b-b47f-d0089936fade,comtifator,eba5cb88-163e-4a35-aa29-cad923fc532e,EVT-8683| EVT8683,Phase 1 Clinical,,,Bristol-Myers Squibb AB| Evotec (UK) Ltd| Evotec SE,Capsule formulation| Small molecule| Tablet formulation,Phase 1 Clinical| Preclinical,Alzheimers disease| Amyotrophic lateral sclerosis| Neurodegenerative disease| Neurological disease| Other neurological indications| Undisclosed,Cancer| Neurology/Psychiatric| Rare Diseases,Eukaryotic initiation factor 2 beta stimulator| Eukaryotic translation initiation factor 2B activator| Eukaryotic translation initiation factor 2B inhibitor| Protein degrader| Stem cell inhibitor| Translation initiation factor 2B stimulant,Eukaryotic initiation factor 2 beta,Germany| US,EVALUATE| CORTELLIS| PHARMAPROJECTS,2026-05-08T16:03:08.995Z,2026-05-08T16:03:08.995Z
af48ba6c-bbe0-4e95-a6f5-220fbc4e3b76,RAG-17,b6a6a199-47ca-4a60-bce6-837aae9f5127,,Phase 2 Clinical,,,Ractigen Therapeutics Co Ltd,DNA & RNA therapeutics| Infusion| Intrathecal formulation| Oligonucleotide conjugated| RNA interference| Small molecule| small interfering RNA (siRNA),Phase 2 Clinical,Amyotrophic lateral sclerosis,Neurology/Psychiatric| Rare Diseases,Gene expression inhibitor| SOD1 gene inhibitor| Superoxide dismutase 1 (SOD1) RNAi therapeutic| Superoxide dismutase 1 (SOD1) antibody| Superoxide dismutase-1 inhibitor,SOD1 gene,China,EVALUATE| CORTELLIS| PHARMAPROJECTS,2026-05-08T16:03:12.095Z,2026-05-08T16:03:12.095Z
d3eac729-b7d9-4d6e-b9c9-65f08a174def,ATUX-6156,18e856c0-8f99-42cd-bad0-3348bb4b6581,,Preclinical,,,Columbia University,Small molecule| Systemic formulation unspecified,Preclinical,Alzheimers disease| Frontotemporal dementia| Medulloblastoma| Neurodegenerative disease| Parkinsons disease,Cancer| Neurology/Psychiatric,Serine threonine phosphatase PP2A stimulator,Serine threonine phosphatase PP2A,US,CORTELLIS,2026-05-08T16:03:12.096Z,2026-05-08T16:03:12.096Z
751688d8-7387-4134-b362-800b26c130a7,PBT-2,0aaf3887-ec90-4a8a-961e-f08d7471f962,,Suspended,,,Alterity Therapeutics Ltd,Capsule formulation| Oral formulation| Small molecule| Synthetic small molecule,Phase 2 Clinical| Suspended,"Alzheimers disease| Huntington's disease| Huntingtons chorea| Infection, unspecified",Infection| Neurology/Psychiatric| Rare Diseases,Amyloid protein deposition inhibitor| Beta amyloid modulator| Chelating agent| Tau aggregation inhibitor| Tau kinase inhibitor,Beta amyloid| Tau protein,Australia,CORTELLIS| PHARMAPROJECTS,2026-05-08T16:03:12.374Z,2026-05-08T16:03:12.374Z
9c23bcb1-edff-418c-9cf9-bc2624399aee,WP-203-A,b56d1974-a1de-430f-ab39-52192f8a397a,afamelanotide,Suspended,,,Clinuvel AG,Dermatological formulation| Emulsion dermatological| Injectable controlled release formulation| Liquid formulation| Protein recombinant| Quick release formulation| Small molecule| Solution| Subcutaneous drug implant| Subcutaneous formulation| Sustained release formulation| Transdermal formulation,Launched| Phase 2 Clinical| Suspended,Alzheimers disease| Cerebral hemorrhage| Erythropoietic protoporphyria| Ischemic stroke| Neuritis| Non segmental vitiligo| Parkinsons disease| Porphyria| Traumatic brain injury| Vitiligo| Xeroderma pigmentosum,Cancer| Cardiovascular| Dermatologic| Endocrine/Metabolic| Neurology/Psychiatric| Toxicity/Intoxication,Melanocortin receptor agonist| Melanocyte stimulating hormone ligand,Melanocortin receptor| Melanocyte stimulating hormone ligand,,CORTELLIS,2026-05-08T16:03:12.376Z,2026-05-08T16:03:12.376Z
eaf117fd-48c1-44c1-bdc0-e857d52ceeef,Undisclosed Research Project,fdec6b65-8799-42d6-9b13-1628f82564fe,,Preclinical,,,ProJenX Inc,Small molecule,Discovery| Preclinical,Amyotrophic lateral sclerosis| Glioblastoma| Other neurological indications,Unknown,Unclassified,,US,EVALUATE,2026-05-08T16:03:08.375Z,2026-05-08T16:03:08.375Z
7ad1540e-b4bb-4342-8b6b-d22d5c7a88d2,ARKD-104,37652a73-2b33-407f-81b9-c637d69b6270,,Suspended,,,Arkuda Therapeutics| Johnson & Johnson,Oral formulation| Small molecule| Synthetic small molecule,Preclinical| Suspended,Frontotemporal dementia| Neurodegenerative disease| Parkinson's disease,Neurology/Psychiatric| Rare Diseases,Granulin ligand| Unclassified| Unidentified pharmacological activity,Granulin ligand,US,EVALUATE| CORTELLIS| PHARMAPROJECTS,2026-05-08T16:03:09.256Z,2026-05-08T16:03:09.256Z
91fb4a71-82bd-46d3-9fe7-db5492c86f3a,Neurovascular Channel Research Project,caeb397d-7e7c-48ad-b53a-c0c4475def3c,"neurovascular channel modulator, Autifony Therapeutics",Preclinical,,,Autifony Alpha Ltd,Small molecule| Synthetic small molecule,Discovery| Preclinical,"Alzheimers disease| Dementia, cerebrovascular| Ischaemia, cerebral| Stroke| Vascular dementia",Cardiovascular| Neurology/Psychiatric,Unclassified| Unidentified pharmacological activity,,UK,EVALUATE| PHARMAPROJECTS,2026-05-08T16:03:11.555Z,2026-05-08T16:03:11.555Z
ec07a7b8-9a73-4099-9a42-6b08949d1a0d,"naltrexone (low dose, oral formulation, fibromyalgia), Statera BioPharma",bffaf5ce-e9d5-4c08-8336-266690bb57e0,"naltrexone hydrochloride, TNI BioTech",Suspended,,,Cytocom Subsidiary Inc| Immune Therapeutics Inc (d/b/a Biostax Corp)| Jenken Bioscience Inc| LDN Pharma Ltd| Statera AG LLC| TaiwanJ Pharmaceuticals,Capsule formulation| Oral formulation| Oral sustained release formulation| Other reformulation| Small molecule| Synthetic small molecule,Launched| Phase 1 Clinical| Phase 2 Clinical| Preclinical| Suspended,"Alcoholic fatty liver disease| Autoimmune disease| Autoimmune hepatitis| COVID-19 prophylaxis| COVID-19 treatment| Cancer| Cervical cancer| Chronic kidney disease| Coronavirus disease 19 infection| Crohns disease| Fibromyalgia| General cancer indications| General inflammatory disorders| General liver disorders| HIV infection| HIV treatment| Hepatitis C treatment| Hepatitis, non-infectious| Immune disorder| Infection, HIV/AIDS| Infection, coronavirus, novel coronavirus| Influenza virus infection| Liver disease| Liver fibrosis| Metabolic dysfunction-associated steatohepatitis| Metabolic dysfunction-associated steatotic liver disease| Multiple sclerosis| Non-alcoholic steatohepatitis| Post-COVID syndrome| Primary-Progressive MS (PPMS)| Relapsing-Remitting MS (RRMS)| Secondary-Progressive MS (SPMS)| Ulcerative colitis",Alimentary/Metabolic| Cancer| Gastrointestinal| Immune| Infection| Musculoskeletal| Neurology/Psychiatric| Other/Miscellaneous,Opioid receptor agonist| Opioid receptor anatgonist| Opioid receptor kappa agonist| Opioid receptor mu agonist| TLR-4 antagonist| Toll-like receptor 4 (TLR4) agonist,Opioid growth factor receptor| Opioid receptor| TLR-4,Taiwan| US,EVALUATE| CORTELLIS| PHARMAPROJECTS,2026-05-08T16:03:11.777Z,2026-05-08T16:03:11.777Z
5be45c9e-22c7-47f3-9f10-5ec983f3b491,"donepezil (transdermal patch/Bio-D3 Transdermal DDS, Alzheimers disease), NAL Pharma",ac618ec9-7994-4c52-b69c-4c6b990105e8,,Suspended,,,NAL Pharma,Buccal formulation systemic| Disintegrating| Patch formulation| Quick release formulation| Small molecule| Synthetic small molecule| Transdermal formulation,Phase 1 Clinical| Suspended,Alzheimers disease,Neurology/Psychiatric,Acetylcholinesterase inhibitor| Unidentified pharmacological activity,Acetylcholinesterase,Hong Kong,CORTELLIS| PHARMAPROJECTS,2026-05-08T16:03:12.055Z,2026-05-08T16:03:12.055Z
5b383a2a-3a30-4809-9d02-6f946edd5d8a,FDY-8801,3c4dbc14-35b8-4b12-a616-174ec42fa45d,S-oxprenolol,Phase 2 Clinical,,,ActiMed Laboratories Inc| Faraday Power Ltd,Small molecule| Systemic formulation unspecified,Phase 2 Clinical| Preclinical,"Amyotrophic lateral sclerosis| Cachexia| Cachexia (wasting), other",Neurology/Psychiatric| Other/Miscellaneous,5-HT (serotonin) receptor antagonist| Transforming growth factor (TGF) beta 1 receptor antagonist| Transforming growth factor (TGF) beta 2 regulator,,UK| US,EVALUATE| CORTELLIS,2026-05-08T16:03:08.716Z,2026-05-08T16:03:08.716Z
e6e7af5b-6544-4b79-9c62-c04381168c10,"levodopa + carbidopa (morning akinesia, Parkinson's disease), Contera Pharma",0ae91f9b-9420-40d9-9b9a-0d2b3b2042cb,"CP-012| JM-012| levodopa + carbidopa, Contera Pharma",Suspended,,,BDD pharma Ltd| Bukwang Medica Co Ltd| Contera Pharma A/S| Solural Pharma Aps,Drug combination| Fixed-dose combination| Oral sustained release formulation| Reformulation| Small molecule| Synthetic small molecule| Tablet formulation,Phase 1 Clinical| Preclinical| Suspended,"Akinesia| Dyskinesia, unspecified| Other neurological indications| Parkinson's disease| Parkinsons disease",Neurology/Psychiatric,Dopa decarboxylase modulator| Dopamine receptor agonist| Dopamine receptor potentiator| Unclassified| Unidentified pharmacological activity,Dopa decarboxylase| Dopamine receptor,Denmark| South Korea| UK,EVALUATE| CORTELLIS| PHARMAPROJECTS,2026-05-08T16:03:08.935Z,2026-05-08T16:03:08.935Z
bde0c43b-f808-43af-b01f-4ee55a2e3b1c,ACI-3024,fcb87d47-4cd4-4f13-b8e0-d00565a331f7,,Suspended,,,AC Immune SA,Oral formulation| Small molecule| Synthetic small molecule,Preclinical| Suspended,Alzheimers disease| Neurological disease| Other neurological indications,Neurology/Psychiatric,Tau aggregation inhibitor,Tau protein,Switzerland,EVALUATE| CORTELLIS| PHARMAPROJECTS,2026-05-08T16:03:09.036Z,2026-05-08T16:03:09.036Z
77489751-a9dd-4662-8188-f5916f41a835,Alzheimer's Research Project (SELRA),3d54db4b-1ec9-4c87-ac93-22389744220f,,Preclinical,,,Selonterra LLC,Small molecule,Preclinical,Alzheimers disease,Neurology/Psychiatric,Apolipoprotein E (ApoE) 4 regulator,,US,EVALUATE,2026-05-08T16:03:09.154Z,2026-05-08T16:03:09.154Z
82b9614e-9347-4c32-84ed-ad21363dde8f,"nabiximols, GW Pharmaceuticals",ce2feabc-3da7-4ec0-b6f5-3715dfd50928,,Suspended,,,Almirall SA| Bayer| Ethicann Pharmaceuticals Inc| Gw Medical LLC| Ipsen SA| JAZZ Venture Partners| NeoPharm Inc| Novartis AG,Buccal formulation systemic| Drug combination| Fixed-dose combination| Formulation aerosol| Natural product| Plant extract| Small molecule| Synthetic small molecule,Launched| Preclinical| Suspended,"Brain tumor| Breast tumor| Cancer pain| Diabetic neuropathy| General liver disorders| Glioblastoma| Huntington's disease| Muscle hypertonia| Muscle spasticity| Neuromyelitis optica| Neuropathic pain| Pain, cancer-induced| Peripheral neuropathy| Post traumatic stress disorder| Postoperative pain| Radiotherapy-induced side effects| Rheumatoid arthritis| Spinal cord injury| Urinary incontinence",Cancer| Gastrointestinal| Genitourinary/Sexual Function| Immune| Musculoskeletal| Neurology/Psychiatric,Adenosine reuptake inhibitor| Cannabinoid (CB) receptor type 1 (CB1) agonist| Cannabinoid (CB) receptor type 2 (CB2) agonist| Cannabinoid CB1 receptor inverse agonist| Cannabinoid CB2 receptor agonist| Cannabinoid receptor agonist| GPR55 antagonist| Vanilloid receptor 1 agonist,Cannabinoid CB1 receptor| Cannabinoid CB2 receptor| Cannabinoid receptor,Canada| France| Germany| Ireland| Israel| Spain| Switzerland| UK,EVALUATE| CORTELLIS| PHARMAPROJECTS,2026-05-08T16:03:12.375Z,2026-05-08T16:03:12.375Z
bdf7d415-65d2-46ee-b551-9ff837a289db,tiomolibdate choline,481756b3-0f13-430a-8d9d-053a0c977129,choline tetrathiomolybdate,Suspended,,,Attenuon LLC| Monopar Therapeutics Inc| The University of Michigan,Capsule formulation| Oral formulation| Small molecule| Synthetic small molecule| Tablet formulation,Phase 3 Clinical| Suspended,"Amyotrophic lateral sclerosis| Breast tumor| Cancer, leukaemia, unspecified| Cancer, lymphoma, unspecified| Cancer, melanoma| Cancer, myeloma| Myelodysplastic syndrome| Prostate cancer| Wilson disease",Cancer| Gastrointestinal| Neurology/Psychiatric| Rare Diseases| Unknown,Angiogenesis inhibitor| Chelating agent| Copper chelator| Superoxide dismutase (Cu-Zn) inhibitor| Superoxide dismutase 1 (SOD1) antibody| Superoxide dismutase-1 inhibitor,Superoxide dismutase (Cu-Zn),US,EVALUATE| CORTELLIS| PHARMAPROJECTS,2026-05-08T16:03:09.637Z,2026-05-08T16:03:09.637Z
6e4fe985-6bad-407c-b1e3-1896bc610e0d,"multiple sclerosis therapy, Progentos Therapeutics",16a6cc2f-6057-463d-9fb8-d52386c2ddc4,,Preclinical,,,Progentos Therapeutics Inc,Small molecule,Preclinical,Multiple sclerosis,Neurology/Psychiatric,Unidentified pharmacological activity,,US,PHARMAPROJECTS,2026-05-08T16:03:11.676Z,2026-05-08T16:03:11.676Z
077cb886-ecd9-4d67-9f87-2f806cd13cc6,Parkinson's Disease Research Project (PLECPHARC),725c6281-9163-455b-b757-e981f0eb1b1f,Parkinson's Disease Research Project,Preclinical,,,AKAVA Therapeutics Inc| Collidion Inc| Gain Medical Co Ltd| Nine Square Therapeutics Inc,Small molecule,Discovery| Preclinical,Alzheimers disease| Melanoma| Parkinson's disease,Neurology/Psychiatric,FK506 binding protein (FKBP) inhibitor| Gamma-aminobutyric acid (GABA) receptor agonist| Neuronal nitric oxide synthase (nNOS) inhibitor| Unclassified,,US,EVALUATE,2026-05-08T16:03:08.315Z,2026-05-08T16:03:08.315Z
434ee456-b3b1-4bfe-9992-64c5aa937069,NVG-300,e80ee058-e410-4530-8b28-b654ede34c1d,,Preclinical,,,NervGen Pharma Corp,Biological| Injectable formulation| Liquid formulation| Small molecule| Synthetic small molecule,Discovery| Preclinical,"Alzheimers disease| Amyotrophic lateral sclerosis| Ischaemia, cerebral| Ischemic stroke| Multiple sclerosis| Spinal cord injury| Stroke",Cardiovascular| Immune| Neurology/Psychiatric| Rare Diseases,Unclassified| Unidentified pharmacological activity,,Canada,EVALUATE| CORTELLIS| PHARMAPROJECTS,2026-05-08T16:03:08.993Z,2026-05-08T16:03:08.993Z
c95a83a3-85cb-4610-ba9b-bc46d4e32a3a,MTR-601,34088863-89b2-4859-aee2-058fb533cbe8,,Phase 2 Clinical,,,Eötvös Loránd University| Motorpharma Ltd| Motric Bio Inc,Capsule formulation| Oral formulation| Small molecule| Synthetic small molecule,Phase 1 Clinical| Phase 2 Clinical,Cerebral palsy| Hereditary spastic paraplegia| Multiple sclerosis| Muscle hypertonia| Muscle spasm| Muscle spasticity| Myotonia| Spinal cord injury| Stroke| Torticollis,Immune| Musculoskeletal| Neurology/Psychiatric| Rare Diseases,Myosin 2 inhibitor| Myosin modulator| Skeletal myosin inhibitor,Myosin 2,Hungary| US,EVALUATE| CORTELLIS| PHARMAPROJECTS,2026-05-08T16:03:11.835Z,2026-05-08T16:03:11.835Z
01fc9844-6de1-47db-ae9e-3745f447e26b,CS-12192,b11cadd0-8986-4c38-bf69-6ca1921ca08a,,Suspended,,,Shenzhen Chipscreen Biotech Co Ltd,Capsule formulation| Oral formulation| Small molecule| Synthetic small molecule,Phase 1 Clinical| Preclinical| Suspended,Alopecia areata| Atopic dermatitis| Autoimmune disease| Cancer| Graft versus host disease| Inflammatory bowel disease| Multiple sclerosis| Other immune indications| Psoriasis| Rheumatoid arthritis| Systemic lupus erythematosus,Alimentary/Metabolic| Cancer| Dermatologic| Gastrointestinal| Immune| Neurology/Psychiatric| Rare Diseases,JAK1 gene inhibitor| JAK3 gene inhibitor| Janus kinase 1 inhibitor| Janus kinase 3 (JAK3) inhibitor| Janus kinase 3 inhibitor| Serine threonine protein kinase TBK1 inhibitor,Jak1 tyrosine kinase| Jak3 tyrosine kinase| Serine threonine protein kinase TBK1,China,EVALUATE| CORTELLIS| PHARMAPROJECTS,2026-05-08T16:03:09.696Z,2026-05-08T16:03:09.696Z
57f03ab8-3360-4ffb-9895-e7d73c98c1ce,ENT-03,3393411a-2ef1-4fe2-a5d4-6c8917b2ce98,,Suspended,,,Enterin Inc,Small molecule| Subcutaneous formulation| Synthetic small molecule,Phase 1 Clinical| Preclinical| Suspended,"Alzheimers disease| Diabetes, undisclosed Type| Multiple sclerosis| Multiple sclerosis (MS) unspecified| Non-insulin dependent diabetes| Obesity",Alimentary/Metabolic| Endocrine/Metabolic| Gastrointestinal| Immune| Neurology/Psychiatric| Other/Miscellaneous,Insulin sensitizer| Protein tyrosine phosphatase-1B inhibitor| Protein-tyrosine phosphatase 1B (PTP1B) inhibitor,Insulin ligand| Protein tyrosine phosphatase-1B,US,EVALUATE| CORTELLIS| PHARMAPROJECTS,2026-05-08T16:03:11.554Z,2026-05-08T16:03:11.554Z
fbafa522-5c60-4348-b05f-1c6c5241d5a8,"K-102, Cadenza Bio",a643700b-3b89-49b5-81a2-8b61cec5887a,,Preclinical,,,Cadenza Bio Inc,Oral formulation| Small molecule| Synthetic small molecule,Preclinical,Multiple sclerosis,Immune| Neurology/Psychiatric,Estrogen receptor agonist| Unidentified pharmacological activity,Estrogen receptor beta,US,CORTELLIS| PHARMAPROJECTS,2026-05-08T16:03:11.677Z,2026-05-08T16:03:11.677Z
b358dc46-38aa-49ca-ae2a-b378d11d44d1,"back-up series of allosteric GCase modulators (Parkinsons disease), Gain Therapeutics",dad66e84-de14-4c44-a80a-37408ce63476,,Preclinical,,,Gain Medical Co Ltd,Oral formulation| Small molecule,Preclinical,Parkinsons disease,Neurology/Psychiatric,Glucosylceramidase modulator,Glucosylceramidase,US,CORTELLIS,2026-05-08T16:03:11.896Z,2026-05-08T16:03:11.896Z
b7461c61-c055-453f-a824-aee68ba70c01,REM-392,4c1f9c12-c068-4d73-bd11-16187f1e8fd9,REM392,Phase 1 Clinical,,,remynd NV,Oral liquid formulation| Small molecule,Phase 1 Clinical,Alzheimers disease,Neurology/Psychiatric,Septin modulator| Unidentified pharmacological activity| Unknown,Septin,Belgium,EVALUATE| CORTELLIS| PHARMAPROJECTS,2026-05-08T16:03:09.416Z,2026-05-08T16:03:09.416Z
9a0436f9-aaa7-41d7-944c-8b00d35692e9,LD-14b,1fac70c8-fabf-4f6d-b032-0a5eb04fc024,,Preclinical,,,Nebraska Medicine,Oral formulation| Small molecule,Preclinical,Alzheimers disease,Neurology/Psychiatric,3 hydroxyacyl CoA dehydrogenase type 2 modulator| Beta amyloid modulator,3 hydroxyacyl CoA dehydrogenase type 2| Beta amyloid,US,CORTELLIS,2026-05-08T16:03:12.216Z,2026-05-08T16:03:12.216Z
7628d5d0-582a-4ae0-bdef-c6bbba0a9d55,zibotentan,c9c713ea-5eb0-4de3-a196-1beeca14f307,,Phase 3 Clinical,,,AstraZeneca AB| Zeneca Group plc,Capsule formulation| Small molecule| Synthetic small molecule| Tablet formulation,Phase 1 Clinical| Phase 3 Clinical,"Albuminuria| Alzheimers disease| Breast tumor| Cancer, solid, unspecified| Cardiac failure| Chronic heart failure (CHF)| Chronic kidney disease| Chronic obstructive airway disease| Compensated liver cirrhosis| Decompensated liver cirrhosis| Diabetes mellitus| Diabetic nephropathy| End stage renal disease| Fallopian tube tumor| General liver disorders| Intermittent claudication| Liver fibrosis| Non-small-cell lung cancer| Ovarian cancer| Peritoneal tumor| Portal hypertension| Prostate cancer| Proteinuria| Scleroderma| Solid tumour indications",Alimentary/Metabolic| Cancer| Cardiovascular| Endocrine/Metabolic| Gastrointestinal| Genitourinary/Sexual Function| Immune| Neurology/Psychiatric| Rare Diseases| Respiratory,Endothelin ET-A receptor antagonist| Endothelin receptor agonist,Endothelin ET-A receptor,UK,EVALUATE| CORTELLIS| PHARMAPROJECTS,2026-05-08T16:03:12.314Z,2026-05-08T16:03:12.314Z
5f8ffc65-eeac-47a9-aba6-b0a7c044dc1e,IGS-01,8ea81c89-463c-4482-a662-564e5b8559cf,IGS01,Phase 2 Clinical,,,Ignis Health,Oral formulation| Small molecule| Tablet formulation,Phase 2 Clinical| Preclinical,"Dyskinesia, levodopa-induced| Musculoskeletal pain| Other neurological indications| Pain| Parkinson's disease| Parkinsons disease| Psychotic disorder",Neurology/Psychiatric,Muscarinic M4 receptor agonist| Muscarinic acetylcholine receptor (M4) positive allosteric regulator| Unidentified pharmacological activity,Muscarinic M4 receptor,China,EVALUATE| CORTELLIS| PHARMAPROJECTS,2026-05-08T16:03:08.259Z,2026-05-08T16:03:08.259Z
0d6374db-78fa-4be3-a751-dd6d4bab6f64,ATH-1020,2c8ea6b0-7bac-4598-92bb-75b8daae66de,,Phase 1 Clinical,,,LeonaBio Inc,Oral formulation| Small molecule| Synthetic small molecule,Phase 1 Clinical,Anxiety disorders| Depression| Diabetic nephropathy| Neurological disease| Neuropathic pain| Other neurological indications| Parkinsons disease| Psychiatric disorder| Schizophrenia,Genitourinary/Sexual Function| Neurology/Psychiatric,Hepatocyte growth factor (HGF) stimulant| Hepatocyte growth factor ligand,Hepatocyte growth factor ligand,US,EVALUATE| CORTELLIS| PHARMAPROJECTS,2026-05-08T16:03:11.893Z,2026-05-08T16:03:11.893Z
e75d5a93-9852-4e4e-b3a0-bce6e5f2023c,18F-ICMT-11,4a15ea91-0fd6-419c-bd51-c34df1f5f5db,,Phase 2 Clinical,,,Imperial College London,Parenteral formulation unspecified| Radiolabeling| Small molecule| Systemic formulation unspecified,Phase 2 Clinical,Alzheimers disease| Cancer,Cancer| Neurology/Psychiatric,,,UK,CORTELLIS,2026-05-08T16:03:11.933Z,2026-05-08T16:03:11.933Z
f6dd25fa-33d1-4425-b6e0-583955fc2100,LY-4006896,64194054-0695-44d0-a9de-8c99489546df,LY4006896,Phase 1 Clinical,,,Eli Lilly SA,Intravenous formulation| Small molecule| Synthetic small molecule,Phase 1 Clinical,Parkinson's disease| Parkinsons disease,Neurology/Psychiatric,Unclassified| Unidentified pharmacological activity,,US,EVALUATE| CORTELLIS| PHARMAPROJECTS,2026-05-08T16:03:09.257Z,2026-05-08T16:03:09.257Z
81f6b5fd-f5ce-43bc-9abc-72c81e74c6f8,blarcamesine hydrochloride,67764345-6caa-4fa7-848f-b39c9d1f176e,Anavex 2-73,Suspended,,,Anavex Canada Ltd,Capsule formulation| Intravenous formulation| Once daily formulation| Oral liquid formulation| Small molecule| Synthetic small molecule| Tablet formulation,Phase 1 Clinical| Phase 2 Clinical| Phase 3 Clinical| Preclinical| Suspended,"Alzheimers disease| Amyotrophic lateral sclerosis| Angelman syndrome| Anxiety, unspecified| Autism| Autism spectrum disorders (ASD)| Dementia, Parkinson's disease| Depression| Epilepsy| Fragile X syndrome| Generalised anxiety| Infantile spasms| Ischaemia, cerebral| Multiple sclerosis| Multiple sclerosis (MS) unspecified| Non-insulin dependent diabetes| Parkinson's disease| Parkinsons disease| Parkinsons disease dementia| Rett syndrome| Senile dementia| Sex-chromosome abnormality, fragile X syndrome| Stroke| Tuberous sclerosis| Undisclosed",Alimentary/Metabolic| Cardiovascular| Endocrine/Metabolic| Immune| Neurology/Psychiatric| Rare Diseases| Unknown,Muscarinic M2 receptor agonist| Muscarinic M3 receptor agonist| Muscarinic acetylcholine (mAChR) receptor regulator| Muscarinic acetylcholine receptor (M1) regulator| Muscarinic receptor agonist| Opioid receptor sigma agonist 1| Sigma receptor agonist,Muscarinic receptor| Opioid receptor sigma 1,US,EVALUATE| CORTELLIS| PHARMAPROJECTS,2026-05-08T16:03:09.314Z,2026-05-08T16:03:09.314Z
dc8a18cd-b48a-4031-b537-87d5cddcee44,AEX-41,a8d1ed5e-fed0-4ab5-812e-fd6ffa7ed550,,Preclinical,,,Aexon Labs Inc| NewcelX Ltd,Oral formulation| Small molecule,Preclinical,Amyotrophic lateral sclerosis| Cognitive disorder| Diabetic neuropathy| Narcolepsy| Neuritis| Parkinsons disease| Sleep disorder,Neurology/Psychiatric| Rare Diseases,Cathepsin H inhibitor| Orexin 1 receptor agonist| Orexin 2 receptor agonist,Cathepsin H| Orexin 1 receptor| Orexin 2 receptor,Switzerland| US,EVALUATE| CORTELLIS| PHARMAPROJECTS,2026-05-08T16:03:09.535Z,2026-05-08T16:03:09.535Z
95b2a9e4-89af-49a4-9cf4-797d9d6e2f5f,ALTO-100,c4053eac-6686-4f89-951b-bc9b9cce984e,,Suspended,,,Alto Medica Ltd| Palisade,Oral formulation| Small molecule| Synthetic small molecule| Tablet formulation,Discovery| Phase 2 Clinical| Suspended,"Alzheimers disease| Angelman syndrome| Anxiety, unspecified| Bipolar I disorder| Bipolar II disorder| Bipolar disorder| Cognitive disorder| Depression| Depression, major depressive disorder| Diabetic neuropathy| Insulin dependent diabetes| Ischaemia, cerebral| Major depressive disorder| Neurological disease| Non-insulin dependent diabetes| Post traumatic stress disorder| Schizophrenia| Traumatic brain injury",Alimentary/Metabolic| Cardiovascular| Endocrine/Metabolic| Neurology/Psychiatric| Rare Diseases,Brain derived neurotrophic factor (BDNF) stimulant| Neuronal growth factor receptor agonist,Neuronal growth factor receptor,US,EVALUATE| CORTELLIS| PHARMAPROJECTS,2026-05-08T16:03:09.596Z,2026-05-08T16:03:09.596Z
1425b4d4-5e27-49e7-b8f2-0a00e7a2d6aa,VES-001,d8b2e591-2925-46aa-9715-39fb4be41515,VES001,Phase 2 Clinical,,,Vesper Energy,Capsule formulation| Oral formulation| Small molecule| Synthetic small molecule,Phase 2 Clinical| Preclinical,Frontotemporal dementia| Parkinson's disease| Parkinsons disease,Neurology/Psychiatric| Rare Diseases,Sortilin receptor modulator,Sortilin receptor,Denmark,EVALUATE| CORTELLIS| PHARMAPROJECTS,2026-05-08T16:03:08.257Z,2026-05-08T16:03:08.257Z
fcdc66d9-a64a-48b8-b3f0-8ccad19e6312,DA-7503,9ebceaef-9adc-46cd-bef6-57dbac844da3,,Phase 1 Clinical,,,Dong-A ST Co Ltd| Korea Institute of Science and Technology,Oral formulation| Small molecule,Phase 1 Clinical,Alzheimers disease| Neurodegenerative disease,Neurology/Psychiatric,Tau aggregation inhibitor,Tau protein,South Korea,EVALUATE| CORTELLIS| PHARMAPROJECTS,2026-05-08T16:03:08.260Z,2026-05-08T16:03:08.260Z
19085d47-66bd-412d-be58-08d7790a37cc,PP-003,78c41c24-59d9-4e8b-a3ff-72cdb0d9cf6a,,Suspended,,,Primary Peptides,Biological| Parenteral formulation unspecified| Peptide| Small molecule| Synthetic peptide,Preclinical| Suspended,Parkinson's disease| Parkinsons disease,Neurology/Psychiatric,Alpha-synuclein accumulation inhibitor| Synuclein inhibitor,Synuclein,Canada,EVALUATE| CORTELLIS| PHARMAPROJECTS,2026-05-08T16:03:09.035Z,2026-05-08T16:03:09.035Z
6a6ebb60-0521-4e56-8f34-acf258bda9d7,TVGN-601,b23ed9c8-10a2-4f9d-9549-509a0f2fc6cf,TVGN 601,Preclinical,,,Tevogen Bio Holdings Inc,Allogeneic cell therapy| Biological| Cytotoxic T cell| Cytotoxic T-lymphocyte therapy| Gene therapy| Genetically engineered allogeneic cell therapy| Infusion| Intravenous formulation| Small molecule| T cell receptor| TCR T-cell therapy,Preclinical,Multiple sclerosis| Multiple sclerosis (MS) unspecified,Immune| Neurology/Psychiatric,Immuno-oncology therapy| T cell stimulant| T-Cell stimulant,,US,EVALUATE| CORTELLIS| PHARMAPROJECTS,2026-05-08T16:03:09.036Z,2026-05-08T16:03:09.036Z
c1f26e9b-3afc-4bb9-abfe-78947fbc7d3d,NBI-986,19a9c3e5-db49-4b47-a5a8-7235c72bfd4b,,Phase 1 Clinical,,,Neurocrine Biosciences Inc| Sosei Inc,Oral formulation| Small molecule| Unidentified,Phase 1 Clinical,"Cerebral palsy| Dyskinesia, unspecified| Dystonia| Huntington's disease| Movement disorder| Other neurological indications| Parkinsons disease| Tardive dyskinesia| Tremor",Neurology/Psychiatric| Rare Diseases,Muscarinic M4 receptor agonist| Muscarinic acetylcholine receptor (M4) antagonist,Muscarinic M4 receptor,Japan| US,EVALUATE| CORTELLIS| PHARMAPROJECTS,2026-05-08T16:03:12.095Z,2026-05-08T16:03:12.095Z
4b3acace-178e-4db9-aff9-004722d81ec3,MS-882,faefe250-a53c-4769-a6f9-777ab38da8f4,,Preclinical,,,Johns Hopkins Medicine,Exosomes| Small molecule,Preclinical,Alzheimers disease,Neurology/Psychiatric,Sphingomyelin phosphodiesterase 3 inhibitor,Sphingomyelin phosphodiesterase 3,US,CORTELLIS,2026-05-08T16:03:12.276Z,2026-05-08T16:03:12.276Z
8ecc2539-02d6-44e9-830d-2c795b4992ff,NT-0150,b2bfde7c-2a85-4961-8f2a-eef482e7c2d8,,Phase 1 Clinical,,,NodThera Ltd,Oral formulation| Small molecule| Synthetic small molecule,Phase 1 Clinical| Preclinical,Nervous system inflammation| Neurodegenerative disease| Parkinson's disease,Neurology/Psychiatric,NACHT LRR PYD domain protein 3 inhibitor| NLR family pyrin domain containing 3 (NLRP3) inflammasome inhibitor| NLR family pyrin domain containing 3 inhibitor,NACHT LRR PYD domain protein 3,UK| US,EVALUATE| CORTELLIS| PHARMAPROJECTS,2026-05-08T16:03:09.476Z,2026-05-08T16:03:09.476Z
eaeb1567-81d2-4293-9070-cc7e3ca7e59d,PRG-A-04,6b3e7bdc-891f-42fb-be2b-7f6835deca5b,,Preclinical,,,PRG S&Tech Inc,Oral formulation| Small molecule,Preclinical,Amyotrophic lateral sclerosis,Neurology/Psychiatric,Superoxide dismutase (Cu-Zn) inhibitor,Superoxide dismutase (Cu-Zn),South Korea,CORTELLIS,2026-05-08T16:03:11.994Z,2026-05-08T16:03:11.994Z
e95edfdf-35d0-4b4d-99b8-64f5d7eec294,NN-841,1702813d-77ed-44db-b393-51b674b0cefd,,Preclinical,,,NanoNewron LLC| Rutgers New Jersey Medical School,Monoclonal antibody| Nanobody| Single-domain antibody| Small molecule| Subcutaneous formulation,Preclinical,Alzheimers disease,Neurology/Psychiatric,TNF agonist| Transferrin modulator| Tumour necrosis factor alpha (TNFa) inhibitor| Tumour necrosis factor alpha antagonist,TNF gene| Transferrin,US,EVALUATE| CORTELLIS| PHARMAPROJECTS,2026-05-08T16:03:11.996Z,2026-05-08T16:03:11.996Z
6cad000c-79e3-459b-97ae-d134ffc31cd1,Amyotrophic Lateral Sclerosis Research Project,517ded98-9d66-434c-9454-5f0f2524df16,,Preclinical,,,AcuraStem Inc| Brain Trust Bio| Helsinki Ltd| Nanologica Group| Origami Software LLC| Uppsala BIO,Small molecule,Discovery| Preclinical,Amyotrophic lateral sclerosis,Neurology/Psychiatric,Superoxide dismutase 1 (SOD1) antibody| Unclassified,,Finland| Sweden| US,EVALUATE,2026-05-08T16:03:08.653Z,2026-05-08T16:03:08.653Z
a177ac38-c0db-4f9c-9814-2119991c0350,"TYK2 inhibitor therapy, Myrobalan Therapeutics",e8295899-9580-41e4-8294-a656716c0f1c,,Preclinical,,,Myrobalan Therapeutics Inc,Synthetic small molecule,Preclinical,Alzheimers disease| Multiple sclerosis| Parkinson's disease,Neurology/Psychiatric,Tyrosine kinase 2 inhibitor,,US,PHARMAPROJECTS,2026-05-08T16:03:11.481Z,2026-05-08T16:03:11.481Z
b4aeba58-47c4-426a-98c3-1503e5877e0b,GAO-3-02,bf1108ab-2579-42f7-9354-ac09d766344a,,Suspended,,,GAOMA Therapeutics SAS,Lipid| Small molecule| Synthetic small molecule| Systemic formulation unspecified,Preclinical| Suspended,Alzheimers disease| Cognitive disorder| Epilepsy| Febrile infection related epilepsy syndrome| Neuritis| Undisclosed,Neurology/Psychiatric,Unclassified| Unidentified pharmacological activity,,France,EVALUATE| CORTELLIS| PHARMAPROJECTS,2026-05-08T16:03:11.993Z,2026-05-08T16:03:11.993Z
912b525a-c637-4793-98e3-72bdff907e70,Proteasome activator therapy,500b5725-e955-41ba-bb74-9185e1538149,,Preclinical,,,Booster Therapeutics GmbH,Small molecule,Preclinical,Alzheimers disease| Parkinson's disease,Neurology/Psychiatric,Peristalsis activator,,Germany,EVALUATE,2026-05-08T16:03:08.375Z,2026-05-08T16:03:08.375Z
f5873b38-e275-40cd-8b07-124d2ba6c8d6,C012,7b5b80c8-ba43-4f71-8a54-83455d0d629a,,Preclinical,,,Shanghai Pharmaceuticals Holding,Small molecule,Preclinical,Alzheimers disease,Neurology/Psychiatric,Unclassified,,China,EVALUATE| PHARMAPROJECTS,2026-05-08T16:03:09.373Z,2026-05-08T16:03:09.373Z
a6936e23-32dc-4f22-9037-914c6bd995ce,CBM-801,a3b1c56b-aa15-4101-b73f-dcc3401d2a2e,,Suspended,,,Cellion Biomed Inc,Synthetic small molecule| Unidentified,Preclinical| Suspended,Atopic dermatitis| Inflammatory bowel disease| Multiple sclerosis,Alimentary/Metabolic| Dermatologic| Neurology/Psychiatric,Potassium channel agonist,,South Korea,PHARMAPROJECTS,2026-05-08T16:03:09.754Z,2026-05-08T16:03:09.754Z
f6e57f89-0be4-4ebf-a80e-d52c5a40fa5f,minzasolmin,14c0e30d-6394-4b13-96db-4405c2f8d658,,Suspended,,,Neuropore Therapies Inc,Capsule formulation| Granule| Peptidomimetic| Small molecule| Synthetic small molecule,Phase 2 Clinical| Suspended,Multiple system atrophy| Parkinson's disease| Parkinsons disease,Neurology/Psychiatric| Rare Diseases,Synuclein inhibitor,Synuclein,US,CORTELLIS| PHARMAPROJECTS,2026-05-08T16:03:12.274Z,2026-05-08T16:03:12.274Z
7b6f71f0-5077-4192-a19a-c63b362eb41c,CB201,9dd17b0b-8071-4ac7-9ebb-4a246f7f7ccf,,Preclinical,,,CANTABio Pharmaceuticals Inc,Small molecule,Preclinical,Alzheimers disease| Amyotrophic lateral sclerosis| Huntington's disease| Non-insulin dependent diabetes| Parkinson's disease| Stroke,Neurology/Psychiatric,Unclassified,,US,EVALUATE,2026-05-08T16:03:08.315Z,2026-05-08T16:03:08.315Z
776e180f-5c27-440c-b6f3-09dcbd9ed090,tenapanor hydrochloride,19464cc6-3f3e-4aa3-8671-41361c072176,,Suspended,,,Ardelyx Inc| Fosun Foundation| Knight Llc| Kyowa Kirin GmbH| Undisclosed Partner Sales,Small molecule| Synthetic small molecule| Tablet formulation,Launched| Phase 1 Clinical| Phase 2 Clinical| Phase 3 Clinical| Suspended,"Cardiac failure| Chronic heart failure (CHF)| Chronic idiopathic constipation| Chronic kidney disease| Constipation| Constipation predominant irritable bowel syndrome| Constipation, opioid-induced| Cystic fibrosis| End stage renal disease| Hyperphosphatemia| Hypertension| Irritable bowel syndrome, constipation-predominant (IBS-C)| Motility dysfunction, GI, unspecified| Parkinson's disease",Alimentary/Metabolic| Cardiovascular| Endocrine/Metabolic| Gastrointestinal| Genitourinary/Sexual Function| Neurology/Psychiatric| Rare Diseases| Respiratory| Unknown,Sodium hydrogen exchanger 3 inhibitor| Sodium/hydrogen exchanger 3 (NHE3) inhibitor| Sodium/hydrogen-3 exchange inhibitor| TRP cation channel V1 modulator,Sodium hydrogen exchanger 3| Vanilloid VR1 receptor,Canada| China| Japan| US,EVALUATE| CORTELLIS| PHARMAPROJECTS,2026-05-08T16:03:11.716Z,2026-05-08T16:03:11.716Z
74afd28c-4727-4bc4-a866-8c50e708f6e5,"resveratrol (micellar, Alzheimers disease), Protheragen",af6ab40c-a148-4973-a68e-6f9c863074d1,,Phase 1 Clinical,,,Protheragen Inc,Micellar formulation| Small molecule| Systemic formulation unspecified,Phase 1 Clinical,Alzheimers disease,Neurology/Psychiatric,NAD-dependent deacetylase sirtuin-1 modulator,NAD-dependent deacetylase sirtuin-1,US,CORTELLIS,2026-05-08T16:03:11.893Z,2026-05-08T16:03:11.893Z
3daa2bf8-097c-41c6-a3c8-ce4c57831ba8,"fucosylated glycans (diarrhea), Glycosyn",a6940fc3-b062-40ab-b2fa-bba05ca8e295,2'-fucosyllactose,Phase 2 Clinical,,,Intrinsic Brands Inc,Oligosaccharide| Small molecule| Systemic formulation unspecified,Phase 2 Clinical,Autism| Cancer| Constipation| Diarrhea| Inflammatory bowel disease| Irritable bowel syndrome| Parkinsons disease,Cancer| Gastrointestinal| Neurology/Psychiatric,,,US,CORTELLIS,2026-05-08T16:03:12.156Z,2026-05-08T16:03:12.156Z
88e6b3c5-cc39-4c18-b049-5e8ae4496f87,ML-016,10276849-a3f3-4ed3-a954-ba0201fcf5eb,,Suspended,,,MapLight Therapeutics Inc,Synthetic small molecule,Preclinical| Suspended,Depression| Neurological disease| Parkinson's disease,Neurology/Psychiatric,Free fatty acid receptor 1 antagonist,,US,EVALUATE| CORTELLIS| PHARMAPROJECTS,2026-05-08T16:03:11.617Z,2026-05-08T16:03:11.617Z
d95fe431-249d-4f31-a2fd-03267712246f,"salicylamine (oral, alcoholic liver disease/Alzheimers disease), Vanderbilt University/Metabolic Technologies",a78b9763-66e5-4d7a-ac08-691b05093680,,Phase 2 Clinical,,,Vanderbilt Health,Capsule formulation| Oral formulation| Small molecule| Tablet formulation,Phase 2 Clinical,Alzheimers disease| Atrial fibrillation| Hyperlipoproteinemia type II,Cardiovascular| Endocrine/Metabolic| Gastrointestinal| Neurology/Psychiatric,,,US,CORTELLIS,2026-05-08T16:03:12.056Z,2026-05-08T16:03:12.056Z
cb12e5d5-d951-4e2f-8137-c0fddce25f70,MaaT-033,9751a469-eee3-4d26-8dca-d069184a3f7b,MaaT033,Phase 3 Clinical,,,MaaT Pharma SA,Bacterial technology| Biological| Capsule formulation| Freeze drying| Natural product| Oral formulation| Oral sustained release formulation| Small molecule,Phase 1 Clinical| Phase 2 Clinical| Phase 3 Clinical,"Acute myelogenous leukemia| Amyotrophic lateral sclerosis| Bone marrow transplantation| Dysbiosis, intestinal| General blood malignancies| General viral indications| Graft versus host disease| Hematological disease| Infectious disease| Leukaemia, acute myeloid (AML)| Melanoma| Myelodysplastic syndrome| Non-small-cell lung cancer| Organ rejection| Spondylarthritis",Alimentary/Metabolic| Cancer| Gastrointestinal| Hematologic| Immune| Infection| Musculoskeletal| Neurology/Psychiatric| Rare Diseases,"Microbiome modulator| Microbiome modulator, live microorganisms",,France,EVALUATE| CORTELLIS| PHARMAPROJECTS,2026-05-08T16:03:08.375Z,2026-05-08T16:03:08.375Z
1b7957cf-2d44-4a52-a8e9-10cc1d445cbf,MK-1708,efad7b20-2338-4b85-889f-6c1089b77c24,,Phase 1 Clinical,,,Merck & Co Inc,Small molecule| Unidentified,Phase 1 Clinical,Alzheimers disease| Amyotrophic lateral sclerosis,Neurology/Psychiatric| Rare Diseases,Unidentified pharmacological activity| Unknown,,US,EVALUATE| PHARMAPROJECTS,2026-05-08T16:03:09.216Z,2026-05-08T16:03:09.216Z
aad8782e-ee53-46c9-b295-8b55e9fa4bb2,nelonemdaz,f9659535-aa03-4220-a907-d8ea73a5113a,,Suspended,,,Gnt Llc| Hengdian Group Holdings Ltd| Jw Bio Co Ltd| Toyota Tsusho Corp,Infusion| Intravenous formulation| Small molecule| Synthetic small molecule| Unidentified,Launched| Phase 1 Clinical| Phase 2 Clinical| Phase 3 Clinical| Suspended,"Amyotrophic lateral sclerosis| Burns| Cardiac arrest| Glaucoma| Ischaemia, cerebral| Ischemic stroke| Macular degeneration, age-related, unspecified| Myocardial infarction| Myocardial infarction, acute (AMI)| Skin burns| Spinal cord injury| Stroke| Traumatic brain injury| Ventricular arrhythmia",Cardiovascular| Dermatologic| Neurology/Psychiatric| Rare Diseases| Sensory Organs,"N-methyl-D-aspartate (NMDA) receptor 2B antagonist| N-methyl-D-aspartate (NMDA) receptor antagonist| NMDA receptor agonist| NMDA receptor epsilon 2 subunit inhibitor| NMDA receptor, subunit 2B antagonist| Noncompetitive NMDA antagonist| Reducing agent",NMDA receptor| NMDA receptor epsilon 2 subunit,China| Japan| South Korea,EVALUATE| CORTELLIS| PHARMAPROJECTS,2026-05-08T16:03:11.615Z,2026-05-08T16:03:11.615Z
abdbdf35-f493-40a5-ab56-fd3860b3a12e,UDP-003,3364b469-f534-4930-aadf-8a2d811b69f4,,Suspended,,,Cyclarity Therapeutics Inc,Intravenous formulation| Small molecule| Synthetic small molecule,Phase 1 Clinical| Preclinical| Suspended,"Acute coronary syndrome| Alzheimers disease| Atherosclerosis| Cardiovascular disease| Hyperlipidemia| Ischaemia, cerebral| Myocardial infarction| Niemann Pick disease| Peripheral vascular disease",Cardiovascular| Neurology/Psychiatric| Rare Diseases,Unclassified,,US,EVALUATE| CORTELLIS| PHARMAPROJECTS,2026-05-08T16:03:11.674Z,2026-05-08T16:03:11.674Z
e318275a-3761-402c-85e6-d0217334042a,PSIL-002,d1b556b4-745e-4b35-b8f0-c95e6046fabd,,Suspended,,,National Institute on Drug Abuse| Psilera Inc| University of South Florida,Patch formulation| Prodrug| Small molecule| Synthetic small molecule| Systemic formulation unspecified| Unidentified,Preclinical| Suspended,Alcoholism| Alzheimers disease| Cognitive disorder| Depression| Drug dependence| Generalised anxiety| Mood disorder| Neurological disease| Other psychoses| Post traumatic stress disorder| Psychiatric disorder| Social phobia,Neurology/Psychiatric| Toxicity/Intoxication,5 Hydroxytryptamine 2A receptor agonist| 5 Hydroxytryptamine receptor agonist| 5-HT (serotonin) receptor agonist| 5-HT (serotonin) receptor regulator| 5-HT2A (serotonin) receptor agonist| Sigma receptor agonist,,US,EVALUATE| CORTELLIS| PHARMAPROJECTS,2026-05-08T16:03:11.994Z,2026-05-08T16:03:11.994Z
63725ba9-750d-404d-9fba-7a3643ea7ae6,irafamdastat,2d784b8d-4bd6-4354-9774-5c71acdf0d11,BMS-986368,Phase 2 Clinical,,,Abide Technologies LLC| Bristol-Myers Squibb AB| Lundbeck NV,Oral formulation| Small molecule| Synthetic small molecule,Phase 1 Clinical| Phase 2 Clinical,"Agitation| Agitation, Alzheimer's disease| Alzheimers disease| Epilepsy| Multiple sclerosis| Multiple sclerosis (MS) unspecified| Muscle hypertonia| Muscle spasticity| Other neurological indications| Seizures, general| Spasticity",Musculoskeletal| Neurology/Psychiatric,Fatty acid amide hydrolase (FAAH)/monoacylglyceral lipase (MAGL) inhibitor| Fatty acid amide hydrolase inhibitor| Monoglyceride lipase inhibitor,Fatty acid amide hydrolase| Monoglyceride lipase,Denmark| US,EVALUATE| CORTELLIS| PHARMAPROJECTS,2026-05-08T16:03:08.556Z,2026-05-08T16:03:08.556Z
a1cd7388-fe52-4d1b-8283-635bb6803d71,TWB-201,75fc86e0-2263-4f70-8869-2026f5f20270,,Suspended,,,Easywell Biomedicals,Patch formulation| Small molecule| Synthetic small molecule,Phase 3 Clinical| Suspended,Parkinson's disease,Neurology/Psychiatric,Unclassified| Unidentified pharmacological activity,,Taiwan,EVALUATE| PHARMAPROJECTS,2026-05-08T16:03:08.713Z,2026-05-08T16:03:08.713Z
0b85b0df-3434-450d-b6db-22b8503b0c70,pirtobrutinib,4c5206b8-0c65-4801-8d53-7edabcfb4133,,Suspended,,,Eli Lilly SA| Innovent (Scotland) Ltd| Nippon Shinyaku Co Ltd| Redx Pharma Plc,Once daily formulation| Small molecule| Tablet formulation,Launched| Phase 2 Clinical| Phase 3 Clinical| Preclinical| Suspended,"B-cell lymphoma| Cancer, haematological, unspecified| Diffuse large B-cell lymphoma| General blood malignancies| General inflammatory disorders| Immune thrombocytopenic purpura| Lymphoplasmacytic lymphoma| Mantle cell lymphoma| Marginal zone lymphoma| Multiple sclerosis| Multiple sclerosis, relapsing-remitting| Non-Hodgkin lymphoma| Relapsing-Remitting MS (RRMS)| Rheumatoid arthritis| Sjogren's disease| Small lymphocytic lymphoma| Systemic lupus erythematosus| Thrombocytopaenic purpura, idiopathic (ITP)| Thrombocytopenia| Waldenstrom's hypergammaglobulinaemia| Waldenström's macroglobulinaemia",Cancer| Hematologic| Immune| Neurology/Psychiatric| Rare Diseases,BTK gene stimulator| Bruton tyrosine kinase inhibitor| Bruton’s tyrosine kinase (BTK) inhibitor,Btk tyrosine kinase,China| Japan| US,EVALUATE| CORTELLIS| PHARMAPROJECTS,2026-05-08T16:03:11.776Z,2026-05-08T16:03:11.776Z
67b81d17-a116-4a2f-a15b-3d42fa0dfb95,"repurposed montelukast (oral film, neurodegenerative disease), IntelGenx Corp (d/b/a Nualtis)",b1d82797-3fd9-4d2d-86a8-02f8a65fc560,,Suspended,,,IntelGenx Corp (d/b/a Nualtis),Buccal formulation local| Oral formulation| Oral quick release formulation| Small molecule| Synthetic small molecule,Phase 2 Clinical| Suspended,Alzheimers disease| Cognitive disorder| Dementia| Neurodegenerative disease| Parkinson's disease| Parkinsons disease,Neurology/Psychiatric,Cysteinyl leukotriene receptor antagonist| Leucotriene D4 antagonist| Leucotriene receptor antagonist| Leukotriene D4 agonist,Cysteinyl leukotriene receptor,Canada,CORTELLIS| PHARMAPROJECTS,2026-05-08T16:03:11.834Z,2026-05-08T16:03:11.834Z
beba29f2-1e12-44d1-bc41-3f69f1b854fc,BWS-4,53437066-cde1-440b-8409-a6564cfcc644,,Suspended,,,Argo Co Ltd,Infusion| Intravenous formulation| RNA interference| Small molecule| small interfering RNA (siRNA),Preclinical| Suspended,Alzheimers disease,Neurology/Psychiatric,Unidentified pharmacological activity| Unspecified gene modulator,Gene target,China,CORTELLIS| PHARMAPROJECTS,2026-05-08T16:03:11.836Z,2026-05-08T16:03:11.836Z
60eb09b7-2209-426f-bbc8-26ccfd801c27,"OV-4071 (oral, psychosis), Ovid Therapeutics",e5377c1d-af05-4973-b781-40c72af07c1d,OV-4071| OV4071,Preclinical,,,AstraZeneca AB| OVID Clinics,Oral formulation| Small molecule,Preclinical,"Bipolar disorder| Delirium| Huntingtons chorea| Lewy body dementia| Neurodegenerative disease| Other psychoses| Parkinson's disease| Parkinsons disease| Psychosis, Alzheimer's disease| Psychosis, Parkinson's disease| Psychosis, unspecified| Schizophrenia| Undisclosed",Neurology/Psychiatric,Potassium chloride co-transporter stimulant| Potassium/chloride cotransporter stimulant| Solute carrier family 12A5 stimulator,Solute carrier family 12A5,UK| US,EVALUATE| CORTELLIS| PHARMAPROJECTS,2026-05-08T16:03:08.373Z,2026-05-08T16:03:08.373Z
cc37da41-745e-4f43-a591-485cb8ac3369,ALP-495,eee6ab82-ecf3-43ec-a7ab-319f735ecbad,,Preclinical,,,American Life Science Pharmaceuticals| Columbia University,Small molecule,Preclinical,Alzheimers disease| Traumatic brain injury,Neurology/Psychiatric,Cathepsin inhibitor| Cysteine protease modulator,,US,EVALUATE,2026-05-08T16:03:08.434Z,2026-05-08T16:03:08.434Z
95366869-909b-48e8-b96d-2838c01f85df,SNP-318,19a58cf9-55de-4c61-aa3b-6147eaf7313b,SNP318,Phase 1 Clinical,,,Astex Therapeutics Ltd| GSK plc| SciNeuro Therapeutics Inc,Capsule formulation| Once daily formulation| Oral formulation| Small molecule| Synthetic small molecule,Phase 1 Clinical,"Alzheimers disease| Dementia| Dementia, cerebrovascular| Diabetic macular edema| Inflammatory disease| Neurodegenerative disease",Cardiovascular| Inflammatory| Neurology/Psychiatric| Ocular,Lipoprotein-associated phospholipase A (Lp-PLA) inhibitor| Lipoprotein-associated phospholipase A2 (Lp-PLA2) inhibitor| PAF acetylhydrolase inhibitor| Phospholipase A2 (PLA2) inhibitor,PAF acetylhydrolase,UK| US,EVALUATE| CORTELLIS| PHARMAPROJECTS,2026-05-08T16:03:08.776Z,2026-05-08T16:03:08.776Z
81b44d2d-83aa-486f-a852-f3c80321ece8,Parkinson’s Disease Research Program,c36d8b81-c052-403f-b760-205ea25f2228,,Phase 2 Clinical,,,Neuromics Inc| Noah Labs GmbH,Small molecule,Discovery| Phase 2 Clinical,Parkinson's disease,Neurology/Psychiatric,Unclassified,,Norway| South Korea,EVALUATE,2026-05-08T16:03:08.873Z,2026-05-08T16:03:08.873Z
cd00e166-e086-41c3-aaa1-30bc590f7cd0,NS-10712,97c214c2-8f65-4213-b655-107d4a238db1,NS10712,Suspended,,,DanPET AB,Small molecule| Synthetic small molecule,Preclinical| Suspended,Huntington's disease| Parkinson's disease,Neurology/Psychiatric,Nicotinic ACh receptor alpha 6 subunit stimulator| Nicotinic acetylcholine receptor (nAChR) alpha-6 agonist| Nicotinic acid receptor agonist,Nicotinic ACh receptor alpha 6 subunit,Sweden,EVALUATE| CORTELLIS| PHARMAPROJECTS,2026-05-08T16:03:08.936Z,2026-05-08T16:03:08.936Z
2a7480e0-3725-4dd6-b20f-234d496d8817,"CSF1R inhibitor therapy, Myrobalan Therapeutics",1d8c53e2-2b65-49bd-a43e-f67ebd9028c9,,Preclinical,,,Myrobalan Therapeutics Inc,Synthetic small molecule,Preclinical,Alzheimers disease| Amyotrophic lateral sclerosis| Multiple sclerosis,Neurology/Psychiatric| Rare Diseases,Colony stimulating factor 1 receptor antagonist,,US,PHARMAPROJECTS,2026-05-08T16:03:09.755Z,2026-05-08T16:03:09.755Z
da3fc566-4545-4327-a44f-b3e81cd4e729,"rotigotine (POZ-polymer conjugated formulation, lyophilized), Serina Therapeutics",792bdab5-b89c-445a-99c3-4c581f480a55,,Suspended,,,Serina Therapeutics Inc,Injectable controlled release formulation| Parenteral formulation| Reformulation| Small molecule| Subcutaneous formulation| Sustained release formulation| Synthetic small molecule,Phase 1 Clinical| Suspended,Parkinson's disease| Parkinsons disease| Restless legs syndrome,Neurology/Psychiatric,Dopamine D3 receptor agonist| Dopamine receptor agonist,Dopamine D2 receptor,US,CORTELLIS| PHARMAPROJECTS,2026-05-08T16:03:12.274Z,2026-05-08T16:03:12.274Z
fce1ae38-acf8-40b8-9f6f-cf416cba6842,Alzheimer’s disease Research Project (SHIGAUTMS),df879774-1bed-49f1-809d-8e4f767ad8e5,,Preclinical,,,Shiga Clinic,Small molecule,Preclinical,Alzheimers disease,Neurology/Psychiatric,Unclassified,,Japan,EVALUATE,2026-05-08T16:03:09.375Z,2026-05-08T16:03:09.375Z
e52df9cc-2ea0-494d-98b9-51fb320eff58,"ACM-002, Actimed Therapeutics",7c3db817-3198-464d-a717-3c078093490e,"S-oxprenolol, Actimed Therapeutics",Preclinical,,,ActiMed Laboratories Inc| Charite Universitatsmedizin Berlin,Formulation other| Small molecule| Systemic formulation unspecified,Preclinical,Amyotrophic lateral sclerosis| Cachexia,Musculoskeletal| Neurology/Psychiatric| Other/Miscellaneous| Rare Diseases,Beta adrenoceptor agonist| Beta adrenoreceptor antagonist,Beta adrenoceptor,Germany| UK,CORTELLIS| PHARMAPROJECTS,2026-05-08T16:03:09.596Z,2026-05-08T16:03:09.596Z
eeb14d15-9451-4208-ae91-d708c3c9d782,VY-1706,6e40083c-ec7a-4a52-9e20-d8944c476f4d,,Preclinical,,,Voyager Dental Inc,Adeno-associated virus| Gene therapy| Intravenous formulation| RNA interference| Small molecule| Virus recombinant| small interfering RNA (siRNA),Preclinical,Alzheimers disease,Neurology/Psychiatric,Gene expression inhibitor| MAPT gene inhibitor| Tau aggregation inhibitor| Tau kinase inhibitor,MAPT gene,US,EVALUATE| CORTELLIS| PHARMAPROJECTS,2026-05-08T16:03:11.896Z,2026-05-08T16:03:11.896Z
42f67375-2e30-4e02-a889-37e662442e13,elcubragistat,eb5995a3-e1ab-42fd-b041-f797a6350a2c,,Phase 2 Clinical,,,Abide Technologies LLC,Capsule formulation| Once daily formulation| Oral formulation| Small molecule,Phase 2 Clinical,Epilepsy| Fibromyalgia| Hyperalgesia| Movement disorder| Multiple sclerosis| Myelitis| Neuromyelitis optica| Neuropathic pain| Post traumatic stress disorder| Tourette syndrome,Immune| Infection| Musculoskeletal| Neurology/Psychiatric,Monoglyceride lipase inhibitor,Monoglyceride lipase,US,CORTELLIS,2026-05-08T16:03:11.934Z,2026-05-08T16:03:11.934Z
7f0f71e0-4137-41e8-b9c0-6cf67f51f229,"RNA-editing oligonucleotides targeting TDP-43 (OPERA, amyotrophic lateral sclerosis), Korro Bio",8a9460b5-8399-4b0a-a4ed-a9e620d5b537,,Preclinical,,,Korro AI Ltd,Oligonucleotide| Small molecule| Systemic formulation unspecified,Preclinical,Amyotrophic lateral sclerosis,Neurology/Psychiatric,TAR DNA binding protein 43 modulator,TAR DNA binding protein 43,US,CORTELLIS,2026-05-08T16:03:11.995Z,2026-05-08T16:03:11.995Z
bcfbcb26-79f5-4dd1-bc6e-e3e059514a5b,BNT-24002,b5ea0bc1-bb51-4cb7-8fba-cbc6846dd2bb,"BNT23001| cladribine, BioNxt Solutions",Preclinical,,,BioNxt Solutions Inc,Buccal formulation systemic| Disintegrating| Reformulation| Small molecule| Synthetic small molecule,Preclinical,Lupus nephritis| Multiple sclerosis| Myasthenia gravis| Systemic lupus erythematosus,Immune| Musculoskeletal| Neurology/Psychiatric| Rare Diseases,Adenosine deaminase inhibitor| DNA synthesis inhibitor| Hypoxanthine-guanine phosphoribosyltransferase regulator| Immunosuppressant| deoxyguanosine triphosphate inhibitor,,Canada,EVALUATE| CORTELLIS| PHARMAPROJECTS,2026-05-08T16:03:08.258Z,2026-05-08T16:03:08.258Z
c190f650-44b2-43a6-b900-a684bb3ac0f2,CRES-102,d9f02833-5a10-46ac-aaac-15ea6a8d525b,CRES102,Suspended,,,Cresence AS,Biological| Recombinant peptide| Small molecule,Preclinical| Suspended,Multiple sclerosis| Multiple sclerosis (MS) unspecified| Neurodegenerative disease,Immune| Neurology/Psychiatric,Unclassified| Unidentified pharmacological activity,,Norway,EVALUATE| CORTELLIS| PHARMAPROJECTS,2026-05-08T16:03:08.476Z,2026-05-08T16:03:08.476Z
29436925-0cca-45a1-bdf8-f83c3d21c29c,"1,5-bisphenylpyrazole derivative (autoimmune diseases), Toray Industries",4b0dc91b-dad8-41a7-8340-0fceffd6e818,,Preclinical,,,Toray Group,Small molecule,Preclinical,Autoimmune disease| Inflammatory bowel disease| Insulin dependent diabetes| Multiple sclerosis| Rheumatoid arthritis| Systemic lupus erythematosus,Endocrine/Metabolic| Gastrointestinal| Immune,MALT protein 1 inhibitor,MALT protein 1,Japan,CORTELLIS,2026-05-08T16:03:12.213Z,2026-05-08T16:03:12.213Z
07b3c394-e24c-4805-a283-43379dcc6aa6,ZL-65,9d116c6e-2d8c-4ea0-8f58-8ce91ddec567,,Suspended,,,Chengdu Zenitar Biomedical Technology,Small molecule| Synthetic small molecule,Preclinical| Suspended,Amyotrophic lateral sclerosis| CIAS1 Associated Periodic Syndromes (CAPS)| General inflammatory disorders| Hyperuricaemia/Gout| Hyperuricemia| Inflammatory disease| Multiple sclerosis| Multiple sclerosis (MS) unspecified| Non-alcoholic steatohepatitis| Parkinson's disease| Systemic inflammatory response syndrome,Alimentary/Metabolic| Musculoskeletal| Neurology/Psychiatric| Rare Diseases,NLR family pyrin domain containing 3 (NLRP3) inflammasome inhibitor| NLR family pyrin domain containing 3 inhibitor,,China,EVALUATE| PHARMAPROJECTS,2026-05-08T16:03:08.835Z,2026-05-08T16:03:08.835Z
c0d87c43-0e15-4234-ab89-e701141ffb07,"ursodoxicoltaurine + sodium phenylbutyrate (oral, ALS/Alzheimers disease/Wolfram syndrome/PSP), Amylyx",06b6e7d5-276e-4010-bd86-4f64ffdac31f,"Relyvrio| sodium phenylbutyrate + tauroursodeoxycholic acid, Amylyx",Suspended,,,Amylyx Pharmaceuticals Inc,Drug combination| Fixed-dose combination| Oral suspension formulation| Reformulation| Small molecule| Steroid| Synthetic small molecule,Launched| Phase 2 Clinical| Suspended,Alzheimers disease| Amyotrophic lateral sclerosis| Friedreich ataxia| Neurodegenerative disease| Non-insulin dependent diabetes| Other neurological indications| Progressive supranuclear palsy| Wolfram syndrome,Alimentary/Metabolic| Neurology/Psychiatric| Other/Miscellaneous| Rare Diseases,Apoptosis regulator BAX inhibitor| Endoplasmic reticulum (ER) stress inhibitor| Endoplasmic reticulum resident modulator| Histone deacetylase inhibitor| Tau kinase inhibitor| YKL-40 inhibitor,Endoplasmic reticulum resident| Histone deacetylase,US,EVALUATE| CORTELLIS| PHARMAPROJECTS,2026-05-08T16:03:08.933Z,2026-05-08T16:03:08.933Z
61dc38cf-1b65-4a1e-905c-48ee64752f0f,"Parkinson's disease therapy, Simcere Pharmaceutical",57dea6c0-9a11-41a7-a9ce-7ad506b234d8,,Preclinical,,,Simcere Shanghai,Small molecule,Preclinical,Parkinson's disease,Neurology/Psychiatric,Unidentified pharmacological activity,,China,PHARMAPROJECTS,2026-05-08T16:03:09.634Z,2026-05-08T16:03:09.634Z
e11c2a26-91cf-4137-a9f0-dcbdd13f2c86,CN-045,7008a666-391a-4cfc-8c42-cc8fcdfc2a57,,Preclinical,,,Cleveland Eye Clinic,Oral formulation| Small molecule,Preclinical,Multiple sclerosis,Immune,,,US,CORTELLIS,2026-05-08T16:03:12.214Z,2026-05-08T16:03:12.214Z
ab80b579-de80-4b7a-8ed3-2207ab91b9a5,MK-1942,c59e550b-75ae-47af-ace8-bbf470848a84,,Suspended,,,Merck & Co Inc,"Monoclonal antibody, other| Small molecule",Phase 2 Clinical| Suspended,"Alzheimers disease| Depression| Depression, major depressive disorder",Neurology/Psychiatric,Tau aggregation inhibitor| Unclassified,,US,EVALUATE| PHARMAPROJECTS,2026-05-08T16:03:08.553Z,2026-05-08T16:03:08.553Z
cc9b37c6-e25b-43a6-8cd1-b831a6d67e17,SRI-22136,8e10f032-3f04-4532-9fe5-2c4806ce666c,,Preclinical,,,University of Arizona,Small molecule| Systemic formulation unspecified,Preclinical,Alzheimers disease,Neurology/Psychiatric,Opioid receptor delta agonist,Opioid receptor delta,US,CORTELLIS,2026-05-08T16:03:12.096Z,2026-05-08T16:03:12.096Z
5b767c4f-5c55-4403-9a51-8bf9089e549b,IPG-011,33d6fe55-8644-42f6-8de5-9ceb2243fd2a,IPG-11406| IPG011,Phase 2 Clinical,,,Immunophage Biomedical Co Ltd,Small molecule| Synthetic small molecule| Tablet formulation,Discovery| Phase 1 Clinical| Phase 2 Clinical| Preclinical,Inflammatory bowel disease| Lupus nephritis| Multiple sclerosis| Multiple sclerosis (MS) unspecified| Rheumatoid arthritis| Systemic lupus erythematosus| Ulcerative colitis,Alimentary/Metabolic| Gastrointestinal| Immune| Neurology/Psychiatric| Rare Diseases,EBV induce G protein coupled receptor 2 agonist| G protein-coupled receptor (GPCR) agonist| Macrophage migration inhibitory factor (MIF) inhibitor,EBV induce G protein coupled receptor 2,China,EVALUATE| CORTELLIS| PHARMAPROJECTS,2026-05-08T16:03:08.435Z,2026-05-08T16:03:08.435Z
d76f4a4c-0891-4f63-801b-9a7edad06d3e,TRN-501,7209a149-1f89-46f7-bf40-65ca5c6baea5,,Phase 1 Clinical,,,SNLD Ltd,Synthetic small molecule,Phase 1 Clinical,Parkinson's disease,Neurology/Psychiatric,Unidentified pharmacological activity,,Japan,PHARMAPROJECTS,2026-05-08T16:03:09.636Z,2026-05-08T16:03:09.636Z
507782a4-8e6c-4b2a-8dae-be799fbd8b92,RB-190,22499556-1b89-42c4-a0f7-a86b7432b728,"metyrosine, Right Brain Bio",Preclinical,,,RIGHT Fund,Reformulation| Small molecule| Systemic formulation unspecified,Preclinical,Parkinson's disease| Parkinsons disease,Neurology/Psychiatric,Hydroxylase inhibitor,,US,EVALUATE| CORTELLIS| PHARMAPROJECTS,2026-05-08T16:03:08.435Z,2026-05-08T16:03:08.435Z
5676b87c-a831-4ad2-9250-f0e0645f52b5,TDP-43 Research Program,53996af2-65b4-4027-a540-cddb73a47843,,Preclinical,,,Biohaven Ltd,Small molecule,Preclinical,Amyotrophic lateral sclerosis,Neurology/Psychiatric,TAR DNA-binding protein 43 (TDP43) regulator,,US,EVALUATE,2026-05-08T16:03:08.836Z,2026-05-08T16:03:08.836Z
e09ba6ae-62f1-47ae-b1a0-ab8ddedde8de,J2H-1801,89f72d0b-41d1-4d80-8be7-a9712abaa1be,,Preclinical,,,J2H Biotech,Small molecule| Synthetic small molecule,Preclinical,Multiple sclerosis| Multiple sclerosis (MS) unspecified,Immune| Neurology/Psychiatric,Nuclear factor erythroid 2-related factor (Nrf2) stimulant| Prostaglandin D2 receptor antagonist| Prostaglandin receptor D2 (PGD2) antagonist| Transcription factor Nrf2 inhibitor,,South Korea,EVALUATE| CORTELLIS| PHARMAPROJECTS,2026-05-08T16:03:08.995Z,2026-05-08T16:03:08.995Z
a980d2d3-2ecc-4892-b50a-0e4a8b54b86e,"18F-labeled MAO-B-targeting PET tracers (Alzheimer's disease), GE Healthcare",c1d14fbf-6b1c-4f49-97ba-adbff39b62e9,,Preclinical,,,GE Digital,Radiolabeling| Small molecule,Preclinical,Alzheimers disease,Neurology/Psychiatric,MAO B modulator,MAO B,UK,CORTELLIS,2026-05-08T16:03:12.057Z,2026-05-08T16:03:12.057Z
c66b19b1-a8a9-4211-83e8-592d742b5556,"RNS-60 (intravenous, amyotrophic lateral sclerosis/multiple sclerosis), Revalesio",280885ec-1598-4dc4-896c-aad2d5e1a7ff,RNS-60,Suspended,,,Revalesio Corp,Infusion| Inhalant formulation| Intravenous formulation| Nanoparticle formulation| Nanoparticle formulation injectable| Small molecule| Solution| Synthetic small molecule,Phase 2 Clinical| Preclinical| Suspended,"Alzheimers disease| Amyotrophic lateral sclerosis| Asthma| Ischaemia, cerebral| Ischemic stroke| Multiple sclerosis| Multiple sclerosis (MS) unspecified| Multiple sclerosis, relapsing-remitting| Myocardial infarction| Parkinson's disease| Postoperative pain| Stroke| Stroke prophylaxis, general| Traumatic brain injury",Cardiovascular| Immune| Neurology/Psychiatric| Rare Diseases| Respiratory,Beta amyloid modulator| CCR3 chemokine antagonist| Cell membrane modulator| Dopaminergic neuron stimulant| Eotaxin ligand inhibitor| G protein-coupled receptor (GPCR) agonist| HSP90 gene inhibitor| Heat shock protein (HSP) regulator| IL-4 receptor agonist| IL-6 receptor agonist| Membrane integrity enhancer| Mitochondrial complex I (NADH dehydrogenase) regulator| TNF agonist| Unspecified ion channel modulator,Beta amyloid| CCR3 chemokine| Eotaxin ligand| HSP90 gene| IL-4 receptor| IL-6 receptor| TNF gene| Unspecified ion channel,US,EVALUATE| CORTELLIS| PHARMAPROJECTS,2026-05-08T16:03:08.834Z,2026-05-08T16:03:08.834Z
a1ca7422-3afe-46ea-8d8f-71ae6cfcfbe7,"NS-050, Neushen Therapeutics",4bbd876a-fced-409e-9b0e-1719b72debf0,"NS-050, NeuShen Therapeutics",Preclinical,,,Neushen Therapeutics (Shanghai) Co Ltd,Small molecule| Synthetic small molecule| Systemic formulation unspecified,Discovery| Preclinical,Alzheimers disease| Parkinson's disease| Parkinsons disease,Neurology/Psychiatric,Unidentified pharmacological activity| Unknown,,China,EVALUATE| CORTELLIS| PHARMAPROJECTS,2026-05-08T16:03:11.480Z,2026-05-08T16:03:11.480Z
2863495a-ae82-4a9d-a105-39e11c7f85cc,SPM-0606,8e8185de-724c-4d0a-8900-8db8501beb96,,Preclinical,,,Inotiv Inc| Sea Srl,Oral formulation| Small molecule| Synthetic small molecule,Discovery| Preclinical,"Amyotrophic lateral sclerosis| Epilepsy| Motor neurone disease| Seizures, general| Tinnitus",Neurology/Psychiatric| Other/Miscellaneous| Rare Diseases| Sensory Organs,AMPA receptor agonist| Alpha-amino-3-hydroxy-5-methyl-4-isoxazole-propionic acid (AMPA) receptor antagonist| Ionotropic glutamate receptor agonist| Kainate receptor agonist,AMPA receptor| Kainate receptor,US,EVALUATE| CORTELLIS| PHARMAPROJECTS,2026-05-08T16:03:11.494Z,2026-05-08T16:03:11.494Z
9be50633-09a3-465b-b114-679b991105aa,"demyelinating disease therapy, Evogene/Unravel",7d97c3c4-4e85-48a8-ac52-1d8dbb14a57e,,Preclinical,,,Evogene Ltd,Synthetic small molecule,Preclinical,Multiple sclerosis,Neurology/Psychiatric,Unidentified pharmacological activity,,Israel,PHARMAPROJECTS,2026-05-08T16:03:11.614Z,2026-05-08T16:03:11.614Z
5c581f64-ae12-4372-8127-c1899f81aeff,"neurological disease therapy, Carna Biosciences",54906364-6137-4ae5-98f8-0800e550ea9e,,Suspended,,,Carna Health,Synthetic small molecule,Preclinical| Suspended,Neurological disease| Parkinson's disease,Neurology/Psychiatric,Kinase inhibitor,,Japan,PHARMAPROJECTS,2026-05-08T16:03:11.675Z,2026-05-08T16:03:11.675Z
b56e14d3-3e30-4435-bd0c-ed6722fa638f,CLS-12311,bd607a2b-3bc4-40a1-98c5-5a68fb430cbd,JIL672,Phase 2 Clinical,,,Cellerys AG| Novartis AG,Autologous cell therapy| Biological| Blood cell| Cellular| Peptide| Protein & peptide therapeutics| Small molecule| Systemic formulation unspecified,Phase 1 Clinical| Phase 2 Clinical,"Multiple sclerosis| Multiple sclerosis (MS) unspecified| Multiple sclerosis, relapsing-remitting| Relapsing-Remitting MS (RRMS)",Immune| Neurology/Psychiatric,Desensitizer| Immunostimulant| Unclassified| Unknown,,Switzerland,EVALUATE| CORTELLIS| PHARMAPROJECTS,2026-05-08T16:03:08.717Z,2026-05-08T16:03:08.717Z
2e0bcbc6-ea3c-4686-aa80-6b656af2cfd2,Monosodium Luminol GVT Oral,55ad77a1-9f9b-444d-b724-f344bacd1f1f,,Preclinical,,,Bach Pharma Inc,Small molecule,Preclinical,Acute Radiation Syndrome| Alzheimers disease| Amyotrophic lateral sclerosis| COAD/COPD| Friedreich ataxia| Huntington's disease| Multiple sclerosis (MS) unspecified| Other neurological indications| Parkinson's disease| Poisoning neutralization,Neurology/Psychiatric,Unclassified,,US,EVALUATE,2026-05-08T16:03:09.034Z,2026-05-08T16:03:09.034Z
c14171a6-56f4-4dde-a1e9-9f07a627ae69,Parkinson Disease Research Project,5b9e377c-a536-4b37-b233-bb1aaa5a835a,,Preclinical,,,Institute of Organic Chemistry and Biochemistry of the Academy of Sciences of the Czech Republic,Small molecule,Preclinical,Parkinson's disease,Neurology/Psychiatric,Alpha-synuclein accumulation inhibitor,,Czech Republic,EVALUATE,2026-05-08T16:03:09.157Z,2026-05-08T16:03:09.157Z
fec2dc29-15dc-4c0b-9a97-063bf5f69da7,IPB-05,711d0443-7648-48b2-a20f-7c9f368d6f5c,iPB-05,Preclinical,,,IPS Pharma,Small molecule| Synthetic small molecule,Discovery| Preclinical,Alzheimers disease| Huntington's disease,Neurology/Psychiatric,Unidentified pharmacological activity| Unknown,,South Korea,EVALUATE| PHARMAPROJECTS,2026-05-08T16:03:11.614Z,2026-05-08T16:03:11.614Z
11fc9f1e-6c00-4d58-8b2d-091956c83d2e,PINK1 activators,e7c9af53-ed34-41e5-95b8-2871beaeff88,"PINK1 activators, Progenra",Preclinical,,,Progenra Inc,Small molecule| Synthetic small molecule,Discovery| Preclinical,Parkinson's disease,Neurology/Psychiatric,PTEN modulator| Phosphatase and tensin homolog (PTEN) stimulant,,US,EVALUATE| PHARMAPROJECTS,2026-05-08T16:03:11.676Z,2026-05-08T16:03:11.676Z
2761cdbb-7f5e-41f1-9d67-1c7031c7dbe0,BOS-421,21561e97-794b-4935-a449-a1c6845462cd,GSK3502421,Suspended,,,Boston Pharmaceuticals| GSK plc,Oral formulation| Small molecule| Synthetic small molecule,Preclinical| Suspended,Multiple sclerosis (MS) unspecified| Neurological disease,Immune| Neurology/Psychiatric,RIP-1 kinase inhibitor| Receptor interacting protein 1 (RIP1) kinase inhibitor| Receptor-interacting serine/threonine kinase 1 inhibitor| Serine/threonine-protein kinase 1 PLK1 inhibitor,RIP-1 kinase,UK| US,EVALUATE| CORTELLIS| PHARMAPROJECTS,2026-05-08T16:03:08.876Z,2026-05-08T16:03:08.876Z
298d33eb-0a4c-4baf-8bac-326128fb95a8,lenrispodun,6789cbcc-0016-4e94-96ae-2ea4025c258c,Lenrispodun,Suspended,,,Intra-Cellular Therapies Inc| Johnson & Johnson,Once daily formulation| Oral formulation| Small molecule| Tablet formulation,Phase 2 Clinical| Suspended,Alzheimers disease| Attention deficit hyperactivity disorder| Cardiac failure| Cardiovascular disease| Parkinson's disease| Parkinsons disease| Schizophrenia| Solid tumour indications,Cancer| Cardiovascular| Neurology/Psychiatric,Dopamine D1 receptor agonist| PDE 1 inhibitor| Phosphodiesterase 1 (PDE1) inhibitor| Phosphodiesterase 1 inhibitor,PDE 1,US,EVALUATE| CORTELLIS| PHARMAPROJECTS,2026-05-08T16:03:08.935Z,2026-05-08T16:03:08.935Z
15f017d7-68ca-4ab5-a029-b6d7f49f8d1a,FREQ-162,136667a0-abbf-4f1b-b936-2355d5336948,,Suspended,,,Korro AI Ltd,Oral formulation| Small molecule| Synthetic small molecule,Preclinical| Suspended,Multiple sclerosis| Multiple sclerosis (MS) unspecified,Immune| Neurology/Psychiatric,Oligodendrocyte progenitor cell stimulant| Unidentified pharmacological activity,,US,EVALUATE| CORTELLIS| PHARMAPROJECTS,2026-05-08T16:03:09.253Z,2026-05-08T16:03:09.253Z
cca1425d-dc6c-4910-8e72-3c72f8453900,CVL-1001,5ea0883d-9001-4c80-bf54-07a958ae49cb,,Preclinical,,,Case Western Reserve University,Small molecule| Systemic formulation unspecified,Preclinical,Multiple sclerosis,Immune,Emopamil binding protein like inhibitor,,US,CORTELLIS,2026-05-08T16:03:12.215Z,2026-05-08T16:03:12.215Z
ec152aaf-e4af-4470-8187-23d3a4e7a26b,"epertinib, Raya Therapeutics",a1ca9f0b-219c-47ed-8394-29b1ab6387bb,,Suspended,,,Raya Therapeutic Inc| Shionogi Ltd,Small molecule| Synthetic small molecule| Systemic formulation unspecified,Phase 2 Clinical| Suspended,Amyotrophic lateral sclerosis| Neurological disease,Neurology/Psychiatric| Rare Diseases,Unidentified pharmacological activity,,Canada| Japan,CORTELLIS| PHARMAPROJECTS,2026-05-08T16:03:12.317Z,2026-05-08T16:03:12.317Z
5794a7d5-e97f-4a08-898e-ba27865fd1e5,YN104,6f01b17c-d335-4324-9a75-36e973cb8d69,,Suspended,,,Guangzhou Innogen Pharmaceutical Group Co Ltd,Small molecule| Synthetic small molecule,Preclinical| Suspended,Alzheimers disease,Neurology/Psychiatric,Unclassified| Unidentified pharmacological activity,,China,EVALUATE| PHARMAPROJECTS,2026-05-08T16:03:08.837Z,2026-05-08T16:03:08.837Z
c6b4726b-d2db-4f99-9d8f-494f57e936d5,"apomorphine (intranasal, Parkinson Disease/Erectile Dysfunction/Hypoactive Sexual Desire Disorder/emale Sexual Dysfunction), Oncotelic",664c7cd0-fc0a-483f-9575-5139b7d33c51,,Phase 2 Clinical,,,Autotelic Inc,Small molecule,Phase 2 Clinical,Erectile dysfunction| Female sexual dysfunction| Hypoactive sexual desire disorder| Parkinsons disease,Genitourinary/Sexual Function| Neurology/Psychiatric,Dopamine receptor agonist,Dopamine D2 receptor,US,CORTELLIS,2026-05-08T16:03:12.277Z,2026-05-08T16:03:12.277Z
4a04b9c1-90c0-407b-a1d2-063b72c48975,Neurodegenerative Diseases Research Project,4ffa97f8-c3f1-4eb8-8e30-ad1c184560e9,,Preclinical,,,Alectos Therapeutics Inc| Baylor Genetics| Merck & Co Inc| MitoChem Therapeutics,Small molecule,Discovery| Preclinical,Acute kidney injury| Alzheimers disease| Amyotrophic lateral sclerosis| Frontotemporal dementia| Hypotension| Muscular dystrophy| Other neurological indications| Parkinson's disease| Stroke| Undisclosed,Neurology/Psychiatric,E3 ubiquitin ligase regulator| O-linked-β-N-acetylglucosamine (O-GlcNAcase) regulator| Tau protein degrader| Unclassified,,Canada| US,EVALUATE,2026-05-08T16:03:09.254Z,2026-05-08T16:03:09.254Z
78c2fe91-e368-430a-8e1f-7d40bec79eb0,"multiple sclerosis therapy, Graviton Bioscience",176ac1d0-da57-4e4c-b20a-d85eb03d4f58,,Preclinical,,,Graviton Bioscience BV,Synthetic small molecule,Preclinical,Multiple sclerosis,Neurology/Psychiatric,Rho-associated kinase 2 inhibitor,,US,PHARMAPROJECTS,2026-05-08T16:03:09.636Z,2026-05-08T16:03:09.636Z
66dbce45-df90-463d-b870-0060dbc8afd6,AMC9008,2f8118f0-9b0a-4ee2-bc34-e0a8c59e389b,AMC-9008,Preclinical,,,Animuscure Co Ltd,Small molecule| Synthetic small molecule,Discovery| Preclinical,Amyotrophic lateral sclerosis,Neurology/Psychiatric| Rare Diseases,Unidentified pharmacological activity| Unknown,,South Korea,EVALUATE| PHARMAPROJECTS,2026-05-08T16:03:09.755Z,2026-05-08T16:03:09.755Z
62110c19-9d2c-4725-9aae-ee5fed71fd9e,NT-KO-003,9f7adec9-f13b-4c89-ba7c-bd5fb563b5b8,,Phase 2 Clinical,,,Aromics,Small molecule,Phase 2 Clinical,Amyotrophic lateral sclerosis| Other neurological indications| Relapsing-Remitting MS (RRMS),Neurology/Psychiatric,ATP dependent potassium channel (KATP) activator,,Spain,EVALUATE,2026-05-08T16:03:08.777Z,2026-05-08T16:03:08.777Z
f2c659e5-a613-46a0-88d6-46d212c406d6,AT-5261,190ba3f4-a930-48d9-bd34-3fede7b13818,CS-6253,Suspended,,,Artery LLC,Biological| Intraperitoneal formulation| Intravenous formulation| Peptide| Small molecule| Solution| Subcutaneous formulation,Phase 1 Clinical| Suspended,Alzheimers disease| Atherosclerosis| Cognitive disorder| Dementia| Diabetes mellitus,Cardiovascular| Endocrine/Metabolic| Neurology/Psychiatric,ABCA1 transporter stimulant| ATP binding cassette transporter A1 stimulator| ATP-binding cassette transporter (ABC) stimulant| Apolipoprotein A1 agonist,ATP binding cassette transporter A1| Apolipoprotein A1,US,EVALUATE| CORTELLIS| PHARMAPROJECTS,2026-05-08T16:03:09.214Z,2026-05-08T16:03:09.214Z
1159a4ac-07a3-4090-b2b6-c66bc28d4f85,Parkinson Disease Program (YSRD),c00b26e1-cd2a-4bdc-bcfa-2f5867d0d10f,,Preclinical,,,The Hebrew University Of Jerusalem,Small molecule,Preclinical,Parkinson's disease,Neurology/Psychiatric,Unclassified,,Israel,EVALUATE,2026-05-08T16:03:09.315Z,2026-05-08T16:03:09.315Z
46f2b22d-a396-4ac5-aaf7-2bf0bed70621,MK-1708,76b6f648-ebbf-4b15-acd9-5c485a90c647,,Phase 1 Clinical,,,MSD,Oral formulation| Small molecule,Phase 1 Clinical,Alzheimers disease| Amyotrophic lateral sclerosis,Neurology/Psychiatric,,,Japan,CORTELLIS,2026-05-08T16:03:11.836Z,2026-05-08T16:03:11.836Z
c033b773-52aa-49c9-80b5-4ef46eb6ec4b,LY-3962681,eb72f052-cc6d-4151-976f-081fbe568da6,,Phase 1 Clinical,,,Prevail Health Inc,Intrathecal formulation| Oligonucleotide| Small molecule| small interfering RNA (siRNA),Phase 1 Clinical,Parkinsons disease,Neurology/Psychiatric,SNCA gene inhibitor,SNCA gene,US,CORTELLIS,2026-05-08T16:03:11.995Z,2026-05-08T16:03:11.995Z
7eaec411-66a3-43f9-ab55-e6a4602b22c6,HRG-2010,ed7b765d-275f-4f5e-97e2-083c2ab464d4,"HRG2010| levodopa + carbidopa, Jiangsu Hengrui Pharmaceuticals",Launched,,,Hengrui Pharmacy| Tanabe Pharma GmbH,<=24hr release| Capsule formulation| Fixed-dose combination| Oral formulation| Small molecule| Synthetic small molecule,Launched| Phase 3 Clinical,Parkinson's disease| Parkinsons disease,Neurology/Psychiatric,Dopa decarboxylase modulator| Dopamine receptor agonist| Dopamine receptor potentiator,,China| Japan,EVALUATE| CORTELLIS| PHARMAPROJECTS,2026-05-08T16:03:09.535Z,2026-05-08T16:03:09.535Z
1f307fbd-321a-4d89-a55b-70528f489081,HL-500,75bfb1d1-58fa-4163-a8ef-bc2590ea4f0c,,Preclinical,,,Highlightll Pharmaceutical (USA) LLC,Small molecule| Systemic formulation unspecified,Discovery| Preclinical,Parkinsons disease| Undisclosed,Neurology/Psychiatric| Unknown,Leucine rich serine threonine kinase 2 inhibitor| Unclassified,Leucine rich serine threonine kinase 2,China,EVALUATE| CORTELLIS,2026-05-08T16:03:11.997Z,2026-05-08T16:03:11.997Z
21704dc5-56eb-4071-b0f1-576e18292f02,Alzheimer Disease Research Program,5053f383-56b4-4883-b52b-9d0262cde054,,Discovery,,,Origami Software LLC,Small molecule,Discovery,Alzheimers disease,Neurology/Psychiatric,Unclassified,,US,EVALUATE,2026-05-08T16:03:12.375Z,2026-05-08T16:03:12.375Z
7a3a713b-6d69-4385-986c-2f8eb72d6c00,ALX-001,5fda2c6b-2e4f-4cb1-8b2d-c11750bd110e,,Phase 1 Clinical,,,Allyx Therapeutics Inc| Bristol-Myers Squibb AB| Yale University,Capsule formulation| Small molecule| Synthetic small molecule,Phase 1 Clinical,Alzheimers disease| Parkinson's disease| Parkinsons disease,Neurology/Psychiatric,Glutamate 5 receptor antagonist| Glutamate receptor agonist| Metabotropic glutamate receptor 5 (MGLUR5) agonist| Metabotropic glutamate receptor 5 (MGLUR5) antagonist| Metabotropic glutamate receptor 5 (mGluR5) regulator| Metabotropic glutamate receptor 5 agonist,Metabotropic glutamate receptor 5,US,EVALUATE| CORTELLIS| PHARMAPROJECTS,2026-05-08T16:03:09.255Z,2026-05-08T16:03:09.255Z
907bbe29-c602-4e95-b3ee-29544485c082,GPR75,9dacb1bb-f300-4d78-bb4e-6be9f2194e5b,"Target D Parkinson's therapy, ConfometRx",Preclinical,,,ConfometRx Inc,Small molecule| Synthetic small molecule,Discovery| Preclinical,"Cachexia| Cachexia (wasting), other| Obesity| Parkinson's disease| Sarcopenia",Alimentary/Metabolic| Gastrointestinal| Musculoskeletal| Neurology/Psychiatric,Alpha-synuclein (SNCA) degrader| B-cell therapy| Dopamine D1 receptor agonist| G protein-coupled receptor (GPCR) agonist| Synuclein inhibitor| Unidentified pharmacological activity,,US,EVALUATE| PHARMAPROJECTS,2026-05-08T16:03:11.555Z,2026-05-08T16:03:11.555Z
dc7be15c-0260-4676-a7c3-ff4767ade30b,Adenosine A2A/histamine H3 receptor antagonist,309ee9d6-20de-4921-a82e-fce8aa6a2dea,"adenosine A2A/histamine H3 receptor antagonist, Palobiofarma",Preclinical,,,Palobiofarma SL,Small molecule| Synthetic small molecule,Discovery| Preclinical,Parkinson's disease,Neurology/Psychiatric,Adenosine A2a receptor agonist| Histamine H3 receptor agonist,,Spain,EVALUATE| PHARMAPROJECTS,2026-05-08T16:03:11.614Z,2026-05-08T16:03:11.614Z
8ebae49c-23b3-4e0b-a342-60c854bfae48,KEM2309,a0f6c5d5-2d44-4b90-a25e-bff01235ec9d,KEM-2309,Preclinical,,,Shenzhen PharmaEasy Pharmaceutical Technology Co Ltd,Formulation other| Small molecule,Preclinical,Parkinson's disease,Neurology/Psychiatric,Unidentified pharmacological activity| Unknown,,China,EVALUATE| PHARMAPROJECTS,2026-05-08T16:03:08.597Z,2026-05-08T16:03:08.597Z
7bbd9080-27d6-4736-8620-3271a2f6949d,MB-204,2e536037-4897-4f14-8720-8cf33e1ab2ec,istradefylline,Preclinical,,,Marvel Labs Inc| Novo Nordisk A/S,Small molecule| Synthetic small molecule,Preclinical,"Alzheimers disease| Anxiety, unspecified| Attention deficit hyperactivity disorder| Cancer| Depression| Fragile X syndrome| Non-alcoholic steatohepatitis| Parkinson's disease| Rett syndrome| Sex-chromosome abnormality, fragile X syndrome",Alimentary/Metabolic| Cancer| Neurology/Psychiatric| Rare Diseases,Adenosine A2a receptor agonist| Immune checkpoint agonist| Immuno-oncology therapy,,Canada| Denmark,EVALUATE| PHARMAPROJECTS,2026-05-08T16:03:08.655Z,2026-05-08T16:03:08.655Z
1f0cd2fb-52db-41a9-ba6c-779cee59f0da,TASIN,d991b22a-09f6-4784-b904-aa85ac3b11a3,,Preclinical,,,Barricade Therapeutics Inc,Small molecule| Synthetic small molecule,Preclinical,Colorectal tumor| Multiple sclerosis (MS) unspecified,Cancer,Emopamil binding protein inhibitor| c-Jun N-terminal kinase (JNK) stimulant,,US,EVALUATE| PHARMAPROJECTS,2026-05-08T16:03:09.316Z,2026-05-08T16:03:09.316Z
0ba01ff6-e1e7-4aa8-a441-a37f6e0ed0ca,SKL-PD,1603b5ef-b088-48c9-afa6-d8eb6d995986,YKP-10461,Suspended,,,SK Inc,Oral formulation| Small molecule| Synthetic small molecule,Phase 1 Clinical| Preclinical| Suspended,Parkinson's disease| Parkinsons disease,Neurology/Psychiatric,MAO B inhibitor| Monoamine oxidase B (MAOB) inhibitor| Monoamine oxidase B inhibitor,MAO B,South Korea| US,EVALUATE| CORTELLIS| PHARMAPROJECTS,2026-05-08T16:03:09.694Z,2026-05-08T16:03:09.694Z
e4e9d742-c904-40a0-9b55-a76802b4e506,ACD-857,15974760-4664-4532-8360-ce54e59730e6,ACD-856| ACD857,Suspended,,,AlzeCure Pharma AB,Local formulation unspecified| Oral formulation| Small molecule| Synthetic small molecule| Systemic formulation unspecified,Phase 1 Clinical| Preclinical| Suspended,"Alzheimers disease| Cognitive disorder| Depression| Neurotrophic keratitis| Obesity| Ocular disorder, unspecified| Other sleep disorders| Parkinson's disease| Parkinsons disease| Sleep apnea| Sleep disorder| Traumatic brain injury",Alimentary/Metabolic| Neurology/Psychiatric| Ocular| Rare Diseases| Sensory Organs,Brain derived neurotrophic factor (BDNF) stimulant| Brain derived neurotrophic factor ligand| NGF receptor modulator| Nerve growth factor ligand| Neurotrophin growth factor stimulant| Trk tyrosine kinase receptor modulator| TrkA receptor agonist| TrkB receptor agonist| Tropomyosin receptor kinase (Trk) stimulator| Tropomyosin receptor kinase A (TrkA) stimulator| Unidentified pharmacological activity,Brain derived neurotrophic factor ligand| NGF receptor| Nerve growth factor ligand| Trk tyrosine kinase receptor| TrkA receptor| TrkB receptor,Sweden,EVALUATE| CORTELLIS| PHARMAPROJECTS,2026-05-08T16:03:08.876Z,2026-05-08T16:03:08.876Z
77f76060-15f8-4dc9-bff7-3c14d1574268,LY-4006895,ced276f3-cf30-4a6b-a687-781fcf390681,,Phase 1 Clinical,,,Eli Lilly SA,Intravenous formulation| Small molecule,Phase 1 Clinical,Alzheimers disease,Neurology/Psychiatric,Unidentified pharmacological activity| Unknown,,US,EVALUATE| CORTELLIS| PHARMAPROJECTS,2026-05-08T16:03:09.155Z,2026-05-08T16:03:09.155Z
70652e9d-dc86-4a44-9e5d-e6e8782f1076,zelquistinel,64cc5f20-9b15-4e0c-a8e3-7dba0d2b1d66,,Phase 2 Clinical,,,Aptinyx Inc| Gate Inc,Oral solution formulation| Powder for oral solution formulation| Small molecule| Tablet formulation,Phase 2 Clinical,Alzheimers disease| Dementia| Depression| Major depressive disorder| Other psychoses,Neurology/Psychiatric,N-methyl-D-aspartate (NMDA) receptor 2 agonist| N-methyl-D-aspartate (NMDA) receptor agonist| NMDA receptor partial agonist,NMDA receptor,US,EVALUATE| CORTELLIS,2026-05-08T16:03:12.093Z,2026-05-08T16:03:12.093Z
a7483518-0bab-4812-b783-aff76198ed00,INM-900 series,559a7ea0-542c-495f-acad-b27f30bc0c74,,Suspended,,,InMed Inc,Natural product| Plant| Small molecule,Discovery| Preclinical| Suspended,Alzheimers disease| Huntington's disease| Huntingtons chorea| Neurodegenerative disease| Neurological disease| Other neurological indications| Parkinson's disease| Parkinsons disease,Neurology/Psychiatric| Rare Diseases,Cannabinoid receptor agonist| Unclassified| Unidentified pharmacological activity,Cannabinoid receptor,Canada,EVALUATE| CORTELLIS| PHARMAPROJECTS,2026-05-08T16:03:12.096Z,2026-05-08T16:03:12.096Z
48aa84fc-b959-45f2-8b78-674245d39176,"UNC13A oligonucleotide antisense therapy (amyotrophic lateral sclerosis), Maze Therapeutics/undisclosed company",80266954-ecb5-4b78-bc5b-9f3984927ba0,,Preclinical,,,Maze Inc,Infusion| Intravenous formulation| RNA antisense| Small molecule,Preclinical,Amyotrophic lateral sclerosis,Neurology/Psychiatric,UNC13A gene inhibitor,UNC13A gene,US,CORTELLIS,2026-05-08T16:03:12.096Z,2026-05-08T16:03:12.096Z
2c3ae906-8d9b-41fe-b814-eb8e17486d22,Selective Aβ1-40 & Aβ1-42 Lowering Agent,4eb14129-40f0-404e-8f9d-03be5185ab18,,Preclinical,,,Icahn School of Medicine at Mount Sinai,Small molecule,Preclinical,Alzheimers disease,Neurology/Psychiatric,Beta-secretase (BACE) inhibitor,,US,EVALUATE,2026-05-08T16:03:09.036Z,2026-05-08T16:03:09.036Z
6ed256f4-9757-4c41-9e0f-9f0ce11fae26,JK-50561,d33d5f00-6fbf-42fb-8b74-6aef091e0b4e,,Suspended,,,Joekai Biotechnology LLC,Small molecule| Synthetic small molecule,Phase 2 Clinical| Preclinical| Suspended,Alzheimers disease| Amnesia| Mental deficiency| Posterior cortical atrophy| Vascular dementia,Neurology/Psychiatric,Rac1 inhibitor,,China,PHARMAPROJECTS,2026-05-08T16:03:11.555Z,2026-05-08T16:03:11.555Z
406771ce-3032-46f0-b703-154715aa1da3,flutafuranol (18F),7edf4fb3-d05e-4534-9110-9b9c49803747,,Phase 3 Clinical,,,AstraZeneca AB| Lantheus Holdings Inc,Imaging agent| In vivo diagnostics| Intravenous formulation| Radiolabeling| Small molecule,Phase 3 Clinical,"Alzheimers disease| Cognitive disorder| Diagnosis, CNS| Nuclear imaging",Neurology/Psychiatric| Unknown,Beta amyloid modulator| Radiation emitter| Radioemitter,Beta amyloid,UK| US,EVALUATE| CORTELLIS| PHARMAPROJECTS,2026-05-08T16:03:12.054Z,2026-05-08T16:03:12.054Z
fb50aab4-e19b-421c-b7f6-92901179d656,"sodium pyruvate (inhaled, COPD/IPF/ILD/cystic fibrosis/asthma/influenza/COVID-19/long COVID/allergic and chronic rhinitis/sinusitis/cancer/concussion/congestion/AD/pulmonary hypertension), EmphyCorp",07622b9e-1a66-45b4-92e4-5b76757f9ca9,N115,Suspended,,,EmphyCorp Inc,"Inhalant formulation| Nasal formulation| Reformulation, inhalable| Small molecule| Synthetic small molecule",Launched| Phase 2 Clinical| Phase 3 Clinical| Suspended,"Acute bronchitis| Allergic rhinitis| Alzheimers disease| Asthma| COAD/COPD| COVID-19 treatment| Cancer| Chronic obstructive airway disease| Coronavirus disease 19 infection| Cystic fibrosis| Emphysema| General cancer indications| General respiratory disorders| General viral indications| Idiopathic pulmonary fibrosis| Infection, coronavirus, novel coronavirus| Influenza prophylaxis| Influenza treatment| Influenza virus infection| Interstitial lung disease| Post COVID-19 condition| Post-COVID syndrome| Pulmonary fibrosis| Pulmonary hypertension| Respiratory congestion| Rhinitis| Sarcoidosis| Sinusitis| Traumatic brain injury",Cancer| Cardiovascular| Immune| Infection| Inflammatory| Neurology/Psychiatric| Other/Miscellaneous| Rare Diseases| Respiratory,Reactive oxygen species (ROS) regulator| Reducing agent,,US,EVALUATE| CORTELLIS| PHARMAPROJECTS,2026-05-08T16:03:11.775Z,2026-05-08T16:03:11.775Z
93b13b3f-6156-4030-afbf-fc11faf7dba2,ZL-59,2a565fd9-d55e-4072-a704-e7846e070712,,Suspended,,,Chengdu Zenitar Biomedical Technology,Small molecule| Synthetic small molecule,Preclinical| Suspended,COVID-19 complications| Cytokine release syndrome| Encephalitis| General inflammatory disorders| Hyperuricemia| Multiple sclerosis| Non-alcoholic steatohepatitis,Alimentary/Metabolic| Immune| Musculoskeletal| Neurology/Psychiatric| Other/Miscellaneous| Rare Diseases| Respiratory,Unclassified| Unidentified pharmacological activity,,China,EVALUATE| PHARMAPROJECTS,2026-05-08T16:03:09.597Z,2026-05-08T16:03:09.597Z
f88979f7-5692-405b-9896-b0c9664d43c6,"N-acetyl lysyltyrosylcysteine amide (multiple sclerosis/sickle cell disease/stroke), ReNeurogen",d0976197-c341-4913-8c14-187b369a6c2d,,Phase 1 Clinical,,,Reneurogen LLC,Peptide| Protein & peptide therapeutics| Small molecule| Systemic formulation unspecified,Phase 1 Clinical| Preclinical,Brain injury| Bronchopulmonary dysplasia| Lung malformation| Multiple sclerosis| Multiple sclerosis (MS) unspecified| Neurodegenerative disease| Sickle cell anemia| Stroke| Traumatic brain injury,Hematologic| Immune| Neurology/Psychiatric| Respiratory,Myeloperoxidase (MPO) modulator| Myeloperoxidase modulator,Myeloperoxidase,US,EVALUATE| CORTELLIS,2026-05-08T16:03:11.834Z,2026-05-08T16:03:11.834Z
9dbab944-da25-4846-ba53-d4900bd05031,KL-002,efc74a5e-fdba-4a1e-9540-69ecc2c1e169,,Clinical,,,Kanglin Biotech (Hangzhou) Co. LTD,Biological| Gene therapy| Injectable formulation| Local formulation unspecified| Synthetic small molecule,Clinical| Preclinical,Parkinson's disease| Parkinsons disease,Neurology/Psychiatric,Unidentified pharmacological activity| Unspecified gene modulator,Gene target,China,EVALUATE| CORTELLIS| PHARMAPROJECTS,2026-05-08T16:03:11.556Z,2026-05-08T16:03:11.556Z
4867882b-8eca-4a70-8746-cdfa000a24ee,"lithium citrate (lipidic reverse micelle microemulsion/Aonys, Huntington's chorea/bipolar disease), Medesis",528e9c84-3b56-4db0-909f-dcedd74e0a74,,Suspended,,,Medesis Pharma SA,Buccal formulation systemic| Lipid nanoparticle formulation dermatological| Lipid nanoparticle formulation oral| Micellar formulation oral| Oral formulation| Reformulation| Small molecule| Synthetic small molecule,Phase 1 Clinical| Suspended,"Alzheimers disease| Bipolar disorder| Depression, major depressive disorder| Huntington's disease| Huntingtons chorea| Infection, coronavirus, novel coronavirus",Immune| Infection| Neurology/Psychiatric| Rare Diseases,Unidentified pharmacological activity,,France,CORTELLIS| PHARMAPROJECTS,2026-05-08T16:03:12.316Z,2026-05-08T16:03:12.316Z
c88e334f-d4ad-4eda-a430-7829cc0aa7ee,bevemipretide trihydrochloride,cfe52cec-e616-466a-8727-d3005f0c0239,Bevemipretide| bevemipretide,Phase 1 Clinical,,,Evotec (UK) Ltd| Stealth Co,CNS formulation| Ophthalmic liquid formulation| Oral formulation| Peptide| Small molecule| Subcutaneous formulation| Synthetic small molecule,Phase 1 Clinical| Preclinical,Amyotrophic lateral sclerosis| Dry age related macular degeneration| Dry age-related macular degeneration (AMD)| Frontotemporal dementia| Glaucoma| Mitochondrial disease| Multiple system atrophy| Neurological disease| Other neurological indications| Parkinson's disease| Parkinsons disease,Endocrine/Metabolic| Neurology/Psychiatric| Ocular| Rare Diseases| Sensory Organs,Peroxisome proliferator-activated receptor delta (PPAR-delta) regulator| Unidentified pharmacological activity,,Germany| US,EVALUATE| CORTELLIS| PHARMAPROJECTS,2026-05-08T16:03:08.315Z,2026-05-08T16:03:08.315Z
033dacdc-173b-4a94-8b09-9d4506aacdf4,SNP614,113f78ff-adf8-46ce-a218-a0893b1ec6f8,,Preclinical,,,SciNeuro Therapeutics Inc,Antisense therapy| Nucleic acid technology| Small molecule,Preclinical,Parkinson's disease,Neurology/Psychiatric,Leucine-rich repeat kinase 2 inhibitor| Leucine-rich repeat serine/threonine-protein kinase 2 inhibitor,,US,EVALUATE| PHARMAPROJECTS,2026-05-08T16:03:08.594Z,2026-05-08T16:03:08.594Z
c8b797c7-267c-428f-bfa0-f2f1d117e624,Path-003,73ccfa1b-0f1b-4abc-9bff-ae976d67f5b7,,Preclinical,,,PATH,Small molecule| Synthetic small molecule,Preclinical,Alzheimers disease,Neurology/Psychiatric,Unidentified pharmacological activity| Unknown,,US,EVALUATE| PHARMAPROJECTS,2026-05-08T16:03:08.594Z,2026-05-08T16:03:08.594Z
13e270dc-b794-4d2e-a029-9fabbd86e01d,NT-401,6e32a144-ac56-460c-8c63-5254df1e7763,,Preclinical,,,Pharmasolutions AS,Inhalable solution| Small molecule,Preclinical,Amyotrophic lateral sclerosis,Neurology/Psychiatric| Rare Diseases,Unidentified pharmacological activity| Unknown,,US,EVALUATE| PHARMAPROJECTS,2026-05-08T16:03:08.713Z,2026-05-08T16:03:08.713Z
03ffd0db-7292-4283-a83b-1020af1e2cc6,rivastigmine,7599596f-4497-471f-8851-9f08979a0553,TW-4752N,Phase 3 Clinical,,,Towa Co Ltd,Small molecule| Systemic formulation unspecified,Phase 3 Clinical,Alzheimers disease| Brain ischemia,Neurology/Psychiatric,,,Japan,EVALUATE| CORTELLIS| PHARMAPROJECTS,2026-05-08T16:03:11.895Z,2026-05-08T16:03:11.895Z
1dde9209-3605-40af-abc5-a5e9901da351,Dewpoint-Mitsubishi Tanabe Pharma ALS Research Project,f635ac8d-d02b-42cb-9b7b-dbab3e514304,"amyotrophic lateral sclerosis therapy, Dewpoint Therapeutics",Suspended,,,Dewpoint Therapeutics Inc| Tanabe Pharma GmbH,Small molecule| Synthetic small molecule,Preclinical| Suspended,Amyotrophic lateral sclerosis| Neurological disease,Neurology/Psychiatric| Rare Diseases,TAR DNA-binding protein (TDP) regulator| TDP-43 inhibitor,,Japan| US,EVALUATE| PHARMAPROJECTS,2026-05-08T16:03:08.594Z,2026-05-08T16:03:08.594Z
8425507c-b998-4891-b386-262292820f7a,DB-105,76206379-224e-4a52-8621-951eb0e9811c,DB105,Suspended,,,Denovo Genomics Inc| Orion srl,Oral formulation| Small molecule| Synthetic small molecule,Phase 2 Clinical| Suspended,Alzheimers disease| Depression| Raynauds disease| Schizophrenia,Cardiovascular| Neurology/Psychiatric,Alpha 2C adrenoceptor agonist| Alpha-2C adrenoceptor antagonist,Alpha 2C adrenoceptor,Bangladesh| Finland| US,EVALUATE| CORTELLIS| PHARMAPROJECTS,2026-05-08T16:03:08.775Z,2026-05-08T16:03:08.775Z
469e8e44-b423-4c2c-8865-84bbfee6794c,AUR1107,c910abe4-12bb-4e4d-ba0d-d4cc09770bab,,Suspended,,,Aurin Biotech Inc,Small molecule| Synthetic small molecule,Preclinical| Suspended,Alzheimers disease,Neurology/Psychiatric,Unclassified,,Canada,EVALUATE| PHARMAPROJECTS,2026-05-08T16:03:08.775Z,2026-05-08T16:03:08.775Z
9337ab3e-535a-481c-8c25-8855d8d7ced9,corubrutinib,40055193-f648-47af-8796-141923374fb6,BIIB-091| BIIB091,Phase 2 Clinical,,,Biogen NV,Oral formulation| Small molecule| Synthetic small molecule,Phase 2 Clinical,Multiple sclerosis| Nervous system inflammation,Cancer| Immune| Neurology/Psychiatric,BTK gene stimulator| Bruton tyrosine kinase inhibitor| Bruton’s tyrosine kinase (BTK) inhibitor,Btk tyrosine kinase,US,EVALUATE| CORTELLIS| PHARMAPROJECTS,2026-05-08T16:03:09.154Z,2026-05-08T16:03:09.154Z
c71ab58e-5398-4e54-b217-02c538368337,Trappsol Cyclo,76ee62f4-fea7-466a-b364-7d4d1a9f587a,,Phase 3 Clinical,,,Cornerstone,Small molecule,Phase 2 Clinical| Phase 3 Clinical,Alzheimers disease| Niemann Pick disease,Gastrointestinal,Unclassified,,US,EVALUATE,2026-05-08T16:03:09.415Z,2026-05-08T16:03:09.415Z
5ae1dad1-ec4d-4d47-afa7-ac96212466a4,"clofutriben (Cushing syndrome/autonomous cortisol secretion), Sparrow Pharmaceuticals",1322f4ea-00e1-4f6c-b719-f4d565d38b3d,clofutriben,Suspended,,,Astellas Pharma AS| Sparrow Inc,Drug combination| Fixed-dose combination| Once daily formulation| Oral formulation| Small molecule| Steroid| Synthetic small molecule| Tablet formulation,Phase 1 Clinical| Phase 2 Clinical| Suspended,"Adrenal gland hyperfunction| Alzheimers disease| Asthma| Cancer, leukaemia, unspecified| Cancer, lymphoma, unspecified| Congenital adrenal hyperplasia| Cushing's disease| Cushing's syndrome| Cushings syndrome| Diabetic neuropathy| Inflammation, vascular| Neuropathic pain| Non-insulin dependent diabetes| Obesity| Other immune indications| Polymyalgia rheumatica| Rheumatoid arthritis",Alimentary/Metabolic| Cancer| Cardiovascular| Endocrine/Metabolic| Hormonal (excluding sex hormones)| Immune| Musculoskeletal| Neurology/Psychiatric| Rare Diseases| Respiratory,11 Beta hydroxysteroid dehydrogenase inhibitor| 11-Beta hydroxysteroid dehydrogenase 1 inhibitor| 11-beta-hydroxysteroid dehydrogenase (HSD) inhibitor| 11-beta-hydroxysteroid dehydrogenase 1 (HSD1) inhibitor| Glucocorticoid receptor (GCR) agonist| Glucocorticoid receptor agonist,11-Beta hydroxysteroid dehydrogenase 1,Japan| US,EVALUATE| CORTELLIS| PHARMAPROJECTS,2026-05-08T16:03:09.594Z,2026-05-08T16:03:09.594Z
b3be641c-27f5-4f06-abdf-8022da570856,PRG-CNS-2,0455eccd-05d1-4ef7-9926-2303de394828,,Preclinical,,,PRG S&Tech Inc,Small molecule| Synthetic small molecule| Systemic formulation unspecified,Preclinical,Alzheimers disease,Neurology/Psychiatric,Unidentified pharmacological activity| Unknown,,South Korea,EVALUATE| CORTELLIS| PHARMAPROJECTS,2026-05-08T16:03:09.795Z,2026-05-08T16:03:09.795Z
1a3bf742-53cd-4d4c-831c-303e01700c56,LRRK2 Inhibitor Research Project (CEREVT),268f790e-6fd3-4a47-839b-c001eb56fe81,,Preclinical,,,AbbVie BV| Pfizer Inc,Small molecule,Preclinical,Parkinson's disease,Neurology/Psychiatric,Leucine-rich repeat serine/threonine-protein kinase 2 inhibitor,,US,EVALUATE,2026-05-08T16:03:08.256Z,2026-05-08T16:03:08.256Z
f50b7d33-fe03-4dca-a7a9-11067538a2be,HNC-364,22f4384b-a8b9-4a31-926a-fdbced72dabe,"HNC364| rasagiline, prodrug, Guangzhou Henovcom Bioscience",Phase 1 Clinical,,,Guangzhou Henovcom Bioscience Co Ltd,Intramuscular formulation| Parenteral formulation| Prodrug| Small molecule| Suspension| Sustained release formulation| Synthetic small molecule,Phase 1 Clinical,Parkinson's disease| Parkinsons disease,Neurology/Psychiatric,MAO B inhibitor| Monoamine oxidase B (MAOB) inhibitor| Monoamine oxidase B inhibitor,MAO B,China,EVALUATE| CORTELLIS| PHARMAPROJECTS,2026-05-08T16:03:09.095Z,2026-05-08T16:03:09.095Z
f9fc57c4-c0d7-43d9-b6bf-5b1cf89d6899,Emyria-PsychoGenics Parkinson’s Disease Project,b062d712-9587-4d63-839c-eba755f86c8d,,Preclinical,,,Emyria Limited| PsychoGenics Inc,Small molecule,Preclinical,Parkinson's disease,Neurology/Psychiatric,Unclassified,,Australia| US,EVALUATE,2026-05-08T16:03:09.155Z,2026-05-08T16:03:09.155Z
2b1af2ae-285d-4792-beb5-ddfc849feaf1,L-Dopamide,8f1ee260-d28b-4c20-84f9-9d47a28065ce,,Preclinical,,,The Hebrew University Of Jerusalem,Small molecule,Preclinical,Parkinson's disease,Neurology/Psychiatric,Dopamine receptor agonist,,Israel,EVALUATE,2026-05-08T16:03:09.414Z,2026-05-08T16:03:09.414Z
37066867-d1ee-47e8-a762-5691b1d3850f,"Alzheimer’s disease therapy, Cerevance",27e980b9-50f1-4d84-ad0f-27a1e059978b,,Preclinical,,,Cerevance Ltd,Synthetic small molecule,Preclinical,Alzheimers disease,Neurology/Psychiatric,Unidentified pharmacological activity,,US,PHARMAPROJECTS,2026-05-08T16:03:09.754Z,2026-05-08T16:03:09.754Z
8d84124f-b99f-4471-8e87-506c7474ebe1,"valacyclovir + celecoxib (functional somatic syndromes/long COVID), Dogwood Therapeutics",2f4f8d46-75fa-4a6c-975a-55baab55917a,,Phase 2 Clinical,,,WEX Pharmaceuticals Inc,Capsule formulation| Drug combination| Fixed-dose combination| Oral formulation| Small molecule| Synthetic small molecule,Phase 2 Clinical,"Alzheimers disease| Anxiety disorders| Back pain| COVID-19 treatment| Chronic fatigue syndrome| Cognitive disorder| Coronavirus disease 19 infection| Depression| Fatigue| Fibromyalgia| Headache| Infection, coronavirus, novel coronavirus| Interstitial cystitis| Irritable bowel syndrome| Pain| Post COVID-19 condition| Post traumatic stress disorder| Sleep disorder",Gastrointestinal| Genitourinary/Sexual Function| Infection| Musculoskeletal| Neurology/Psychiatric| Other/Miscellaneous,Cyclo-oxygenase 2 (COX-2) inhibitor| Cyclooxygenase 2 modulator| DNA polymerase inhibitor| Herpes polymerase inhibitor| RNA directed RNA polymerase modulator| Severe acute respiratory syndrome coronavirus-2 (SARS-CoV-2) inhibitor,Cyclooxygenase 2| DNA polymerase,US,EVALUATE| CORTELLIS| PHARMAPROJECTS,2026-05-08T16:03:11.994Z,2026-05-08T16:03:11.994Z
0c4da6b1-d00c-4916-b488-f4d9d09294f3,flurimedrimer (18F),95f61726-e043-4188-a470-833eddd59eff,OP-801,Phase 2 Clinical,,,Orpheris Inc| Stanford Medicine,Imaging agent| Infusion| Intravenous formulation| Radiolabeling| Small molecule| Synthetic small molecule,Phase 2 Clinical,"Alzheimers disease| Amyotrophic lateral sclerosis| Diagnosis, CNS| Multiple sclerosis| Multiple sclerosis (MS) unspecified| Neurodegenerative disease| Other neurological indications| Parkinson's disease| Parkinsons disease",Immune| Neurology/Psychiatric,Immune checkpoint agonist,,US,EVALUATE| CORTELLIS| PHARMAPROJECTS,2026-05-08T16:03:08.716Z,2026-05-08T16:03:08.716Z
7b685e71-e88c-412e-9605-f384be64f63c,AD2,e1d82164-2045-4ca4-8644-ba8e1ccc1b6d,,Preclinical,,,Viron Inc,Protein & peptide therapeutics| Synthetic small molecule,Preclinical,Alzheimers disease,Neurology/Psychiatric,ATAD3A inhibitor| Unclassified,,Canada,EVALUATE| PHARMAPROJECTS,2026-05-08T16:03:09.635Z,2026-05-08T16:03:09.635Z
c7075e85-06c1-4ffe-b2f3-24cca75ed7db,FB-1010,a8b5882b-a9e7-483f-a58a-4bfc161c3c71,,Suspended,,,4B Ventures LLC,Small molecule| Synthetic small molecule,Preclinical| Suspended,Alzheimers disease| Neurological disease| Other neurological indications| Peripheral neuropathy,Neurology/Psychiatric,Unidentified pharmacological activity| Unknown,,China,EVALUATE| PHARMAPROJECTS,2026-05-08T16:03:11.556Z,2026-05-08T16:03:11.556Z
72961329-d947-455b-a377-136fa6dff5d1,KP-2011,5ee01c60-29e5-4115-be95-8c8cdf958013,KP2011,Phase 2 Clinical,,,Alfresa Group| GSK plc| K Pharma| K Pharma Inc| Keio University,Small molecule| Systemic formulation unspecified,Phase 2 Clinical,Amyotrophic lateral sclerosis,Neurology/Psychiatric,Dopamine D3 receptor agonist| Dopamine receptor agonist,Dopamine D2 receptor| Dopamine D3 receptor,Japan| UK,EVALUATE| CORTELLIS,2026-05-08T16:03:08.377Z,2026-05-08T16:03:08.377Z
4b5021de-d8ce-4b8f-8492-334558ec185b,PIPE-791,246f8384-4078-427d-bfae-ecb949903a61,,Suspended,,,Pipeline Biomedical| Undisclosed Partner Sales,Oral formulation| Small molecule| Tablet formulation,Phase 1 Clinical| Phase 2 Clinical| Preclinical| Suspended,"Idiopathic pulmonary fibrosis| Lower back pain| Multiple sclerosis| Multiple sclerosis (MS) unspecified| Musculoskeletal disease| Neuritis| Osteoarthritis pain| Other musculoskeletal disorders| Other neurological indications| Pain, musculoskeletal, arthritis| Primary-Progressive MS (PPMS)",Immune| Musculoskeletal| Neurology/Psychiatric| Rare Diseases| Respiratory,Lysophosphatidate-1 receptor antagonist| Lysophosphatidic acid (LPA) 1 receptor antagonist| Lysophosphatidic acid receptor 1 antagonist,Lysophosphatidate-1 receptor,US,EVALUATE| CORTELLIS| PHARMAPROJECTS,2026-05-08T16:03:08.596Z,2026-05-08T16:03:08.596Z
b04661aa-c244-4710-a30a-39b912b031d3,pridopidine,e58e6809-4f70-47dd-a30a-e5c4103667e5,Huntexil| pridopidine hydrochloride,Suspended,,,A Carlsson Research AB| Grupo Ferrer| NeuroSearch A/S| Prilenia Therapeutics BV,Capsule formulation| Oral formulation| Small molecule,Launched| Phase 1 Clinical| Phase 2 Clinical| Phase 3 Clinical| Preclinical| Suspended,"Alzheimers disease| Amyotrophic lateral sclerosis| Attention deficit hyperactivity disorder| Dyskinesia, levodopa-induced| Fragile X syndrome| General eye disorders| Huntington's disease| Huntingtons chorea| Leukoencephalopathy| Non-insulin dependent diabetes| Ocular disorder, unspecified| Parkinson's disease| Parkinsons disease| Progressive multifocal leukoencephalopathy| Psychosis, unspecified| Rett syndrome| Schizophrenia| Sex-chromosome abnormality, fragile X syndrome| Wolfram syndrome",Alimentary/Metabolic| Neurology/Psychiatric| Rare Diseases| Sensory Organs,Dopamine receptor agonist| Opioid receptor sigma agonist 1| Sigma receptor agonist,Dopamine D2 receptor| Opioid receptor sigma 1,Denmark| Israel| Spain,EVALUATE| CORTELLIS| PHARMAPROJECTS,2026-05-08T16:03:08.655Z,2026-05-08T16:03:08.655Z
c64e737b-5e6b-49a4-a252-3aa3f1daa07c,"levodopa (POD technology, Parkinsons disease), Impel NeuroPharma",89541fa5-06f4-4678-b0e6-e40f54408d00,"INP107| levodopa + carbidopa (POD technology, Parkinsons disease), Impel NeuroPharma",Suspended,,,IPI Legacy Liquidation Co,CNS formulation| Drug combination| Formulation aerosol| Nasal formulation| Small molecule,Phase 1 Clinical| Phase 2 Clinical| Suspended,Parkinson's disease| Parkinsons disease,Neurology/Psychiatric,Dopa decarboxylase modulator| Dopamine receptor agonist,Dopa decarboxylase| Dopamine receptor,US,EVALUATE| CORTELLIS,2026-05-08T16:03:08.656Z,2026-05-08T16:03:08.656Z
ec95bc87-2c02-4df1-9ce0-14bd3b4d4aa7,SPG-302,07b6b611-c455-4308-8336-4dc66eb290df,Tazbentetol| tazbentetol,Phase 2 Clinical,,,Spinogenix Inc,Once daily formulation| Small molecule| Synthetic method| Tablet formulation,Phase 2 Clinical| Preclinical,Alzheimers disease| Amyotrophic lateral sclerosis| Glaucoma| Neurodegenerative disease| Schizophrenia| Spinal cord injury,Neurology/Psychiatric| Ocular| Rare Diseases| Sensory Organs,Unidentified pharmacological activity| Unknown,,US,EVALUATE| CORTELLIS| PHARMAPROJECTS,2026-05-08T16:03:09.534Z,2026-05-08T16:03:09.534Z
f228ace1-cb03-4d0c-80c5-0221f6da9b53,XT-0528,a7dab4bd-034f-4b6e-ba21-44901ece5ca2,,Suspended,,,Arrien Pharmaceuticals LLC,Capsule formulation| Microcapsule formulation| Oral formulation| Small molecule| Synthetic small molecule| Tablet formulation,Preclinical| Suspended,"Cancer, solid, unspecified| Multiple sclerosis| Neuromyelitis optica| Psoriasis",Cancer| Dermatologic| Immune| Inflammatory| Neurology/Psychiatric| Rare Diseases| Sensory Organs,Retinoid Z receptor gamma inverse agonist,Retinoid Z receptor gamma,US,CORTELLIS| PHARMAPROJECTS,2026-05-08T16:03:09.695Z,2026-05-08T16:03:09.695Z
7b2b29bf-4814-41f5-81b9-4ce4383f3d49,Neurodegenerative therapy,138c30f1-b022-40f7-bf9c-cd388a007962,"neurodegenerative therapy, Evotec-1",Preclinical,,,Bristol-Myers Squibb AB| Evotec (UK) Ltd| Roche Ltd,Small molecule| Synthetic small molecule,Discovery| Preclinical,Alzheimers disease| Neurological disease| Other neurological indications,Neurology/Psychiatric,Nuclear factor erythroid 2-related factor (Nrf2) stimulant| Protein degrader| Tau aggregation inhibitor| Transcription factor Nrf2 inhibitor,,Germany| Switzerland| US,EVALUATE| PHARMAPROJECTS,2026-05-08T16:03:11.674Z,2026-05-08T16:03:11.674Z
a51ed169-f5af-4b85-8c31-4162caaa3e6b,"carbidopa + levodopa (oral sustained-release tablet, Parkinsons disease), Hong Kong WD Pharmaceutical",4de47775-d1d8-4267-a120-ab341cf820ff,,Suspended,,,Hong Kong WD Pharmaceutical Co Limited,Drug combination| Fixed-dose combination| Modified-release| Oral sustained release formulation| Small molecule| Synthetic small molecule| Tablet formulation,Launched| Phase 2 Clinical| Suspended,Parkinson's disease| Parkinsons disease,Neurology/Psychiatric,Dopa decarboxylase modulator| Dopamine receptor agonist,Dopa decarboxylase| Dopamine receptor,Hong Kong,EVALUATE| CORTELLIS| PHARMAPROJECTS,2026-05-08T16:03:11.835Z,2026-05-08T16:03:11.835Z
938f3504-2cd3-45aa-bd91-9a120e58f36e,kinisoquin,b65e7528-95cb-4393-8ed3-23453136ebba,,Phase 3 Clinical,,,Quercis Pharma AG,Capsule formulation| Natural product| Plant extract| Small molecule,Phase 3 Clinical,"Amyotrophic lateral sclerosis| Blood clotting disorder| COVID-19 complications| COVID-19 treatment| Cancer| Coronavirus disease 19 infection| Ebola virus disease (EVD) prophylaxis| Ebola virus infection| Ovary tumor| Phlebothrombosis| Sickle cell anemia| Thromboembolism| Thrombosis, deep vein (DVT)",Cancer| Hematologic| Infection| Neurology/Psychiatric| Other/Miscellaneous,CD62P inhibitor| PY2 purinoceptor 12 antagonist| Platelet-activating factor (PAF) antagonist| Programmed cell death ligand 1| STAT transcription factor 3 inhibitor| Transmembrane protein 176B inhibitor,CD62P| Programmed cell death ligand 1| Transmembrane protein 176B| VEGF gene,Switzerland,EVALUATE| CORTELLIS| PHARMAPROJECTS,2026-05-08T16:03:11.894Z,2026-05-08T16:03:11.894Z
1adcea8c-f695-48bb-8f59-2089cb849fc2,Pterosin D,35c48642-a9cd-4449-a7e4-2e74fbfd5768,pterosin C,Preclinical,,,Ghpharm Co Ltd,Once daily formulation| Oral formulation| Small molecule| Systemic formulation unspecified,Preclinical,Alzheimers disease| Anxiety disorders| Attention deficit hyperactivity disorder| Autism| Dementia| Depression| Frontotemporal dementia| Lewy body dementia| Parkinsons disease| Vascular dementia,Neurology/Psychiatric,Protein kinase A stimulator| Protein kinase G stimulator,Protein kinase A| Protein kinase G,South Korea,CORTELLIS,2026-05-08T16:03:11.896Z,2026-05-08T16:03:11.896Z
ae2d7912-bf09-4a22-99e0-c37bfd2331f1,JAL-001,33088a9e-aefb-4aa4-89e1-86db75359cd7,,Preclinical,,,JAL Therapeutics LLC,Small molecule| Systemic formulation unspecified,Preclinical,Alzheimers disease,Neurology/Psychiatric,Cholinesterase modulator,Cholinesterase,US,CORTELLIS,2026-05-08T16:03:12.315Z,2026-05-08T16:03:12.315Z
3218b793-cd40-4bcf-8655-81389133bbf0,NS-12877,d04352b6-1419-4a6c-8c5e-65c9bd1fe3ab,NS12877,Suspended,,,DanPET AB,Oral formulation| Small molecule| Synthetic small molecule,Preclinical| Suspended,Alzheimers disease,Neurology/Psychiatric,Alpha-4 nicotinic receptor agonist| Muscarinic receptor agonist| Nicotinic ACh receptor alpha 7 subunit stimulator| Nicotinic acetylcholine receptor (nAChR) alpha-6 agonist| Nicotinic acetylcholine receptor (nAChR) alpha-7 agonist,Nicotinic ACh receptor alpha 7 subunit,Sweden,EVALUATE| CORTELLIS| PHARMAPROJECTS,2026-05-08T16:03:08.875Z,2026-05-08T16:03:08.875Z
bbd95d20-b8c8-4be7-b5df-fa71d27a681b,"S1P1 agonist (topical, atopic dermatitis, psoriasis), Akaal/ Boston",8d1e0bfe-d53b-41af-8194-4bba3767971f,AKP-119 Oral,Suspended,,,Akaal Pharma LLP| Boston Pharmaceuticals,Dermatological formulation| Emulsion dermatological| Small molecule| Synthetic small molecule,Phase 1 Clinical| Phase 2 Clinical| Preclinical| Suspended,"Acne| Actinic keratosis| Alopecia areata| Alopecia/Male pattern baldness| Arthritis, gouty| Atopic dermatitis| Diabetic retinopathy| Eczema/Dermatitis| Multiple sclerosis (MS) unspecified| Multiple sclerosis, relapsing-remitting| Neuropathic pain| Osteoarthritis| Other immune indications| Pain, musculoskeletal, arthritis| Plaque psoriasis| Pruritus| Psoriasis| Ulcerative colitis",Dermatologic| Immune| Musculoskeletal| Neurology/Psychiatric,Sphingosine 1-phosphate (S1P) receptor 1 agonist| Sphingosine 1-phosphate 1 receptor agonist| Sphingosine-1-phosphate receptor-1 agonist,Sphingosine-1-phosphate receptor-1,Australia| US,EVALUATE| CORTELLIS| PHARMAPROJECTS,2026-05-08T16:03:08.876Z,2026-05-08T16:03:08.876Z
5865019f-70c6-464e-9aa5-d836c89ebabe,eltoprazine,1e4c936c-0980-4708-97a0-32d2dd0b95cb,DU28853,Suspended,,,Abbott AG| PsychoGenics Inc| ReqMed Co Ltd| Solvay SA,Capsule formulation| Oral formulation| Small molecule| Synthetic small molecule,Phase 2 Clinical| Suspended,"Aggression| Agitation, Alzheimer's disease| Alzheimers disease| Attention deficit disorder/hyperactivity (ADD/ADHD)| Attention deficit hyperactivity disorder| Dyskinesia, levodopa-induced| Movement disorder| Parkinson's disease| Psychosis, unspecified| Schizophrenia| Unidentified indication",Neurology/Psychiatric,5 Hydroxytryptamine 1A receptor agonist| 5 Hydroxytryptamine 1B receptor agonist| 5 Hydroxytryptamine 2C receptor antagonist| 5-HT 1a receptor agonist| 5-HT 1b receptor agonist| 5-HT 2c receptor antagonist| 5-HT1A (serotonin) receptor agonist| 5-HT1A (serotonin) receptor partial agonist| 5-HT1B (serotonin) receptor agonist| 5-HT1B (serotonin) receptor partial agonist| 5-HT2C (serotonin) receptor agonist,5-HT 1a receptor| 5-HT 1b receptor| 5-HT 2c receptor,France| Japan| US,EVALUATE| CORTELLIS| PHARMAPROJECTS,2026-05-08T16:03:09.155Z,2026-05-08T16:03:09.155Z
fc469715-50b4-45b6-90f7-ca6b8f73ddaa,canverixin,cba42ed8-588b-4414-9af6-5f5844e8d2f5,ACT-1004-1239,Suspended,,,Vaxxilon AG,Capsule formulation| Immuno-oncology| Small molecule| Synthetic small molecule,Phase 1 Clinical| Phase 2 Clinical| Suspended,"Cancer| Demyelinating disease| General cancer indications| Immunological disease, unspecified| Multiple sclerosis| Multiple sclerosis (MS) unspecified| Multiple sclerosis, progressive, unspecified| Other immune indications",Cancer| Immune| Neurology/Psychiatric,C-X-C chemokine receptor type 7 (CXCR7) antagonist| CXC chemokine receptor 4 antagonist| CXCR7 chemokine antagonist| Immuno-oncology therapy,CXCR7 chemokine,Switzerland,EVALUATE| CORTELLIS| PHARMAPROJECTS,2026-05-08T16:03:09.695Z,2026-05-08T16:03:09.695Z
a6196381-369e-429d-9425-141f2e5e9eba,MW-073,d4b63091-2a35-4bd4-b0c4-02d491cafc78,,Preclinical,,,Columbia University,Small molecule| Systemic formulation unspecified,Preclinical,Alzheimers disease| Neurological disease| Psychiatric disorder,Neurology/Psychiatric,5-HT 2b receptor antagonist,5-HT 2b receptor,US,CORTELLIS,2026-05-08T16:03:11.996Z,2026-05-08T16:03:11.996Z
4d414208-5195-4f24-b3b8-f20d72c1083a,ECP-L42,174c9ea2-12bb-4cb6-b374-e02b5f174602,,Preclinical,,,ECP,Small molecule,Discovery| Preclinical,Essential tremor| Multiple sclerosis| Multiple sclerosis (MS) unspecified| Muscle spasticity,Immune| Neurology/Psychiatric,Unclassified,,US,EVALUATE| CORTELLIS,2026-05-08T16:03:11.896Z,2026-05-08T16:03:11.896Z
2d4890df-f785-401f-898f-54eb1200b763,LTX-003,514f01d5-b113-4c8a-a983-4ffc7860063f,,Preclinical,,,Leal Health Inc,DNA & RNA therapeutics| Oligonucleotide antisense| Small molecule| Systemic formulation unspecified,Preclinical,"Age-related macular degeneration (AMD), unspecified| Alzheimers disease| Frontotemporal dementia| Macular degeneration",Neurology/Psychiatric| Ocular,Complement Factor inhibitor,,US,EVALUATE| CORTELLIS,2026-05-08T16:03:12.316Z,2026-05-08T16:03:12.316Z
1a3f7ee6-21aa-472e-9bbc-4f18a9c9063a,M102,0928474a-2cf5-4876-bf91-7b4ecba7797c,"M-102, Aclipse Therapeutics",Preclinical,,,Aclipse Two Inc,Small molecule| Synthetic small molecule,Discovery| Preclinical,Amyotrophic lateral sclerosis| Friedreich ataxia| Huntington's disease| Parkinson's disease,Neurology/Psychiatric| Rare Diseases,Heat shock protein 1 (HSP 1) regulator| Nuclear factor erythroid 2-related factor (Nrf2) stimulant| Nuclear factor kappaB (NF-kB) inhibitor| Transcription factor NF-kappaB inhibitor| Transcription factor Nrf2 inhibitor,,US,EVALUATE| PHARMAPROJECTS,2026-05-08T16:03:08.259Z,2026-05-08T16:03:08.259Z
e43eabb1-1bdd-48b4-8377-ed981f95de09,OP-2024,b454ca0b-6eb5-41f8-aa42-03b1dcd1daf9,,Phase 3 Clinical,,,Ohara Inc,Capsule formulation| Fixed-dose combination| Oral formulation| Small molecule| Synthetic small molecule,Phase 1 Clinical| Phase 3 Clinical,Parkinson's disease| Parkinsons disease,Neurology/Psychiatric,Dopamine receptor agonist| Dopamine receptor potentiator,,Japan,EVALUATE| CORTELLIS| PHARMAPROJECTS,2026-05-08T16:03:08.474Z,2026-05-08T16:03:08.474Z
45eaf8c3-ad91-4e86-8d3d-7166b4d6b66b,AEX-635,1baeb8f2-6e66-46d1-b853-4b59841fa732,,Preclinical,,,Aexon Labs Inc| NewcelX Ltd,Small molecule| Systemic formulation unspecified,Preclinical,Neurodegenerative disease| Parkinson's disease| Parkinsons disease,Neurology/Psychiatric,Cathepsin H inhibitor| MDR associated protein 1 modulator| Orexin 1 receptor agonist| Orexin 2 receptor agonist| Orexin A ligand| P-Glycoprotein 1 modulator,Cathepsin H| MDR associated protein 1| Orexin 1 receptor| Orexin 2 receptor| P-Glycoprotein 1,Switzerland| US,EVALUATE| CORTELLIS| PHARMAPROJECTS,2026-05-08T16:03:08.834Z,2026-05-08T16:03:08.834Z
fef3ed53-2165-454c-b8c2-d8c40f080192,Alpha-602,6710db11-7bda-4b27-87a6-a95267543b0c,ALPHA-0602,Suspended,,,Alpha Cognition Inc,Biological| Gene therapy| Peptide| Small molecule| Systemic formulation unspecified| Virus recombinant,Preclinical| Suspended,Alzheimers disease| Amyotrophic lateral sclerosis| Parkinson's disease| Spinal muscular atrophy,Neurology/Psychiatric| Rare Diseases,Granulin ligand| Granulin precursor (GRN) gene transference| Neutral endopeptidase stimulator| Unidentified pharmacological activity,Granulin ligand| Neutral endopeptidase,Canada,EVALUATE| CORTELLIS| PHARMAPROJECTS,2026-05-08T16:03:09.315Z,2026-05-08T16:03:09.315Z
b9b101eb-8841-48b3-bdd9-c4a50514166b,"AD-04, ADvantage Therapeutics Inc",7c851bd1-24a8-429e-af0e-93d018157222,"AD-04, ADvantage Therapeutics",Phase 2 Clinical,,,Care Advantage,Miscellaneous| Small molecule| Subcutaneous formulation| Synthetic small molecule,Phase 2 Clinical,Alzheimers disease,Neurology/Psychiatric,Unidentified pharmacological activity| Unknown,,US,EVALUATE| CORTELLIS| PHARMAPROJECTS,2026-05-08T16:03:11.674Z,2026-05-08T16:03:11.674Z
92913346-f659-4e9f-9ddf-0613b9b39eb0,CXS-003,22bfe874-afd0-4685-82bd-22ac9f9860af,,Preclinical,,,Cxs Corp,Drug combination| Small molecule| Systemic formulation unspecified,Preclinical,Parkinsons disease,Neurology/Psychiatric,AMP activated protein kinase modulator,AMP activated protein kinase,France,CORTELLIS,2026-05-08T16:03:11.896Z,2026-05-08T16:03:11.896Z
b05031a8-5f13-4ab8-aa5f-0bb3c182eb61,Tregitope,3e244cbc-f3b8-408b-893f-1e974ab0fb42,,Preclinical,,,EpiVax Inc| Maruho Co Ltd,Small molecule,Preclinical,Chronic inflammatory demyelinating polyneuropathy| General allergy indications| Guillain Barre syndrome| Hemophilia| Insulin dependent diabetes| Multiple sclerosis (MS) unspecified| Organ rejection| Other immune indications| Pompes disease| Rheumatoid arthritis| Systemic lupus erythematosus| Uveitis,Immune,T-Cell stimulant,,Japan| US,EVALUATE,2026-05-08T16:03:09.537Z,2026-05-08T16:03:09.537Z
b1d80131-0c1a-495c-8d4d-cc5ae18ee62e,TPC-074,37c1cdad-a1f7-4519-923f-1ebd33a58968,,Preclinical,,,Tetra GmbH,Small molecule| Systemic formulation unspecified,Preclinical,Frontotemporal dementia,Neurology/Psychiatric| Rare Diseases,Unidentified pharmacological activity| Unknown,,Denmark,EVALUATE| CORTELLIS| PHARMAPROJECTS,2026-05-08T16:03:11.614Z,2026-05-08T16:03:11.614Z
9efb2cf3-b0ad-42cc-b187-ed5fd19a3b91,PRX-P4-003,a1bfed79-432f-4f2a-9aae-7614914ada81,,Suspended,,,Praxis Bioresearch LLC,Modified-release| Oral formulation| Prodrug| Reformulation| Small molecule| Synthetic small molecule,Phase 1 Clinical| Preclinical| Suspended,Alzheimers disease| Attention deficit disorder/hyperactivity (ADD/ADHD)| Attention deficit hyperactivity disorder| Binge eating disorder| Other neurological indications| Traumatic brain injury,Neurology/Psychiatric,5 Hydroxytryptamine 1A receptor agonist| 5-HT1A (serotonin) receptor agonist| Dopamine receptor agonist| Dopamine receptor potentiator| Norepinephrine/dopamine dual reuptake inhibitor,,US,EVALUATE| CORTELLIS| PHARMAPROJECTS,2026-05-08T16:03:11.675Z,2026-05-08T16:03:11.675Z
9593b283-7e26-4a4d-93b6-c0ce56c14264,VM-NEU-001,2c74c2b7-a58e-4333-8be5-32e475a60904,,Preclinical,,,Vivamed GmbH,Small molecule| Steroid| Systemic formulation unspecified,Preclinical,Alzheimers disease| Parkinsons disease,Neurology/Psychiatric,,,US,CORTELLIS,2026-05-08T16:03:11.896Z,2026-05-08T16:03:11.896Z
caf9ef36-74da-47f1-951e-65026061bee1,"DYRK1A inhibitors (Alzheimers), Translational Genomics Research Institute/ University of Arizona",d9d54acd-a96f-42df-b75a-38859404f058,,Preclinical,,,Health Translation SA,Natural product| Oral formulation| Small molecule,Preclinical,Alzheimers disease| Down syndrome| Frontotemporal dementia,Neurology/Psychiatric,DYRK-1 alpha protein kinase inhibitor| Tau kinase inhibitor,DYRK-1 alpha protein kinase| Tau protein,US,CORTELLIS,2026-05-08T16:03:12.154Z,2026-05-08T16:03:12.154Z
210d2035-a5d0-4266-ac7e-845938602d93,Multiple Sclerosis Research Project (UTCLGRY),c46fe24c-dc81-4c64-8e3b-1d54e5c262c0,,Preclinical,,,Calgary Health Region,Small molecule,Preclinical,Multiple sclerosis (MS) unspecified,Neurology/Psychiatric,Unclassified,,Canada,EVALUATE,2026-05-08T16:03:09.376Z,2026-05-08T16:03:09.376Z
d79e3857-91a5-416a-9b49-0b19aa292153,NEU-001,8f90b105-6530-48e5-a373-48296769a463,"Neu-001, NeuDirection",Phase 1 Clinical,,,NeuDirection,Synthetic small molecule,Phase 1 Clinical| Preclinical,Alzheimers disease| Amblyopia,Neurology/Psychiatric| Sensory Organs,CCK receptor agonist,,Hong Kong,EVALUATE| PHARMAPROJECTS,2026-05-08T16:03:09.636Z,2026-05-08T16:03:09.636Z
ef6b5c8b-375f-46cc-8883-98980079dc92,fasudil,3bdc531a-6dad-402a-b1d2-5ee80cff88f1,"fasudil (oral, neurodegenerative disease/amyotrophic lateral sclerosis), Woolsey Pharmaceuticals| fasudil, Woolsey Pharmaceuticals",Suspended,,,Asahi Kasei Corp| Woolsey Pharmaceuticals,Oral formulation| Small molecule| Synthetic small molecule| Tablet formulation,Phase 2 Clinical| Suspended,16p11.2 deletion syndrome| Amyotrophic lateral sclerosis| Chromosome disorder| Corticobasal degeneration| Dementia| Frontotemporal dementia| Huntington's disease| Huntingtons chorea| Neurodegenerative disease| Progressive supranuclear palsy,Neurology/Psychiatric| Other/Miscellaneous| Rare Diseases,Protein kinase inhibitor| Rho associated protein kinase inhibitor| Rho-associated kinase inhibitor,Rho associated protein kinase,Japan| US,EVALUATE| CORTELLIS| PHARMAPROJECTS,2026-05-08T16:03:09.793Z,2026-05-08T16:03:09.793Z
687d33ab-df9e-4d34-bff6-caf58882fa5c,AY-1001,c1a45975-9cd4-4147-a425-6c307a3cf002,,Phase 1 Clinical,,,Anyu Rongzhi (Hangzhou) Biotechnology Co Ltd,Small molecule| Tablet formulation,Phase 1 Clinical,Alzheimers disease| Bipolar disorder,Neurology/Psychiatric,,,China,CORTELLIS,2026-05-08T16:03:12.215Z,2026-05-08T16:03:12.215Z
80372ff4-26f1-4028-852d-bb38d7fbedb2,NNI-362,4bf1a311-45a3-4b01-9794-1e30e40a03cf,,Phase 1 Clinical,,,NeuroNascent Inc,Liquid formulation| Oral formulation| Small molecule| Synthetic small molecule,Phase 1 Clinical| Preclinical,Alzheimers disease| Huntingtons chorea| Parkinson's disease| Parkinsons disease| Undisclosed,Neurology/Psychiatric,Glycogen synthase kinase-3 beta inhibitor| Ribosomal protein S6 kinase inhibitor| Tau kinase inhibitor| Unclassified| Unidentified pharmacological activity,Glycogen synthase kinase-3 beta| Ribosomal protein S6 kinase| Tau protein,US,EVALUATE| CORTELLIS| PHARMAPROJECTS,2026-05-08T16:03:08.716Z,2026-05-08T16:03:08.716Z
58759526-ef5b-40b5-bc93-1f04af25247a,ABX-003,cebc9668-0a87-40d5-99f9-a3b930b53e87,,Suspended,,,AUTOBAHN Inc.,Oral formulation| Small molecule| Synthetic small molecule,Phase 1 Clinical| Preclinical| Suspended,Central nervous system disease| Multiple sclerosis| Neurological disease| Other neurological indications| Undisclosed,Neurology/Psychiatric,Fatty acid amide hydrolase inhibitor| Thyroid hormone receptor agonist,Fatty acid amide hydrolase| Thyroid hormone,US,EVALUATE| CORTELLIS| PHARMAPROJECTS,2026-05-08T16:03:09.595Z,2026-05-08T16:03:09.595Z
41be4e3b-c974-497e-a54d-097b1d780492,NRP-2945,a24f8062-8724-42e9-86fa-b68a386eca82,,Suspended,,,CuroNZ Ltd| Neuren Pharmaceuticals Ltd,Peptide| Small molecule| Subcutaneous formulation,Phase 1 Clinical| Suspended,"Amyotrophic lateral sclerosis| Angelman syndrome| Central nervous system disease| Epilepsy| Epilepsy, generalized, absence| Epilepsy, partial (focal, local)| Multiple sclerosis| Neuropathy| Peripheral neuropathy| Retinal venous occlusion| Rett syndrome",Immune| Neurology/Psychiatric| Ocular| Rare Diseases,CXC chemokine receptor agonist| CXCR4 chemokine modulator| GABA receptor agonist,CXCR4 chemokine,Australia| New Zealand,CORTELLIS| PHARMAPROJECTS,2026-05-08T16:03:12.215Z,2026-05-08T16:03:12.215Z
76887bf0-0c85-4003-bd46-8e0d072d6118,Sporadic Alzheimer’s Disease Research Program (TIME),4c02df44-74a6-4347-a64a-be8a4bf76f7c,,Preclinical,,,On Time,Small molecule,Preclinical,Alzheimers disease,Neurology/Psychiatric,Unclassified,,Japan,EVALUATE,2026-05-08T16:03:08.315Z,2026-05-08T16:03:08.315Z
1d7c0055-ee95-4220-abf0-7cd71487f476,BioE-589,3a753086-d2cf-497c-8805-4aa0de23b012,EPI-589,Suspended,,,BioElectron Technology Corp| PTC Inc,Film coating| Oral formulation| Oral quick release formulation| Small molecule| Synthetic small molecule| Tablet formulation,Phase 2 Clinical| Suspended,"Amyotrophic lateral sclerosis| Mitochondrial disease| Other neurological indications| Parkinson's disease| Psychosis, unspecified",Alimentary/Metabolic| Endocrine/Metabolic| Neurology/Psychiatric| Rare Diseases,5-Lipoxygenase inhibitor| Cyclooxygenase 2 modulator| Unidentified pharmacological activity| Unknown,5-Lipoxygenase| Cyclooxygenase 2,US,EVALUATE| CORTELLIS| PHARMAPROJECTS,2026-05-08T16:03:08.554Z,2026-05-08T16:03:08.554Z
9cf26cc3-1c81-4bdf-a0d2-df5afecd30d7,KM-819,30b9cb2f-62d2-4a82-96fb-1af3e91d6ebc,,Phase 2 Clinical,,,FAScinate Therapeutics Inc| Kainos Tech Inc| Korea Research Institute of Chemical Technology,Oral formulation| Small molecule| Synthetic small molecule,Phase 2 Clinical,Multiple system atrophy| Other neurological indications| Parkinson's disease| Parkinsons disease,Neurology/Psychiatric| Rare Diseases,FAF1 antagonist| FAS associated factor 1 (FAF1) inhibitor| FAS associated factor 1 inhibitor,FAS associated factor 1,South Korea| US,EVALUATE| CORTELLIS| PHARMAPROJECTS,2026-05-08T16:03:08.555Z,2026-05-08T16:03:08.555Z
40e08cec-5e7b-480c-af60-60f498c22ddf,SND-51,b2f3c029-c071-466a-bcb6-f1b006cf429f,"sodium benzoate, SyneuRx",Suspended,,,Los Angeles Cancer Network| SyneuRx International Corp,Natural product| Oral formulation| Small molecule| Synthetic small molecule| Systemic formulation unspecified| Tablet formulation,Phase 2 Clinical| Phase 3 Clinical| Suspended,"Alzheimers disease| Dementia| Dementia related psychosis| Psychosis, acute| Psychosis, unspecified| Schizophrenia| Senile dementia",Neurology/Psychiatric,D-amino acid oxidase (DAAO) inhibitor| D-amino acid oxidase inhibitor| Unclassified,D-amino acid oxidase,Taiwan,EVALUATE| CORTELLIS| PHARMAPROJECTS,2026-05-08T16:03:11.616Z,2026-05-08T16:03:11.616Z
6b394a0c-0767-4ae9-9a30-537218d6e9c5,"cladribine (oral, myasthenia gravis/neuromyelitis optica), Merck KGaA",58228d8b-226d-47ea-a530-0b0f66d2ce56,"cladribine, Teva",Launched,,,Chord Health Inc| Merck KGaA| Teva BV,Capsule formulation| Formulation other| Oral formulation| Small molecule| Synthetic small molecule,Launched| Phase 3 Clinical,"General blood malignancies| Multiple sclerosis, progressive, secondary| Multiple sclerosis, relapsing-remitting| Myasthenia gravis| Neuromyelitis optica| Other neurological indications| Relapsing-Remitting MS (RRMS)| Secondary-Progressive MS (SPMS)",Immune| Musculoskeletal| Neurology/Psychiatric| Rare Diseases| Sensory Organs,Adenosine deaminase inhibitor| DNA synthesis inhibitor| Hypoxanthine-guanine phosphoribosyltransferase regulator| Immunosuppressant| deoxyguanosine triphosphate inhibitor,,Germany| Israel| Switzerland,EVALUATE| CORTELLIS| PHARMAPROJECTS,2026-05-08T16:03:11.774Z,2026-05-08T16:03:11.774Z
54244ade-e1be-433a-9248-24c33dbd4ac3,"c-mods targeting TDP-43 (amyotrophic lateral sclerosis), Dewpoint Therapeutics",c3fedf5f-eec4-4e2e-9a60-215b0651393f,,Preclinical,,,Dewpoint Therapeutics Inc,Small molecule| Systemic formulation unspecified,Preclinical,Amyotrophic lateral sclerosis,Neurology/Psychiatric,TAR DNA binding protein 43 modulator,TAR DNA binding protein 43,US,CORTELLIS,2026-05-08T16:03:11.994Z,2026-05-08T16:03:11.994Z
ac79c221-3e5b-4d92-a5af-9cb13cc643e1,MLR-1019,aefe16a1-8347-4876-a4ee-4173e9dd29f1,,Suspended,,,Melior Discovery Inc,Small molecule| Synthetic small molecule| Systemic formulation unspecified,Clinical| Phase 2 Clinical| Suspended,"Dyskinesia, levodopa-induced| Movement disorder| Other sleep disorders| Parkinson's disease| Parkinsons disease| Sleep disorder",Neurology/Psychiatric,Dopamine receptor agonist| Dopamine reuptake inhibitor| Dopamine transporter modulator| Unidentified pharmacological activity,Dopamine receptor| Dopamine transporter,US,EVALUATE| CORTELLIS| PHARMAPROJECTS,2026-05-08T16:03:12.275Z,2026-05-08T16:03:12.275Z
c2047ba8-5a00-41c8-83dc-2dc32ad33b4c,INS-GSH,92394860-db6c-41ea-a7bc-79a4e319d49f,,Phase 2 Clinical,,,Gateway Inc,Small molecule,Phase 2 Clinical,Parkinson's disease,Neurology/Psychiatric,Unclassified,,US,EVALUATE,2026-05-08T16:03:08.777Z,2026-05-08T16:03:08.777Z
203009b2-be35-46cc-9bbb-cd41273d4565,VQ-101,61a31561-b061-4d78-99e9-bfa39f734747,,Suspended,,,Vanqua Bio Inc,Once daily formulation| Oral formulation| Small molecule| Synthetic small molecule,Phase 1 Clinical| Preclinical| Suspended,Gaucher disease| Lewy body dementia| Parkinson's disease| Parkinsons disease,Alimentary/Metabolic| Endocrine/Metabolic| Neurology/Psychiatric| Rare Diseases,Glucocerebrosidase (GCase) regulator| Glucocerebrosidase (GCase) stimulant| Glucosylceramidase beta (GBA) stimulant| Glucosylceramidase modulator| Lysosome regulator,Glucosylceramidase,US,EVALUATE| CORTELLIS| PHARMAPROJECTS,2026-05-08T16:03:08.473Z,2026-05-08T16:03:08.473Z
ddc3a6e7-1eb4-44e3-9ec7-6d3ae00a7985,DPX-101,d0402581-ca9c-4316-9696-75fbfb447eee,,Preclinical,,,COG Analytics| University of Belgrade,Oral formulation| Small molecule,Preclinical,"Aging| Alzheimers disease| Cognitive disorder| Depression| Depression, major depressive disorder| Major depressive disorder| Other neurological indications| Schizophrenia",Neurology/Psychiatric| Other/Miscellaneous,GABA A receptor alpha-5 subunit modulator| GABA receptor agonist| Gamma-aminobutyric acid (GABA) receptor agonist,GABA A receptor alpha-5 subunit,Canada| Serbia,EVALUATE| CORTELLIS| PHARMAPROJECTS,2026-05-08T16:03:08.934Z,2026-05-08T16:03:08.934Z
a4f17456-8f73-42db-ad6c-16d4c830ab3e,EG-302,23d0c2c9-817e-4586-9e1a-b616c8bf25e8,,Suspended,,,Evergreen Co Ltd,Small molecule,Preclinical| Suspended,Parkinson's disease,Neurology/Psychiatric,Neuron stimulant,,US,EVALUATE| CORTELLIS,2026-05-08T16:03:09.214Z,2026-05-08T16:03:09.214Z
81117fdc-5a40-4682-811d-35bbf8e77293,Fenebrutinib,fc42d929-990b-4abc-81f6-a9210f1e4e93,fenebrutinib,Suspended,,,Roche Ltd,Small molecule| Synthetic small molecule,Phase 3 Clinical| Suspended,"B-cell lymphoma| General blood malignancies| Multiple sclerosis, progressive, primary| Multiple sclerosis, relapsing-remitting| Non-Hodgkin lymphoma| Primary-Progressive MS (PPMS)| Relapsing-Remitting MS (RRMS)| Rheumatoid arthritis| Small lymphocytic lymphoma| Systemic lupus erythematosus| Urticaria",Cancer| Dermatologic| Immune| Musculoskeletal| Neurology/Psychiatric| Rare Diseases,Bruton tyrosine kinase inhibitor| Bruton’s tyrosine kinase (BTK) inhibitor,,Switzerland,EVALUATE| PHARMAPROJECTS,2026-05-08T16:03:09.693Z,2026-05-08T16:03:09.693Z
77b1081b-eb75-4a26-aad0-38291808bf59,obefazimod,02b79a7f-2afc-41f5-8781-bdf40950d3e4,,Phase 3 Clinical,,,Abivax SA,Capsule formulation| Small molecule| Tablet formulation,Phase 3 Clinical,"COVID-19 complications| COVID-19 treatment| Colorectal tumor| Coronavirus disease 19 infection| Crohns disease| Cytokine release syndrome| General inflammatory disorders| HIV infection| HIV treatment| Infection, HIV/AIDS| Inflammatory bowel disease| Metabolic dysfunction-associated steatohepatitis| Multiple sclerosis| Parkinsons disease| Psoriasis| Pulmonary artery hypertension| Renal failure| Respiratory distress syndrome| Rheumatoid arthritis| Ulcerative colitis",Alimentary/Metabolic| Cancer| Cardiovascular| Dermatologic| Gastrointestinal| Genitourinary/Sexual Function| Immune| Infection| Neurology/Psychiatric| Other/Miscellaneous| Rare Diseases| Respiratory,HIV rev inhibitor| REV gene modulator| RNA cap binding complex (CBC) regulator| miRNA-124 expression stimulant| microRNA modulator,,France,EVALUATE| CORTELLIS| PHARMAPROJECTS,2026-05-08T16:03:12.275Z,2026-05-08T16:03:12.275Z
e57420df-ecbf-4dba-baa5-f015202d18bc,ABXY-4,af0737a5-f94b-4aea-ae66-ebba4587bd60,,Suspended,,,Abaxys Therapeutics,Small molecule| Synthetic small molecule,Preclinical| Suspended,Neurological disease| Parkinson's disease,Neurology/Psychiatric,G protein-coupled receptor (GPCR) agonist| Unidentified pharmacological activity,,Belgium,EVALUATE| PHARMAPROJECTS,2026-05-08T16:03:08.376Z,2026-05-08T16:03:08.376Z
df2443be-5030-46be-8b1c-ad44b5c552cb,APH-0812,823568da-fd2d-40dd-b8cb-035618439763,APH-1104,Suspended,,,Amylon LLC| Aphios Corp| Emerald Biotechnology España,Drug combination| Fixed-dose combination| Intravenous formulation| Lipid nanoparticle formulation injectable| Nanoparticle formulation| Nanoparticle formulation oral| Nanoparticle optimized| Natural product| Oral formulation| Plant| Small molecule| Synthetic small molecule| Systemic formulation unspecified,Phase 1 Clinical| Phase 2 Clinical| Preclinical| Suspended,"Alzheimers disease| Central nervous system disease| Cognitive disorder| Down syndrome| Glaucoma| HIV treatment| HIV-1 infection| Hutchinson Gilford progeria syndrome| Infection, HIV/AIDS| Oesophageal cancer| Other neurological indications| Parkinson's disease",Cancer| Cardiovascular| Immune| Infection| Inflammatory| Musculoskeletal| Neurology/Psychiatric| Rare Diseases| Sensory Organs,Alpha-secretase modulator| Alpha-secretase stimulator| CD4 agonist| CXCR4 chemokine antagonist| Histone deacetylase inhibitor| Protein kinase C (PKC) epsilon stimulant| Protein kinase C stimulator| Secretase inhibitor| T cell stimulant,Alpha-secretase| CD4| CXCR4 chemokine| Histone deacetylase| Protein kinase C,Spain| US,EVALUATE| CORTELLIS| PHARMAPROJECTS,2026-05-08T16:03:08.595Z,2026-05-08T16:03:08.595Z
195e7e07-93d1-4a6c-8406-0ee96fd99d80,"ATCN-1001, Attec",cdc9be38-f766-43ea-8021-b6f527b086d6,,Preclinical,,,Attec Biotech,Synthetic small molecule,Preclinical,Parkinson's disease,Neurology/Psychiatric,Protein degrader,,China,PHARMAPROJECTS,2026-05-08T16:03:11.676Z,2026-05-08T16:03:11.676Z
de6fd7a1-9161-44ce-87cf-3db11eda5ebe,Inflammatory Disease Research Project,473d21db-5bcd-41bc-981d-819d8bbead13,,Suspended,,,Pan-Biome Pharmaceuticals Inc,Synthetic small molecule,Suspended,Inflammatory disease,Musculoskeletal,Free fatty acid receptor 1 antagonist| Interleukin 10 agonist| Interleukin 12 ligand| Interleukin 17 ligand inhibitor| Microbiome modulator,,Canada,EVALUATE| PHARMAPROJECTS,2026-05-08T16:03:12.433Z,2026-05-08T16:03:12.433Z
4bb4a114-55c6-4009-8ac3-9f323ee02287,Cogpep,9a5d4e48-95c8-4229-a923-8cd2d58dc057,Alzheimer's Disease Program 3,Preclinical,,,Artery LLC| Tel Aviv University,Biological| Peptide| Small molecule| Systemic formulation unspecified,Preclinical,Alzheimers disease| Lewy body dementia| Traumatic brain injury,Neurology/Psychiatric,ABCA1 transporter stimulant| ATP binding cassette transporter A1 stimulator| ATP-binding cassette transporter (ABC) stimulant| Apolipoprotein E4 modulator,ATP binding cassette transporter A1| Apolipoprotein E4,Israel| US,EVALUATE| CORTELLIS| PHARMAPROJECTS,2026-05-08T16:03:08.474Z,2026-05-08T16:03:08.474Z
1c36477a-0994-47af-90a0-6e0e1659b03b,LY-3954068,0263b03b-8fb9-4794-a3c7-a0e442a94749,LY3954068,Phase 1 Clinical,,,Dicerna Pharmaceuticals Inc| Eli Lilly SA,DNA & RNA therapeutics| Intrathecal formulation| Messenger RNA| Naked oligonucleotide| Nucleic acid technology| Oligonucleotide| RNA interference| Small molecule| small interfering RNA (siRNA),Phase 1 Clinical| Preclinical,Alzheimers disease| Neurodegenerative disease| Neurological disease,Neurology/Psychiatric,Cytoskeletal protein modulator| Gene expression inhibitor| MAPT gene inhibitor| Microtubule inhibitor| Tau aggregation inhibitor| Tau kinase inhibitor,MAPT gene,US,EVALUATE| CORTELLIS| PHARMAPROJECTS,2026-05-08T16:03:08.436Z,2026-05-08T16:03:08.436Z
83b5fe08-72ab-487a-a9c9-5edebf5537f3,RG-6182,8f3e288c-db15-4b8c-89e4-e5a7e77bcc45,RG6182,Phase 2 Clinical,,,Roche Ltd,Oral formulation| Small molecule,Phase 2 Clinical,Multiple sclerosis| Multiple sclerosis (MS) unspecified| Other neurological indications,Immune| Neurology/Psychiatric,Monoacylglycerol lipase (MGLL) inhibitor| Monoacylglycerol lipase inhibitor| Monoglyceride lipase inhibitor,Monoglyceride lipase,Switzerland,EVALUATE| CORTELLIS| PHARMAPROJECTS,2026-05-08T16:03:08.876Z,2026-05-08T16:03:08.876Z
eaf815c3-99e1-4baa-8f55-0f3e44fedd22,ML-004,8e778490-7c2b-42c3-bd1b-a25d3a24b5f5,,Phase 2 Clinical,,,MapLight Therapeutics Inc,Once daily formulation| Oral controlled release formulation| Small molecule| Synthetic small molecule| Tablet formulation,Phase 2 Clinical,"Agitation, Alzheimer's disease| Alzheimers disease| Autism| Autism spectrum disorders (ASD)",Neurology/Psychiatric,5 Hydroxytryptamine 1B receptor agonist| 5 Hydroxytryptamine 1D receptor agonist| 5-HT 1b receptor agonist| 5-HT 1d receptor agonist| 5-HT1B (serotonin) receptor agonist| 5-HT1D (serotonin) receptor agonist,5-HT 1b receptor| 5-HT 1d receptor,US,EVALUATE| CORTELLIS| PHARMAPROJECTS,2026-05-08T16:03:08.437Z,2026-05-08T16:03:08.437Z
3490d72b-d656-4c40-8202-1e8ac5c5ff1c,risvodetinib succinate,169d9b48-895f-4eea-836d-a326c31ef72d,Risvodetinib| risvodetinib,Phase 2 Clinical,,,ABLi Therapeutics Inc| Inhibikase Therapeutics Inc| SynuSight Biotech (Shanghai) Co Ltd,Capsule formulation| Small molecule,Phase 1 Clinical| Phase 2 Clinical| Preclinical,Dysphagia| Multiple system atrophy| Neurogenic bowel| Other gastro-intestinal disorders| Other neurological indications| Parkinson's disease| Parkinsons disease,Alimentary/Metabolic| Neurology/Psychiatric| Rare Diseases,ABL gene inhibitor| Bcr-Abl inhibitor| Bcr/Abl fusion protein inhibitor| Tyrosine kinase (TYK) inhibitor| Tyrosine protein kinase ABL1 inhibitor,Tyrosine protein kinase ABL1,China| US,EVALUATE| CORTELLIS| PHARMAPROJECTS,2026-05-08T16:03:09.376Z,2026-05-08T16:03:09.376Z
7a693593-31fe-4ca9-ada8-82ca54084a96,"AB-103, AevisBio",078d581b-53fc-45e8-b9a9-6e7756f70fed,,Preclinical,,,National Institute on Aging,Molecular glue degrader| Oral formulation| Small molecule,Preclinical,Alzheimers disease| Dementia| Multiple system atrophy| Nervous system inflammation| Parkinsons disease| Stroke| Traumatic brain injury,Neurology/Psychiatric,Protein cereblon modulator| Synuclein inhibitor| Zinc finger protein 91 inhibitor,Protein cereblon| Synuclein| Zinc finger protein 91,US,CORTELLIS,2026-05-08T16:03:11.994Z,2026-05-08T16:03:11.994Z
44cac0ae-f9d4-4ac4-87c2-b0df8aa7804d,LAPIX-TI,45b99e65-19fd-4068-b0a7-8b0c423de7ab,,Suspended,,,Lapix Therapeutics Inc,Small molecule| Synthetic small molecule,Preclinical| Suspended,Adenovirus infection| Hemophilia| Multiple sclerosis (MS) unspecified| Myasthenia gravis| Other dermatoses| Pompes disease,Hematologic| Immune| Rare Diseases,Coagulation factor VIII stimulant| Factor VIII modulator| Immune checkpoint agonist,,US,EVALUATE| PHARMAPROJECTS,2026-05-08T16:03:08.433Z,2026-05-08T16:03:08.433Z
207a08a4-3f87-4a19-9c37-f0b6fa9d888d,isomiosamine,04a66dab-39fc-4b8e-a9f6-36f95fc2161b,MYMD-1| isomyosamine,Suspended,,,TNF Pharmaceuticals Inc,CNS formulation| Capsule formulation| Oral formulation| Small molecule| Synthetic small molecule,Phase 1 Clinical| Phase 2 Clinical| Preclinical| Suspended,Adenosine deaminase deficiency| Autoimmune disease| Autoimmune encephalomyelitis| Autoimmune thyroiditis| COVID-19 treatment| Depression| Diabetes mellitus| Fibrosis| Frailty syndrome| General eye disorders| Hashimotos disease| Idiopathic pulmonary fibrosis| Inflammatory bowel disease| Insulin dependent diabetes| Interstitial lung disease| Multiple sclerosis| Multiple sclerosis (MS) unspecified| Neuropathy| Non-insulin dependent diabetes| Optic nerve disorder| Rheumatoid arthritis| Sarcopenia| Thyroid hormone deficiency| Thyroiditis,Alimentary/Metabolic| Endocrine/Metabolic| Gastrointestinal| Immune| Inflammatory| Musculoskeletal| Neurology/Psychiatric| Other/Miscellaneous| Rare Diseases| Respiratory,Interleukin 17A ligand| Interleukin-17A (IL-17A) antibody| Interleukin-6 (IL-6) antibody| Interleukin-6 ligand| TNF agonist| Tumour necrosis factor alpha (TNFa) inhibitor| Tumour necrosis factor alpha antagonist,Interleukin 17A ligand| Interleukin-6 ligand| TNF gene,US,EVALUATE| CORTELLIS| PHARMAPROJECTS,2026-05-08T16:03:08.556Z,2026-05-08T16:03:08.556Z
d3a91552-fe52-4c19-a0c1-6319eeb329dc,"carbidopa + levodopa + buspirone (oral, spinal cord injury), Nordic Life Sciences Pipeline",87d8d60a-125b-43c3-8716-a716c81bc1f2,Spinalon,Suspended,,,Universite Laval,Drug combination| Oral formulation| Small molecule| Tablet formulation,Phase 2 Clinical| Preclinical| Suspended,Multiple sclerosis (MS) unspecified| Spinal cord injury,Musculoskeletal| Neurology/Psychiatric,5-HT 1a receptor agonist| Dopa decarboxylase modulator| Dopamine receptor agonist,5-HT 1a receptor| Dopa decarboxylase| Dopamine receptor,Canada,EVALUATE| CORTELLIS,2026-05-08T16:03:09.416Z,2026-05-08T16:03:09.416Z
9a479b1b-5cbc-4710-97b2-6d65ecb528e8,Tau oligomerization inhibitors,6104f781-ac79-4177-b5e6-939d62bedc5e,,Preclinical,,,Axon srl,Small molecule,Preclinical,Alzheimers disease,Neurology/Psychiatric,Tau aggregation inhibitor,,Cyprus,EVALUATE,2026-05-08T16:03:09.414Z,2026-05-08T16:03:09.414Z
c2018a75-ac3f-40bf-8d8a-23dfa17c71f2,"NMRA-215, Neumora Therapeutics",707f7bc6-8360-4c27-990e-dcb3f8101eb1,,Preclinical,,,Neumora Therapeutics Inc,Small molecule,Preclinical,Obesity| Parkinson's disease,Alimentary/Metabolic| Neurology/Psychiatric,NLR family pyrin domain containing 3 inhibitor,,US,PHARMAPROJECTS,2026-05-08T16:03:11.494Z,2026-05-08T16:03:11.494Z
bc460c87-394f-4fe5-bb15-f493e3b7a7c5,NBP-14,04f53ea3-4f83-4cf9-a731-d8f907d56449,,Suspended,,,Neuro-Bio Ltd,Biological| Peptide| Small molecule| Synthetic small molecule,Preclinical| Suspended,Alzheimers disease| Cancer| Colorectal tumor| General cancer indications,Cancer| Neurology/Psychiatric,Acetylcholinesterase (AChE) stimulant| Acetylcholinesterase inhibitor,Acetylcholinesterase,UK,EVALUATE| CORTELLIS| PHARMAPROJECTS,2026-05-08T16:03:08.876Z,2026-05-08T16:03:08.876Z
1de85790-494d-4341-bb1f-fb00b040f38f,NMRA-CK1δ,8ef1cd01-17a1-4c19-9532-d5370893bb60,,Preclinical,,,Amgen SA| Neumora Therapeutics Inc,Small molecule,Preclinical,Alzheimers disease| Amyotrophic lateral sclerosis,Neurology/Psychiatric,Casein kinase 1 (CK1) delta inhibitor,,US,EVALUATE,2026-05-08T16:03:09.094Z,2026-05-08T16:03:09.094Z
e0d1a13b-6c7b-41d0-b844-8a0fafcff7c8,"edaravone (oral, amyotrophic lateral sclerosis), Treeway/Ferrer",91b89a8c-14b1-4ff2-a272-7d04dbb30203,"FAB122| FNP122| edaravone, Treeway",Phase 3 Clinical,,,Grupo Ferrer| Specialised Pain Medicine Pty Ltd| Treeway BV,Oral formulation| Small molecule| Synthetic small molecule,Phase 2 Clinical| Phase 3 Clinical,Alzheimers disease| Amyotrophic lateral sclerosis,Neurology/Psychiatric| Rare Diseases,Apoptosis stimulant| Free radical scavenger| Unclassified,,Netherlands| Singapore| Spain,EVALUATE| CORTELLIS| PHARMAPROJECTS,2026-05-08T16:03:09.157Z,2026-05-08T16:03:09.157Z
495cb60b-17c4-4ab3-8b78-3bb5e5eba522,Alzheimer's Disease Research Program (IMMBIOL),b53ef55f-ab1b-4b24-9838-7495dfa7f81d,Alzheimer's Disease Research Program,Phase 1 Clinical,,,Anima| Hyper Labs Inc| KinoPharma Inc,DNA & RNA therapeutics| Small molecule,Discovery| Phase 1 Clinical| Preclinical,Alzheimers disease,Neurology/Psychiatric,Beta amyloid modulator| Tau kinase inhibitor| Tau protein RNAi therapeutic| Unclassified,,Japan| South Korea| US,EVALUATE,2026-05-08T16:03:09.314Z,2026-05-08T16:03:09.314Z
82a7a340-1acd-4730-9ef9-fc275f13b529,Morphomer A-syn Inhibitor,66d65ab5-639e-45aa-a701-741079d4ae48,"alpha synuclein inhibitor, AC Immune",Preclinical,,,AC Immune SA,Small molecule| Synthetic small molecule,Preclinical,Neurological disease| Parkinson's disease| Undisclosed,Neurology/Psychiatric,Alpha-synuclein accumulation inhibitor| Synuclein accumulation inhibitor| Synuclein inhibitor,,Switzerland,EVALUATE| PHARMAPROJECTS,2026-05-08T16:03:09.537Z,2026-05-08T16:03:09.537Z
79458c12-1a2f-4c1b-a763-68ee2c3f79e2,TPT-1001,7812e2ce-7f2a-410b-9724-0fae57937d43,,Preclinical,,,Tetra GmbH,Lipid nanoparticle formulation| Small molecule| Systemic formulation unspecified,Discovery| Preclinical,Parkinson's disease| Parkinsons disease,Neurology/Psychiatric,Cannabinoid (CB) receptor type 2 (CB2) agonist| Cannabinoid CB2 receptor agonist,Cannabinoid CB2 receptor,Denmark,EVALUATE| CORTELLIS| PHARMAPROJECTS,2026-05-08T16:03:09.636Z,2026-05-08T16:03:09.636Z
462cb059-1982-4e33-974b-2d35ea848c18,"Parkinson’s disease therapy, PTC Therapeutics",b2449de8-bef4-4121-8bb3-4ab1081b08ff,,Preclinical,,,PTC Inc,Small molecule,Preclinical,Parkinson's disease,Neurology/Psychiatric,12 Lipoxygenase inhibitor| Ferroptosis inhibitor,,US,PHARMAPROJECTS,2026-05-08T16:03:11.677Z,2026-05-08T16:03:11.677Z
47f546df-5924-4f6a-af29-867a5dcea07e,"dantrolene (intranasal, Alzheimer's disease), Eagle Pharmaceuticals",0abd4892-6860-490d-aa02-8894c18e0745,"dantrolene sodium, Eagle Pharmaceuticals",Suspended,,,Eagle Vision Inc| Pennsylvania Bio,Formulation powder| Freeze drying| Infusion| Intravenous formulation| Nanoparticle formulation injectable| Nasal formulation| Other reformulation| Small molecule| Suspension| Synthetic small molecule,Launched| Preclinical| Suspended,"Acute Radiation Syndrome| Alzheimers disease| COVID-19 treatment| Coronavirus disease 19 infection| Drug toxicity| Epilepsy| Fever| Heat stroke| Infection, coronavirus, novel coronavirus| Ischaemia, cerebral| Malignant hyperthermia| Non-insulin dependent diabetes| Other neurological indications| Poison intoxication| Poisoning neutralization| Poisoning, drug| Poisoning, radiation| Psychosis, unspecified| Radiation sickness| Toxicity| Traumatic brain injury| Undisclosed",Alimentary/Metabolic| Cardiovascular| Infection| Musculoskeletal| Neurology/Psychiatric| Other/Miscellaneous| Rare Diseases| Toxicity/Intoxication| Unknown,Calcium channel modulator| Ryanodine receptor 1 antagonist| Ryanodine receptor modulator| Unidentified pharmacological activity,Calcium channel| Ryanodine receptor,US,EVALUATE| CORTELLIS| PHARMAPROJECTS,2026-05-08T16:03:11.775Z,2026-05-08T16:03:11.775Z
033b7319-6f9b-4c2c-be77-725d2379edb5,ismidenon,3ed35457-079a-479a-89ce-5091e1e1eee7,"AD-101, AmyriAD| AD-101, AmyriAD Therapeutics| AD101",Suspended,,,AmyriAD Therapeutics BV| Zenyaku Kogyo Co Ltd,Once daily formulation| Oral formulation| Small molecule| Synthetic small molecule| Systemic formulation unspecified| Tablet formulation,Phase 2 Clinical| Phase 3 Clinical| Suspended,Alzheimers disease| Essential tremor,Neurology/Psychiatric| Rare Diseases,CACNA1G calcium channel subunit inhibitor| CACNA1I calcium channel subunit inhibitor| CAM kinase II stimulator| Calcium channel inhibitor T-type| T-type calcium channel blocker,CACNA1G calcium channel subunit| CACNA1I calcium channel subunit| CAM kinase II| Calcium channel T-type,Japan| US,EVALUATE| CORTELLIS| PHARMAPROJECTS,2026-05-08T16:03:08.714Z,2026-05-08T16:03:08.714Z
ff9ea2d3-e7f6-4c27-a665-f9843bfba8af,GAL-101,ad204d3c-121f-462c-b923-f4c4b10f6331,"GAL-101 (oral, glaucoma/AMD/AD), Galimedix Therapeutics/Laboratoires Thea",Suspended,,,Galimedix Therapeutics Inc| Merz Inc| Tel Aviv University| Théa Pharma Inc,Capsule formulation| Ophthalmic formulation| Ophthalmic liquid formulation| Oral formulation| Small molecule| Tablet formulation,Phase 1 Clinical| Phase 2 Clinical| Suspended,"Alzheimers disease| Dry age related macular degeneration| Dry age-related macular degeneration (AMD)| Geographic atrophy| Glaucoma| Macular degeneration| Macular degeneration, age-related, unspecified| Wet age-related macular degeneration (AMD)",Neurology/Psychiatric| Ocular| Sensory Organs,Beta amyloid modulator,Beta amyloid,France| Germany| Israel| US,EVALUATE| CORTELLIS| PHARMAPROJECTS,2026-05-08T16:03:08.774Z,2026-05-08T16:03:08.774Z
5d105bea-b72c-4730-9422-57b224d9690c,AFX-2421,73c21b08-c390-4abc-bf72-305cf520b51f,,Suspended,,,Afecta Pharmaceuticals,Small molecule,Preclinical| Suspended,Cystitis| Parkinson's disease,Genitourinary/Sexual Function| Neurology/Psychiatric,Monoamine reuptake inhibitor,,US,EVALUATE| CORTELLIS,2026-05-08T16:03:09.256Z,2026-05-08T16:03:09.256Z
cd366617-b86f-4d55-b11e-67aa83f39310,VB-08,07008e1e-9aa0-4afd-adb0-48abe3d5136a,,Preclinical,,,Vincere Health Inc,Oral formulation| Small molecule| Synthetic small molecule,Preclinical,Parkinson's disease| Parkinsons disease,Neurology/Psychiatric,Ubiquitin thioesterase-30 inhibitor,Ubiquitin thioesterase-30,US,CORTELLIS| PHARMAPROJECTS,2026-05-08T16:03:09.696Z,2026-05-08T16:03:09.696Z
6633c188-7e79-4a68-aab4-b79cb9475143,ORT-247,17f61c48-79b3-4e9d-bd9d-babf04377758,,Phase 1 Clinical,,,Orthogonal Inc,Humanized monoclonal antibody| Infusion| Intravenous formulation| Recombinant antibody| Small molecule,Phase 1 Clinical,Amyotrophic lateral sclerosis,Endocrine/Metabolic| Neurology/Psychiatric| Rare Diseases,EphA receptor kinase inhibitor| Ephrin (Eph) receptor antagonist,,Hong Kong| US,EVALUATE| CORTELLIS| PHARMAPROJECTS,2026-05-08T16:03:11.837Z,2026-05-08T16:03:11.837Z
dba541f9-c53f-466f-a270-d9e7f1da03b4,Neurodegenerative Disorder Research Project,338dcec3-ee7e-4825-a523-572e13d72e50,,Discovery,,,Nine Square Therapeutics Inc,Small molecule,Discovery,Amyotrophic lateral sclerosis| Essential tremor| Parkinson's disease| Tardive dyskinesia,Neurology/Psychiatric,Unclassified,,US,EVALUATE,2026-05-08T16:03:12.375Z,2026-05-08T16:03:12.375Z
20af34b2-2a55-4d9d-85a4-01d52a0f73d9,MP-201,15bc96ff-4fc4-407f-94bf-366583cfaaa0,"MP-201, Mitochon Pharmaceuticals| MP201",Suspended,,,Mitochon Srl,Oral formulation| Small molecule| Synthetic small molecule,Preclinical| Suspended,"Alzheimers disease| Atrial fibrillation| Glaucoma| Ischaemia, cerebral| Multiple sclerosis| Multiple sclerosis (MS) unspecified| Optic neuritis| Parkinson's disease| Parkinsons disease| Traumatic brain injury",Cardiovascular| Immune| Neurology/Psychiatric| Ocular| Rare Diseases| Sensory Organs,BDNF gene modulator| Coagulation factor Xa inhibitor| Factor Xa inhibitor,BDNF gene,US,EVALUATE| CORTELLIS| PHARMAPROJECTS,2026-05-08T16:03:09.155Z,2026-05-08T16:03:09.155Z
e0d87c04-c4d2-4a62-b35d-0e1a49c75bd6,Rivastigmine TDS,de6ae913-b08f-45b0-b190-549fd437e224,,Phase 2 Clinical,,,Amarin UK Ltd,Small molecule,Phase 2 Clinical,Alzheimers disease| Other neurological indications| Parkinson's disease,Neurology/Psychiatric,Acetylcholinesterase (AChE) stimulant| Butyrylcholinesterase inhibitor,,Argentina,EVALUATE,2026-05-08T16:03:09.475Z,2026-05-08T16:03:09.475Z
66e6a586-dfe5-45b5-b5c0-fef8acf4df90,PBF-999,7647a4d9-2ddd-42b4-8644-729b8a2d3e55,PBF 999,Phase 2 Clinical,,,Palobiofarma SL,Oral formulation| Small molecule| Synthetic small molecule,Phase 2 Clinical,"Advanced solid tumor| Amyotrophic lateral sclerosis| Cancer, solid, unspecified| Huntington's disease| Prader-Willi syndrome| Schizophrenia| Solid tumour indications",Alimentary/Metabolic| Cancer| Dermatologic| Endocrine/Metabolic| Neurology/Psychiatric| Rare Diseases,Adenosine A2a receptor agonist| Cathepsin D inhibitor| Immune checkpoint agonist| Immuno-oncology therapy| PDE 10 inhibitor| Phosphodiesterase 10 (PDE10) inhibitor,Adenosine A2a receptor| PDE 10,Spain,EVALUATE| CORTELLIS| PHARMAPROJECTS,2026-05-08T16:03:08.314Z,2026-05-08T16:03:08.314Z
fbf88cc3-ea42-496c-ba4a-283cd3eb03d7,DKF-310,61438b90-f1bf-4971-9f04-51365036bcba,,Suspended,,,Dongkook Life Science Co Ltd,Other reformulation| Small molecule| Synthetic small molecule,Preclinical| Suspended,Alzheimers disease| Frontotemporal dementia,Neurology/Psychiatric,Acetylcholinesterase inhibitor| Unclassified,,South Korea,EVALUATE| PHARMAPROJECTS,2026-05-08T16:03:08.773Z,2026-05-08T16:03:08.773Z
0432ca23-19d3-4890-8230-eb11eac2324a,neflamapimod,4b359b88-c62d-48f6-bd08-ee4a80bd7dbd,Neflamapimod,Suspended,,,CervoMed Inc| Vertex LLC,Capsule formulation| Small molecule,Phase 1 Clinical| Phase 2 Clinical| Suspended,"Alzheimers disease| Amyotrophic lateral sclerosis| Aphasia| Cognitive disorder| Frontotemporal dementia| Huntington's disease| Ischaemia, cerebral| Ischemic stroke| Lewy body dementia| Myelodysplastic syndrome| Rheumatoid arthritis| Stroke",Cancer| Cardiovascular| Immune| Neurology/Psychiatric| Rare Diseases,B-cell therapy| Glial fibrillary acidic protein modulator| Mitogen-activated protein kinase (MAPK) inhibitor| Mitogen-activated protein kinase 14 inhibitor| Mitogen-activated protein kinase inhibitor| p38 MAP kinase alpha inhibitor,Glial fibrillary acidic protein| p38 MAP kinase alpha,US,EVALUATE| CORTELLIS| PHARMAPROJECTS,2026-05-08T16:03:08.776Z,2026-05-08T16:03:08.776Z
cfd8c3a7-64de-45de-a46e-68ad62236fbf,"DUB inhibitors, Mission Therapeutics",fbb5c26b-2af9-4e30-a465-7f38e6bdd49c,,Suspended,,,MISSION Therapeutics,Synthetic small molecule,Preclinical| Suspended,Alzheimers disease| Parkinson's disease,Neurology/Psychiatric,Deubiquitinase inhibitor,,UK,PHARMAPROJECTS,2026-05-08T16:03:09.796Z,2026-05-08T16:03:09.796Z
22ae0589-adf0-4ed5-a8a8-d5c6c593d420,18F-GTP1,96da896b-bf08-4a7e-9df8-354d7dbe327d,,Phase 1 Clinical,,,Genentech Inc,Intravenous formulation| Radiolabeling| Small molecule,Phase 1 Clinical,Alzheimers disease,Neurology/Psychiatric,Tau kinase inhibitor,Tau protein,US,CORTELLIS,2026-05-08T16:03:12.056Z,2026-05-08T16:03:12.056Z
30be1ab2-0913-4e07-9a90-5d462ea13708,SUDO-550,14542c1a-7a03-4b25-aedf-9ac9037abf31,,Phase 1 Clinical,,,Sudo Biosciences Ltd,Oral formulation| Small molecule| Synthetic small molecule,Phase 1 Clinical,Alzheimers disease| Amyotrophic lateral sclerosis| Autoimmune disease| Multiple sclerosis| Multiple sclerosis (MS) unspecified| Other neurological indications,Immune| Neurology/Psychiatric,Non receptor tyrosine kinase TYK2 inhibitor| Tyrosine kinase (TYK) 2 inhibitor| Tyrosine kinase 2 inhibitor,Non receptor tyrosine kinase TYK2,US,EVALUATE| CORTELLIS| PHARMAPROJECTS,2026-05-08T16:03:09.035Z,2026-05-08T16:03:09.035Z
e2215e90-9ccc-4360-8709-bc506140b831,CRES-203,5c088987-cc58-4676-8054-f3f8ce161db7,CRES203,Suspended,,,Cresence AS,Small molecule| Synthetic small molecule,Preclinical| Suspended,Alzheimers disease,Neurology/Psychiatric,Unclassified| Unidentified pharmacological activity,,Norway,EVALUATE| CORTELLIS| PHARMAPROJECTS,2026-05-08T16:03:09.375Z,2026-05-08T16:03:09.375Z
747cf054-f6a3-404c-9e2d-056d3bfbd054,Parkinson's Disease Research Project,576c8fd0-61e6-4b90-943c-91885d37f579,"Parkin activators, Nine Square Therapeutics",Preclinical,,,Nine Square Therapeutics Inc,Synthetic small molecule,Preclinical,Parkinson's disease,Neurology/Psychiatric,,,US,EVALUATE| PHARMAPROJECTS,2026-05-08T16:03:11.676Z,2026-05-08T16:03:11.676Z
6e0ad2cd-f785-40e0-85a6-25e381af5c36,ozanimod,08e75a67-bbbf-4059-b227-b0250f4cbfac,,Suspended,,,Bristol-Myers Squibb AB| Scripps Clinic,Capsule formulation| Once daily formulation| Oral formulation| Small molecule| Synthetic small molecule,Launched| Preclinical| Suspended,"COVID-19 complications| COVID-19 treatment| Coronavirus disease 19 infection| Crohns disease| Inflammatory bowel disease| Liver failure| Liver tumor| Multiple sclerosis| Multiple sclerosis (MS) unspecified| Multiple sclerosis, relapsing-remitting| Other immune indications| Pneumonia| Relapsing-Remitting MS (RRMS)| Respiratory distress syndrome| Secondary-Progressive MS (SPMS)| Ulcerative colitis",Alimentary/Metabolic| Cancer| Gastrointestinal| Immune| Infection| Neurology/Psychiatric| Other/Miscellaneous| Rare Diseases| Respiratory,Sphingosine 1-phosphate (S1P) receptor 1 agonist| Sphingosine 1-phosphate (S1P) receptor 1 regulator| Sphingosine 1-phosphate (S1P) receptor 5 agonist| Sphingosine 1-phosphate (S1P) receptor 5 regulator| Sphingosine 1-phosphate 1 receptor agonist| Sphingosine 1-phosphate 5 receptor agonist| Sphingosine-1-phosphate receptor-1 agonist| Sphingosine-1-phosphate receptor-1 modulator| Sphingosine-1-phosphate receptor-5 agonist| Sphingosine-1-phosphate receptor-5 modulator,Sphingosine-1-phosphate receptor-1| Sphingosine-1-phosphate receptor-5,US,EVALUATE| CORTELLIS| PHARMAPROJECTS,2026-05-08T16:03:11.777Z,2026-05-08T16:03:11.777Z
6f6f49f4-87fb-4367-846a-0816fe478a51,sonlicromanol,81fec536-0acd-47da-ab70-c0661137db23,Sonlicromanol,Suspended,,,Khondrion BV,Small molecule| Tablet formulation,Phase 2 Clinical| Phase 3 Clinical| Preclinical| Suspended,"Alzheimers disease| COVID-19 complications| COVID-19 treatment| Coronavirus disease 19 infection| Deafness| Dystrophy, congenital muscular| Fatigue| Glioma| Lebers hereditary optic atrophy| Leigh disease| MELAS syndrome| Maternally inherited diabetes and deafness| Mitochondrial disease| Mitochondrial encephalomyopathy, lactic acidosis, stroke-like| Mitochondrial oxidative phosphorylation disorders| Parkinson's disease| Parkinsons disease| Respiratory distress syndrome",Alimentary/Metabolic| Endocrine/Metabolic| Infection| Musculoskeletal| Neurology/Psychiatric| Other/Miscellaneous| Rare Diseases| Respiratory| Unknown,Prostaglandin E synthase modulator| Prostaglandin E synthase-1 inhibitor| Prostaglandin receptor E (PGE2) synthesis inhibitor| Reactive oxygen species (ROS) regulator,Prostaglandin E synthase-1,Netherlands,EVALUATE| CORTELLIS| PHARMAPROJECTS,2026-05-08T16:03:09.315Z,2026-05-08T16:03:09.315Z
dfcf1007-2529-46eb-94d7-8a5c204b64c8,PGI-128,c9b1a163-d8f9-421e-bd45-d65e484dd06b,,Preclinical,,,PsychoGenics Inc,Small molecule,Preclinical,Frontotemporal dementia,Neurology/Psychiatric,Unclassified,,US,EVALUATE,2026-05-08T16:03:09.416Z,2026-05-08T16:03:09.416Z
ee0115a8-fbb8-4c21-89da-5b2dd934efaf,JM-010,a4bc6b21-6f92-44bf-9c8f-abe4423ffe55,CTP-010,Phase 2 Clinical,,,Bukwang Medica Co Ltd| Contera Pharma A/S,Drug combination| Oral formulation| Small molecule| Synthetic small molecule,Phase 2 Clinical,"Dyskinesia, levodopa-induced| Movement disorder| Other neurological indications| Parkinson's disease",Neurology/Psychiatric,5 Hydroxytryptamine 1A receptor agonist| 5 Hydroxytryptamine 1B receptor agonist| 5 Hydroxytryptamine 1D receptor agonist| 5 Hydroxytryptamine receptor agonist| 5-HT (serotonin) receptor agonist| 5-HT 1a receptor partial agonist| 5-HT 1b receptor agonist| 5-HT 1d receptor agonist| 5-HT1A (serotonin) receptor agonist| 5-HT1B (serotonin) receptor agonist| 5-HT1D (serotonin) receptor agonist,5-HT 1a receptor| 5-HT 1b receptor| 5-HT 1d receptor,Denmark| South Korea,EVALUATE| CORTELLIS| PHARMAPROJECTS,2026-05-08T16:03:11.497Z,2026-05-08T16:03:11.497Z
13aeedf5-22af-4871-9589-ad215875f4b3,Bristol Myers Squibb-Insitro Research Program,d53c5ae9-eac8-415e-992a-3176b98d60a4,"amyotrophic lateral sclerosis therapy, Bristol Myers Squibb -1",Preclinical,,,Bristol-Myers Squibb AB| Insitro Inc,Small molecule,Discovery| Preclinical,Amyotrophic lateral sclerosis| Frontotemporal dementia,Neurology/Psychiatric| Rare Diseases,Unidentified pharmacological activity| Unknown,,US,EVALUATE| PHARMAPROJECTS,2026-05-08T16:03:11.557Z,2026-05-08T16:03:11.557Z
650e3acc-e2b7-4970-b0a0-c5903779cd3c,NB-129,c443abbf-e4fa-4716-9ec2-adbd9da2a3b1,NB129,Preclinical,,,Nanomerics Ltd,Small molecule| Synthetic small molecule| Systemic formulation unspecified,Preclinical,Parkinson's disease| Parkinsons disease,Neurology/Psychiatric,Unclassified| Unidentified pharmacological activity,,UK,EVALUATE| CORTELLIS| PHARMAPROJECTS,2026-05-08T16:03:08.775Z,2026-05-08T16:03:08.775Z
59ffd37c-7ca4-432b-ba1a-df385d4b1207,"amyloid-beta targeting therapy, WaveBreak",9b65876e-68f5-4cd9-a6d5-b262f6ca669d,,Preclinical,,,WaveBreak Inc,Synthetic small molecule,Preclinical,Alzheimers disease,Neurology/Psychiatric,Beta amyloid modulator,,US,PHARMAPROJECTS,2026-05-08T16:03:09.753Z,2026-05-08T16:03:09.753Z
41eb8333-8a83-40a2-bc5d-f46c27eb856e,YDC-104,82a1c98e-2fc1-49a3-a937-8ae102670973,,Preclinical,,,SapiensBio Inc| The ALBORADA Trust| Yd Ltd,Small molecule| Synthetic small molecule| Systemic formulation unspecified,Discovery| Preclinical,Alzheimers disease| Dementia| Neurodegenerative disease,Neurology/Psychiatric,Eukaryotic initiation factor 2 beta modulator| Unclassified| Unidentified pharmacological activity,Eukaryotic initiation factor 2 beta,South Korea,EVALUATE| CORTELLIS| PHARMAPROJECTS,2026-05-08T16:03:11.673Z,2026-05-08T16:03:11.673Z
4d69400f-f77c-4795-a2db-e5271c750744,ID-119040338,d09caca4-0f8d-451b-944d-ccce7d612d99,,Suspended,,,ILDONG Bioscience Co Ltd| Yunovia Co Ltd,Small molecule| Synthetic small molecule| Systemic formulation unspecified,Preclinical| Suspended,Parkinson's disease,Neurology/Psychiatric,Adenosine A1 receptor agonist| Adenosine A2 receptor agonist| Adenosine A2a receptor agonist| Immune checkpoint agonist,Adenosine A1 receptor| Adenosine A2a receptor,South Korea,EVALUATE| CORTELLIS| PHARMAPROJECTS,2026-05-08T16:03:11.675Z,2026-05-08T16:03:11.675Z
c3a9439a-b748-4754-862e-ac248ec676bd,[18F]-MC-225,7c3a7f16-3ab0-44a9-bec7-d9b8c48d2a4a,,Phase 2 Clinical,,,Hamamatsu Photonics KK,Radiolabeling| Small molecule| Systemic formulation unspecified,Phase 2 Clinical,Aging| Alzheimers disease| Cognitive disorder| HIV infection| Neurological disease| Parkinsons disease,Infection| Neurology/Psychiatric| Other/Miscellaneous,P-Glycoprotein inhibitor,P-Glycoprotein,Japan,CORTELLIS,2026-05-08T16:03:11.936Z,2026-05-08T16:03:11.936Z
f492356c-18e5-4573-9e94-3c003edd45be,SKY-1500,dae52dc3-43b6-4727-a8ac-ebb98c794b97,,Suspended,,,Skyhawk Therapeutics Inc,Small molecule| Synthetic small molecule| Systemic formulation unspecified,Preclinical| Suspended,Frontotemporal dementia| Neurological disease,Neurology/Psychiatric| Rare Diseases,MAPT gene modulator| RNA splicing inhibitor| Unidentified pharmacological activity,MAPT gene,US,EVALUATE| CORTELLIS| PHARMAPROJECTS,2026-05-08T16:03:08.775Z,2026-05-08T16:03:08.775Z
a0d540d9-a7bf-45d0-a447-9b787c1189d4,"monepantel (oral, MND/ALS/Huntington's disease), Neurizon Therapeutics",3a818990-3f0b-4446-a7cb-ba4c4a8c614e,Monepantel| monepantel| s-monepantel,Phase 3 Clinical,,,Neurizon Therapeutics Ltd| University of Wales,Oral formulation| Other biotechnology product| Small molecule| Synthetic small molecule| Tablet formulation,Phase 2 Clinical| Phase 3 Clinical| Preclinical,"Amyotrophic lateral sclerosis| COVID-19 treatment| Cancer, solid, unspecified| Huntingtons chorea| Infection, coronavirus, novel coronavirus| Oesophageal cancer| Pancreatic cancer| Solid tumour indications",Cancer| Infection| Neurology/Psychiatric| Rare Diseases,Cyclin-dependent kinase 2 (CDK2) inhibitor| Cyclin-dependent kinase 2 inhibitor| Cyclin-dependent kinase 4 (CDK4) inhibitor| Cyclin-dependent kinase-4 inhibitor| Mammalian target of rapamycin (mTOR) inhibitor| Mammalian target of rapamycin (mTOR) pathway regulator| TAR DNA binding protein 43 inhibitor| TAR DNA-binding protein (TDP) regulator| TDP-43 inhibitor| mTOR inhibitor,TAR DNA binding protein 43| mTOR,Australia,EVALUATE| CORTELLIS| PHARMAPROJECTS,2026-05-08T16:03:08.834Z,2026-05-08T16:03:08.834Z
94f332ca-3cf0-4f1b-9b26-a2e3f8734ed2,egalognastat,a2ec072f-09fb-4668-b963-38ff06d86177,ASN90| FNP-223,Suspended,,,Asceneuron SA| Grupo Ferrer,Small molecule| Synthetic small molecule| Tablet formulation,Phase 1 Clinical| Phase 2 Clinical| Suspended,Alzheimers disease| Frontotemporal dementia| Parkinson's disease| Progressive supranuclear palsy,Neurology/Psychiatric| Rare Diseases,Bifunctional protein NCOAT inhibitor| O-linked-β-N-acetylglucosamine (O-GlcNAcase) inhibitor| Tau aggregation inhibitor| Tau kinase inhibitor,Bifunctional protein NCOAT| Tau protein,Spain| Switzerland,EVALUATE| CORTELLIS| PHARMAPROJECTS,2026-05-08T16:03:08.934Z,2026-05-08T16:03:08.934Z
e3e2f7f3-6bf4-4e0b-8222-63077991ee83,JBPOS-0101,27b25ad4-2650-4910-8bc8-b044a2dfc373,,Suspended,,,Bio-Pharm Inc,Intravenous formulation| Oral formulation| Small molecule| Synthetic small molecule,Phase 2 Clinical| Suspended,"Alzheimers disease| Anxiety, unspecified| Depression| Epilepsy| Epilepsy, generalized, unspecified| Infantile spasms| Ischaemia, cerebral| Neuropathic pain| Parkinson's disease| Parkinsons disease| Postnatal depression| Status epilepticus",Cardiovascular| Neurology/Psychiatric| Rare Diseases,Glutamate antagonist| Glutamate receptor agonist| Metabotropic glutamate receptor (mGluR) agonist| Metabotropic glutamate receptor 4 (mGluR4) regulator| Metabotropic glutamate receptor 7 (mGluR7) regulator| Metabotropic glutamate receptor agonist,Metabotropic glutamate receptor,South Korea,EVALUATE| CORTELLIS| PHARMAPROJECTS,2026-05-08T16:03:12.057Z,2026-05-08T16:03:12.057Z
66728a7f-c78f-484c-88b9-d3ff9ea751f6,"timbetasin (topical, wound healing), RegeneRx",fcaa609c-08ca-4cde-91c1-e1230c5d276d,RGN-259| RGN-352,Suspended,,,HLB USA| Lee Health| ReGenTree LLC| RegeneRx Biopharmaceuticals Inc,Antibody therapy| Biological| Dermatological formulation| Dermatological gel formulation| Inhalant formulation| Intravenous formulation| Ophthalmic formulation| Ophthalmic liquid formulation| Parenteral formulation unspecified| Peptide| Protein recombinant| Small molecule,Phase 1 Clinical| Phase 2 Clinical| Phase 3 Clinical| Preclinical| Suspended,"Acute bronchitis| Alopecia| Alzheimers disease| Asthma| Brain injury| Bronchiectasis| Burns| Cardiovascular disease| Corneal ulcer| Coronavirus disease 19 infection| Crohns disease| Cystic fibrosis| Diabetic complications, other| Diabetic foot ulcer| Diabetic neuropathy| Diabetic retinopathy| Dry eye| Epidermolysis bullosa| General eye disorders| General urinary tract indications| Glaucoma| Ischaemia, cerebral| Multiple sclerosis| Multiple sclerosis (MS) unspecified| Myocardial infarction| Myocardial infarction, acute (AMI)| Neurotrophic keratitis| Ocular disease| Other dermatoses| Peripheral neuropathy| Sepsis| Stroke| Traumatic brain injury| Ulcer| Ulcer, venostasis| Ulcerative colitis| Ulcers, corneal| Ulcers, pressure| Ulcers, venous| Wound healing| Xerophthalmia",Cardiovascular| Dermatologic| Hematologic| Immune| Infection| Neurology/Psychiatric| Ocular| Rare Diseases| Respiratory| Sensory Organs,Actin modulator| Actin polymerization modulator| Angiogenesis inhibitor| Collagen agonist| GDF agonist| Laminin-5 agonist| Matrix metalloprotease modulator| Matrix metalloproteinase inhibitor| Metalloprotease-2 modulator| Metalloprotease-9 modulator| Metalloproteinase-1 inhibitor| Nuclear factor kappa B modulator| Thymosin beta 4 ligand| Thymosin fraction B4 agonist| Thymosin receptor agonist| Thymosin β-4 receptor agonist,Actin| Collagen| GDF| Laminin-5| Matrix metalloprotease| Metalloprotease-2| Metalloprotease-9| Nuclear factor kappa B| Thymosin beta 4 ligand| Thymosin receptor,Hong Kong| South Korea| US,EVALUATE| CORTELLIS| PHARMAPROJECTS,2026-05-08T16:03:08.261Z,2026-05-08T16:03:08.261Z
892466c3-1349-4790-b3c4-bd4f810bcf86,BCM-851,36fb8443-0caf-4ad3-a4d1-099c99891402,,Preclinical,,,Taizhou BociMed Pharmaceutical Co Ltd,Formulation other| Synthetic small molecule,Preclinical,Parkinson's disease,Neurology/Psychiatric,Unidentified pharmacological activity,,China,PHARMAPROJECTS,2026-05-08T16:03:11.557Z,2026-05-08T16:03:11.557Z
11d847ea-5f3a-492b-bb83-87cc570e995d,NES-100,fb9de05e-743d-4a8c-a2e5-9c9e43257f36,Envelta,Phase 1 Clinical,,,Nanomerics Ltd| Virpax Pharmaceuticals Inc,Aerosol formulation inhalant systemic| CNS formulation| Inhalant formulation| Nanoparticle formulation| Nasal formulation systemic| Nasal transmucosal| Peptide| Protein & peptide therapeutics| Small molecule,Phase 1 Clinical| Preclinical,"Alzheimers disease| Cancer pain| Neuropathic pain| Pain| Pain, acute| Pain, cancer-induced| Pain, chronic| Pain, nociceptive, general| Post traumatic stress disorder",Neurology/Psychiatric,Opioid receptor delta agonist| Preproenkephalin (PENK) gene stimulant,Opioid receptor delta,UK| US,EVALUATE| CORTELLIS| PHARMAPROJECTS,2026-05-08T16:03:08.555Z,2026-05-08T16:03:08.555Z
ed72e1b8-f4cd-4733-9382-c0578fbf51ea,JRMS-22,fa2f83ff-2d0f-4c29-a228-95a9cb622cfe,,Preclinical,,,LifeArc Pvt Ltd| Neuropeutics Inc| Toronto Hospital,Small molecule| Synthetic small molecule| Systemic formulation unspecified,Preclinical,Alzheimers disease| Amyotrophic lateral sclerosis| Frontotemporal dementia| Huntington's disease| Huntingtons chorea| Motor neurone disease| Parkinson's disease| Parkinsons disease,Neurology/Psychiatric| Rare Diseases,TAR DNA binding protein 43 modulator| TAR DNA-binding protein (TDP) regulator| TDP-43 inhibitor,TAR DNA binding protein 43,Canada| UK,EVALUATE| CORTELLIS| PHARMAPROJECTS,2026-05-08T16:03:08.935Z,2026-05-08T16:03:08.935Z
1e49383c-e90d-4c59-93e3-ec9818f3e0f6,golexanolone,83c1dbb9-062c-46a3-bedf-163d42d78397,Golexanolone,Phase 2 Clinical,,,Umecrine AB,Small molecule,Phase 1 Clinical| Phase 2 Clinical| Preclinical,Cholestasis| Hepatic encephalopathy| Hypersomnia| Parkinson's disease| Primary biliary cirrhosis (PBC)| Primary sclerosing cholangitis,Gastrointestinal,Gamma-aminobutyric acid (GABA) receptor agonist,,Sweden,EVALUATE,2026-05-08T16:03:08.313Z,2026-05-08T16:03:08.313Z
9e91f40a-bc1f-471f-8b7e-1ebe3e4a4a1c,Ropinirole XL,1e4a2b93-9a1a-4095-93ae-aa4ad4dfa7ac,,Preclinical,,,GL PharmTech Corp,Small molecule,Preclinical,Parkinson's disease| Restless legs syndrome,Neurology/Psychiatric,Dopamine receptor agonist,,South Korea,EVALUATE,2026-05-08T16:03:08.654Z,2026-05-08T16:03:08.654Z
492ca952-8eef-4402-ba90-f013ac2bba33,SYX-1042,671dbace-f29b-4ef0-aa9c-223dd7487044,SIT-011,Suspended,,,Eli Lilly SA| Sitryx Therapeutics Ltd,Oral formulation| Small molecule| Synthetic small molecule,Phase 1 Clinical| Suspended,Autoimmune disease| General inflammatory disorders| Inflammatory disease| Multiple sclerosis| Multiple sclerosis (MS) unspecified| Psoriasis| Undisclosed,Dermatologic| Immune| Inflammatory| Musculoskeletal| Neurology/Psychiatric| Unknown,Unidentified pharmacological activity| Unknown,,UK| US,EVALUATE| CORTELLIS| PHARMAPROJECTS,2026-05-08T16:03:08.774Z,2026-05-08T16:03:08.774Z
fcc616ed-e767-466c-9012-7b9bc3ff6fe8,RGI-2001,ed5c1085-9428-4396-8e76-8666745d49bd,"ToleroVax, REGiMMUNE",Suspended,,,Kyowa Kirin GmbH| REGiMMUNE Ltd,Animal| Infusion| Intravenous formulation| Liposome formulation| Small molecule| Synthetic small molecule,Phase 2 Clinical| Suspended,"Alimentary/metabolic disease, unspecified| General blood malignancies| Graft versus host disease| Hemophilia| Hepatitis C treatment| Hepatitis C virus infection| Hepatitis virus infection| Melanoma| Multiple sclerosis| Multiple sclerosis (MS) unspecified| Other immune indications| Rheumatoid arthritis| Systemic lupus erythematosus",Alimentary/Metabolic| Endocrine/Metabolic| Hematologic| Immune| Infection| Neurology/Psychiatric| Rare Diseases,CD1D agonist| Immunosuppressant| T cell stimulant| T-Cell stimulant,,Japan| Taiwan,EVALUATE| CORTELLIS| PHARMAPROJECTS,2026-05-08T16:03:09.315Z,2026-05-08T16:03:09.315Z
74341cf2-a061-4ef0-aeb2-e36cf0d0d4df,Trappsol Cyclo,4dcd4fb9-5ae2-49ea-8c3f-f172d447fd5e,hydroxypropyl beta cyclodextrin,Suspended,,,In Cyclo,Biological| Infusion| Intravenous formulation| Oligosaccharide| Small molecule| Synthetic small molecule,Phase 2 Clinical| Phase 3 Clinical| Preclinical| Suspended,Alzheimers disease| Diabetic nephropathy| Hyperuricemia| Niemann Pick disease| Niemann Pick disease type C1| Peripheral vascular disease| Viral infection,Alimentary/Metabolic| Cardiovascular| Endocrine/Metabolic| Infection| Musculoskeletal| Neurology/Psychiatric| Rare Diseases,Unidentified pharmacological activity,,US,CORTELLIS| PHARMAPROJECTS,2026-05-08T16:03:11.495Z,2026-05-08T16:03:11.495Z
9da90753-6b1e-4982-8560-89ab50fa0080,KP202,e6cbb189-f276-4ff1-a40b-69660e3976db,KP-202,Preclinical,,,Korea Pharma,Modified-release| Parenteral formulation| Small molecule| Synthetic small molecule,Discovery| Preclinical,Parkinson's disease,Neurology/Psychiatric,Unidentified pharmacological activity| Unknown,,South Korea,EVALUATE| PHARMAPROJECTS,2026-05-08T16:03:09.596Z,2026-05-08T16:03:09.596Z
29d9dd3f-fd14-4c1d-89e0-7cd1819a81f2,[18F]-AM-PBB3,0639a5cd-fc5f-4423-9613-5b101c290543,,Suspended,,,APRINOIA Therapeutics Inc| Japan Radiological Society,Imaging agent| Parenteral formulation unspecified| Radiolabeling| Small molecule| Synthetic small molecule| Systemic formulation unspecified,Phase 2 Clinical| Suspended,"Alzheimers disease| Cognitive disorder| Diagnosis, CNS| Neurodegenerative disease",Neurology/Psychiatric,Radioemitter,,Japan,CORTELLIS| PHARMAPROJECTS,2026-05-08T16:03:11.834Z,2026-05-08T16:03:11.834Z
268abb6c-fb38-496a-a3c7-31caa662f5db,ADx-001,69f6914d-1b22-492d-b818-b3692cbe9c1f,,Phase 1 Clinical,,,Alzeca Biosciences Inc| Houston Healthcare,In vivo diagnostics| Infusion| Intravenous formulation| Lipid nanoparticle formulation injectable| Small molecule,Phase 1 Clinical,Alzheimers disease| Dementia,Neurology/Psychiatric| Unknown,Beta amyloid modulator| Unclassified,Beta amyloid,US,EVALUATE| CORTELLIS,2026-05-08T16:03:11.935Z,2026-05-08T16:03:11.935Z
1c45c348-003a-4ea4-8ab1-c2ed8bcfc0c3,FHL-301,2344bdc2-9bd1-4b1f-ad7e-62cd688983fa,,Phase 2 Clinical,,,Forest Hills Health Care Inc,Other reformulation| Small molecule| Synthetic small molecule,Phase 2 Clinical,Alzheimers disease| Parkinson's disease,Neurology/Psychiatric,Peroxisome proliferator-activated receptor (PPAR) agonist| Peroxisome proliferator-activated receptor alpha (PPAR-alpha) agonist| Peroxisome proliferator-activated receptor gamma (PPAR-gamma) agonist,,Hong Kong,EVALUATE| PHARMAPROJECTS,2026-05-08T16:03:08.474Z,2026-05-08T16:03:08.474Z
df4e967f-f322-4e12-bff9-f3d5302570b3,Path ALS Research Project,ec737aa8-8110-414f-ba3a-41d8e3521a52,"amyotrophic lateral sclerosis therapy, Path Biotech",Preclinical,,,PATH,Small molecule| Synthetic small molecule,Preclinical,Amyotrophic lateral sclerosis,Neurology/Psychiatric| Rare Diseases,Unidentified pharmacological activity| Unknown,,US,EVALUATE| PHARMAPROJECTS,2026-05-08T16:03:09.216Z,2026-05-08T16:03:09.216Z
286d24c7-78e2-46d7-8503-8a45834a7f4b,CU-13001,7127ab64-70b3-479d-a914-55e05b75c4c3,,Preclinical,,,Acurex Biosciences Corp,Oral formulation| Small molecule| Synthetic small molecule,Preclinical,Parkinson's disease| Parkinsons disease,Neurology/Psychiatric,12 Lipoxygenase inhibitor| 15-Lipoxygenase inhibitor,15-Lipoxygenase,US,CORTELLIS| PHARMAPROJECTS,2026-05-08T16:03:09.634Z,2026-05-08T16:03:09.634Z
608ae145-0282-4e05-9940-2b2ee98b4cdd,SRT-015,892cd33b-3365-49f1-a840-5ce6498b1910,,Suspended,,,Genfit SA| Seal Rock Therapeutics Inc,Injectable formulation| Oral formulation| Small molecule| Synthetic small molecule| Systemic formulation unspecified,Phase 1 Clinical| Preclinical| Suspended,"Acute liver failure| Alcoholic hepatitis| Alcoholic liver disease| Alzheimers disease| Amyotrophic lateral sclerosis| Compensated liver cirrhosis| Dermatological disease| General liver disorders| Hepatic dysfunction, unspecified| Inflammatory bowel disease| Multiple sclerosis (MS) unspecified| Non-alcoholic steatohepatitis| Ocular disorder, unspecified| Rheumatoid arthritis| Spinal cord injury",Alimentary/Metabolic| Dermatologic| Gastrointestinal| Infection| Neurology/Psychiatric| Rare Diseases| Sensory Organs,Apoptosis signal-regulating kinase 1 (ASK1) inhibitor| MEKK-5 protein kinase inhibitor| Mitogen-activated protein kinase kinase kinase 5 inhibitor,MEKK-5 protein kinase,France| US,EVALUATE| CORTELLIS| PHARMAPROJECTS,2026-05-08T16:03:09.695Z,2026-05-08T16:03:09.695Z
7337ad5c-aa54-410b-adc2-0906b96f6ea1,XTS-002,86af7453-aae9-406a-81a0-0e688b33ad39,,Preclinical,,,X-tosis Inc,Small molecule| Synthetic small molecule| Systemic formulation unspecified,Preclinical,Amyotrophic lateral sclerosis| Parkinson's disease| Parkinsons disease,Neurology/Psychiatric| Rare Diseases,Voltage dependent anion channel 1 inhibitor| Voltage-dependent anion channel (VDAC) regulator,Voltage dependent anion channel 1,US,EVALUATE| CORTELLIS| PHARMAPROJECTS,2026-05-08T16:03:11.676Z,2026-05-08T16:03:11.676Z
719c7470-aef2-40d4-b09e-c6d24e450af9,Chronic Inflammatory Disease Research Project,e0782a38-5a18-4e8c-9674-c1c9b1ab2749,,Preclinical,,,Bilix Co Ltd,Small molecule,Preclinical,Asthma| Inflammatory bowel disease| Multiple sclerosis,Respiratory,Reactive oxygen species (ROS) scavenger,,South Korea,EVALUATE,2026-05-08T16:03:08.655Z,2026-05-08T16:03:08.655Z
49f1ad5a-a0ac-409c-82a7-5f3fb4279318,AR-1003,e75f6e18-6c85-4eeb-a51e-3b3eec120398,,Suspended,,,AriBio Co Ltd,Drug combination| Small molecule| Systemic formulation unspecified,Phase 1 Clinical| Suspended,Alzheimers disease| General bacterial indications| Sepsis| Sepsis/Septic shock,Hematologic| Infection| Neurology/Psychiatric,Nuclear erythroid 2-related factor 2 modulator| Nuclear factor erythroid 2-related factor (Nrf2) stimulant| PDE 5 modulator| Phosphodiesterase 5 (PDE5) inhibitor| Phosphodiesterase 5 inhibitor| Transcription factor Nrf2 inhibitor,Nuclear erythroid 2-related factor 2| PDE 5,South Korea,EVALUATE| CORTELLIS| PHARMAPROJECTS,2026-05-08T16:03:09.096Z,2026-05-08T16:03:09.096Z
44761627-cdd4-4f59-a89b-86c3637f11d8,"mebufotenin (oral, inflammatory diseases), Biomind",6bfa3f8e-d674-4d02-af3e-32f3c3c3fe31,"5-methoxy-N,N-dimethyltryptamine, Biomind Labs| BMND08| mebufotenin (oral tablet, depression and anxiety in Alzheimer's disease), Biomind labs",Suspended,,,Biomind Labs Inc,Buccal formulation systemic| Nasal gel formulation| Oral formulation| Small molecule| Synthetic small molecule| Tablet formulation,Phase 2 Clinical| Preclinical| Suspended,"Alzheimers disease| Anxiety disorders| Anxiety, unspecified| Depression| Generalised anxiety| Inflammatory disease| Neurodegenerative disease| Neurological disease| Pain| Pain, nociceptive, general| Psychiatric disorder",Inflammatory| Musculoskeletal| Neurology/Psychiatric,5-HT 1a receptor agonist| 5-HT 2a receptor agonist| Unidentified pharmacological activity| Unknown,5-HT 1a receptor| 5-HT 2a receptor,Canada| Uruguay,EVALUATE| CORTELLIS| PHARMAPROJECTS,2026-05-08T16:03:09.314Z,2026-05-08T16:03:09.314Z
6de7ac42-d4fd-43ac-9c6b-fd068d49ec54,FP-802,12b72eda-3b09-4835-9332-d26b1679f514,FP802,Suspended,,,Fundamental Pharma GmbH,Oral formulation| Small molecule| Synthetic small molecule,Preclinical| Suspended,Amyotrophic lateral sclerosis,Neurology/Psychiatric| Rare Diseases,N-methyl-D-aspartate (NMDA) receptor antagonist| NMDA receptor agonist| TRP cation channel M4 modulator| Transient receptor potential melastatin-4 (TRPM-4) antagonist,NMDA receptor| TRP cation channel M4,Germany,EVALUATE| CORTELLIS| PHARMAPROJECTS,2026-05-08T16:03:09.415Z,2026-05-08T16:03:09.415Z
d00ac225-f285-4c0f-a377-8ad0b0251c8a,"TMEM175 program, Lysoway",21add2ec-f49d-426a-b46b-30e88c74024b,,Preclinical,,,Lysoway Therapeutics Inc,Small molecule,Preclinical,Parkinson's disease,Neurology/Psychiatric,,,US,PHARMAPROJECTS,2026-05-08T16:03:11.713Z,2026-05-08T16:03:11.713Z
af203c1b-938c-4647-bccd-eeccd4af191a,"small molecule protein degraders (oral, neurodegenerative diseases), C4 Therapeutics/Biogen",688ac929-42eb-4932-b047-bb7b1fb097db,,Preclinical,,,The C4,Degrader| Oral formulation| Small molecule,Preclinical,Alzheimers disease| Neurodegenerative disease| Parkinsons disease,Neurology/Psychiatric,,,US,CORTELLIS,2026-05-08T16:03:11.835Z,2026-05-08T16:03:11.835Z
0227e50b-94a5-46a2-9376-cd7f1c71ea9d,"psilocybin (parkinson's disease/chronic pain/bipolar disorder), Silo Pharma",44c9b4f5-ad70-4b7a-9fab-e9bdbbe4ded3,,Phase 1 Clinical,,,Silo Pharma Inc,Small molecule| Systemic formulation unspecified,Phase 1 Clinical,Bipolar disorder| Pain| Parkinsons disease,Neurology/Psychiatric,,,US,CORTELLIS,2026-05-08T16:03:11.894Z,2026-05-08T16:03:11.894Z
fe7cf1e8-afba-44fc-a36e-0a482ec09fd6,ZD-526,7af6b617-ca57-43bd-acac-452a1f5242b9,,Preclinical,,,Hangzhou Zhihe Dangu Biopharmaceutical Co Ltd,Nasal formulation| Small molecule,Preclinical,Alzheimers disease| Senile dementia,Neurology/Psychiatric,,,China,CORTELLIS,2026-05-08T16:03:12.215Z,2026-05-08T16:03:12.215Z
0bbbfd30-c390-479f-9598-47025eac00d5,censavudine,20e9e3d1-0cee-4dd3-9830-4b3af564d597,OBP-601,Suspended,,,Oncolys USA Inc| Transposon Therapeutics Inc| Yale University,Oral formulation| Small molecule,Phase 2 Clinical| Preclinical| Suspended,"Aicardi Goutieres syndrome| Alzheimers disease| Amnesia| Amyotrophic lateral sclerosis| Aphasia| Frontotemporal dementia| HIV treatment| Infection, HIV/AIDS| Neurological disease| Other immune indications| Progressive supranuclear palsy",Infection| Neurology/Psychiatric| Other/Miscellaneous| Rare Diseases,HIV-1 nucleoside reverse transcriptase inhibitor| HIV-1 nucleoside reverse transcriptase inhibitor (NRTI)| Neurofilament light polypeptide inhibitor| Nucleoside reverse transcriptase inhibitor| Nucleotide reverse transcriptase inhibitor,HIV-1 reverse transcriptase| Neurofilament light polypeptide| Reverse transcriptase,Japan| US,EVALUATE| CORTELLIS| PHARMAPROJECTS,2026-05-08T16:03:08.993Z,2026-05-08T16:03:08.993Z
f8418cc6-82c7-4f7c-94c5-d494adb9cdd7,ORY-4001,756ef295-eec5-41a1-af63-e9a3668291a5,,Preclinical,,,Oryzon Genomics SA,Small molecule| Synthetic small molecule| Systemic formulation unspecified,Preclinical,Amyotrophic lateral sclerosis| Autoimmune disease| Cancer| Central nervous system disease| Charcot Marie Tooth disease| Charcot–Marie–Tooth disease| Inflammatory disease| Neurological disease| Psychiatric disorder,Cancer| Immune| Inflammatory| Neurology/Psychiatric| Rare Diseases,Histone deacetylase 6 (HDAC6) inhibitor| Histone deacetylase 6 inhibitor| Histone deacetylase-6 inhibitor,Histone deacetylase-6,Spain,EVALUATE| CORTELLIS| PHARMAPROJECTS,2026-05-08T16:03:09.255Z,2026-05-08T16:03:09.255Z
8a6386f6-e756-4188-8821-bb6426262cf6,LSP-GR1,f501b028-2ec9-49b6-93b9-20493f9528d5,,Suspended,,,Drexel University| LifeSplice Pharma LLC,"Antisense therapy| DNA & RNA therapeutics| Nucleic acid, vector type| Oligonucleotide antisense| Small molecule| Systemic formulation unspecified",Preclinical| Suspended,Amyotrophic lateral sclerosis| Epilepsy,Neurology/Psychiatric| Rare Diseases,AMPA receptor agonist| GRIA1 gene modulator| GluA1-flip expression inhibitor,GRIA1 gene,US,EVALUATE| CORTELLIS| PHARMAPROJECTS,2026-05-08T16:03:12.055Z,2026-05-08T16:03:12.055Z
8ecbef82-18d4-4fcf-88bf-6d770b2c0819,C-ALS-01,e38c8455-0a3d-4c38-b4e9-ee4642dd431a,,Preclinical,,,Kinarus AG,Small molecule| Systemic formulation unspecified,Preclinical,Amyotrophic lateral sclerosis,Neurology/Psychiatric,Unclassified,,Switzerland,EVALUATE| CORTELLIS,2026-05-08T16:03:12.276Z,2026-05-08T16:03:12.276Z
5a599d7e-7b3c-4f92-9e6c-d41cf34acb27,KEM-2309,9711dcd1-4843-44e1-b54f-15afbac61797,,Preclinical,,,Changsha Famayi Pharmaceutical Technology Co Ltd,Oral sustained release formulation| Small molecule| Tablet formulation,Preclinical,Parkinsons disease,Neurology/Psychiatric,,,China,CORTELLIS,2026-05-08T16:03:12.316Z,2026-05-08T16:03:12.316Z
d1078247-2514-4b13-bf55-67d88025d2d2,AS-101,18a7583c-ecc6-45c9-b1c9-b57c8f3d3c7e,,Suspended,,,Bar Ilan University| Biomas Inc,Dermatological formulation| Immuno-oncology| Intravenous formulation| Small molecule| Synthetic small molecule,Phase 2 Clinical| Suspended,"Acute myelogenous leukemia| Alopecia| Amyotrophic lateral sclerosis| Atopic dermatitis| Condyloma| Infection, HIV/AIDS| Myelodysplastic syndrome| Ocular inflammation| Papillomavirus infection| Psoriasis| Radio/chemotherapy-induced alopecia| Radio/chemotherapy-induced injury, bone marrow, unspecified| Verruca vulgaris| Wet age related macular degeneration",Cancer| Cardiovascular| Dermatologic| Hematologic| Infection| Neurology/Psychiatric| Ocular| Rare Diseases| Sensory Organs,Alpha4beta7 integrin antagonist| Beta2 integrin antagonist| Interleukin 17 ligand inhibitor| Interleukin 18 ligand,,Israel,CORTELLIS| PHARMAPROJECTS,2026-05-08T16:03:12.374Z,2026-05-08T16:03:12.374Z
499f80ae-341c-4924-ad35-6a3184cb70cc,LHP-588,9a3a31cc-24bb-42e1-ba12-b1317fb9b2b9,COR388| COR588| atuzaginstat,Suspended,,,Lighthouse| Novosteo LLC,Capsule formulation| Once daily formulation| Oral formulation| Small molecule| Synthetic small molecule,Phase 1 Clinical| Phase 2 Clinical| Phase 3 Clinical| Preclinical| Suspended,"Alzheimers disease| Cancer, squamous cell| Dementia| Dysplasia, oral| Neurological disease| Parkinson's disease| Periodontitis| Solid tumour indications",Alimentary/Metabolic| Cancer| Inflammatory| Neurology/Psychiatric| Other/Miscellaneous,Lys gingipain inhibitor| Lysine gingipain inhibitor,Lys gingipain,US,EVALUATE| CORTELLIS| PHARMAPROJECTS,2026-05-08T16:03:08.317Z,2026-05-08T16:03:08.317Z
4744d3bb-d584-464c-b1c0-7ec3d43fbb41,NBM-BMX,9ca604bd-1fdb-4cf8-90d7-a70d4b75aaef,,Suspended,,,City of Hope| Novelwise Pharmaceutical Corp,Capsule formulation| Oral gel formulation| Small molecule| Synthetic small molecule,Phase 2 Clinical| Preclinical| Suspended,"Advanced solid tumor| Alzheimers disease| Brain tumor| Cancer, ocular| Cancer, solid, unspecified| Glioblastoma| Head injury| Pancreatic cancer| Solid tumour indications| Uveal melanoma",Cancer| Neurology/Psychiatric| Rare Diseases,Histone deacetylase (HDAC) inhibitor| Histone deacetylase 8 (HDAC8) inhibitor| Histone deacetylase inhibitor| Histone deacetylase-8 inhibitor,Histone deacetylase-8,Taiwan,EVALUATE| CORTELLIS| PHARMAPROJECTS,2026-05-08T16:03:08.556Z,2026-05-08T16:03:08.556Z
88bc2c3c-59b0-41ab-ba0d-cc6ce54a3c01,"ApoE gene-silencing divalent siRNAs (Parkinsons disease/Alzheimers disease/amyotrophic lateral sclerosis), Atalanta Therapeutics/Genentech",a37a04c4-82b4-4ad3-9bb7-3a1eb3ed3bd8,,Preclinical,,,Atalanta Therapeutics Inc,Oligonucleotide| Small molecule| Systemic formulation unspecified| small interfering RNA (siRNA),Preclinical,Alzheimers disease| Amyotrophic lateral sclerosis| Neurodegenerative disease| Parkinsons disease,Neurology/Psychiatric,APOE gene inhibitor,APOE gene,US,CORTELLIS,2026-05-08T16:03:12.095Z,2026-05-08T16:03:12.095Z
45c3bfc0-6186-46c2-bf46-cc4f8e7136dd,"clenbuterol (Pompe disease), Duke University",34a53eb2-831b-4f6c-a2a8-26ce275dfec3,,Phase 2 Clinical,,,Avenue Health| Duke Ltd,Oral formulation| Small molecule,Phase 1 Clinical| Phase 2 Clinical,Amyotrophic lateral sclerosis| Pompes disease,Endocrine/Metabolic| Gastrointestinal| Neurology/Psychiatric,Beta 2 adrenoceptor agonist,Beta 2 adrenoceptor,US,EVALUATE| CORTELLIS| PHARMAPROJECTS,2026-05-08T16:03:12.275Z,2026-05-08T16:03:12.275Z
0aa762c7-4f4d-4a38-b9a5-9decfa50bc49,KLA-480,c5ba4dc8-6a8e-4f70-b08d-5b9aa7420898,KLA480,Phase 1 Clinical,,,Klus Pharma Inc| Sichuan Kelun-Biotech Biopharmaceutical Co Ltd,Other parenteral| Small molecule| Subcutaneous formulation| Synthetic small molecule,Phase 1 Clinical,Parkinson's disease| Parkinsons disease,Neurology/Psychiatric,Unidentified pharmacological activity| Unknown,,China,EVALUATE| CORTELLIS| PHARMAPROJECTS,2026-05-08T16:03:08.935Z,2026-05-08T16:03:08.935Z
e4a53578-2a8d-4d05-9e1f-9ae3ab66c2bb,IRL-942,dd306d3d-9c14-4003-b676-f3529aec12ee,,Suspended,,,IRLAB Therapeutics AB,Once daily formulation| Oral formulation| Small molecule| Synthetic small molecule| Tablet formulation,Preclinical| Suspended,Aging| Attention deficit disorder/hyperactivity (ADD/ADHD)| Attention deficit hyperactivity disorder| Cognitive disorder| Neurodegenerative disease| Neurological disease| Other neurological indications| Parkinson's disease,Neurology/Psychiatric| Other/Miscellaneous,Unclassified| Unidentified pharmacological activity,,Sweden,EVALUATE| CORTELLIS| PHARMAPROJECTS,2026-05-08T16:03:09.794Z,2026-05-08T16:03:09.794Z
683c42a3-0ea9-4775-9201-9b3ab41f1ec2,WII-2201,97cf9f84-ea66-415a-9045-b70f7a3ab123,,Suspended,,,Whan In Pharm,Synthetic small molecule,Preclinical| Suspended,Alzheimers disease| Rheumatoid arthritis,Immune| Neurology/Psychiatric,Immunosuppressant,,South Korea,PHARMAPROJECTS,2026-05-08T16:03:09.795Z,2026-05-08T16:03:09.795Z
b10b3612-f428-4acc-a17f-5b96416ce72c,nirogacestat hydrobromide,166f6dac-1c48-4dee-ba80-4ff1155a14c2,nirogacestat,Suspended,,,Merck KGaA| Pfizer Inc| SpringWorks Therapeutics Inc,Film coating| Quick release formulation| Small molecule| Synthetic small molecule| Tablet formulation,Launched| Phase 2 Clinical| Phase 3 Clinical| Suspended,"Aggressive fibromatosis| Alzheimers disease| Breast tumor| Cancer, myeloma| Cancer, renal| Cancer, solid, unspecified| Colorectal tumor| Fibromyalgia| Granulosa cell tumor| Leukaemia, T-cell| Leukaemia, acute lymphocytic (ALL)| Liver tumor| Multiple myeloma| Ovarian cancer| Ovary tumor| Pancreatic cancer| Sarcoma| T-cell lymphoma| Thyroid cancer",Cancer| Neurology/Psychiatric| Rare Diseases,Gamma secretase inhibitor| Gamma-secretase inhibitor,Gamma-secretase,Germany| US,EVALUATE| CORTELLIS| PHARMAPROJECTS,2026-05-08T16:03:11.716Z,2026-05-08T16:03:11.716Z
ed35a5eb-0d5f-488a-bd8d-cafc737e0e00,ENT-01,5dad4fc6-6207-400d-b07e-a3a4361a190e,,Suspended,,,Enterin Inc,Biological| Drug coating| Oral formulation| Small molecule| Steroid| Tablet formulation,Phase 2 Clinical| Suspended,"Autism| Constipation| Dementia, Parkinson's disease| Multiple system atrophy| Neurological disease| Parkinson's disease| Parkinsons disease dementia| Psychosis, Parkinson's disease| Schizophrenia",Alimentary/Metabolic| Gastrointestinal| Neurology/Psychiatric| Rare Diseases,Synuclein inhibitor,Synuclein,US,CORTELLIS| PHARMAPROJECTS,2026-05-08T16:03:11.935Z,2026-05-08T16:03:11.935Z
72a711d6-4cbc-45f9-b30c-ec04e8b63dd5,CB201,b7523f11-e11c-4bd4-8bba-4ca1934559cc,,Suspended,,,CANTABio Pharmaceuticals Inc,Protein,Suspended,"Alzheimers disease| Diabetes, undisclosed Type| Parkinson's disease",Alimentary/Metabolic| Neurology/Psychiatric,Unidentified pharmacological activity,,US,EVALUATE| PHARMAPROJECTS,2026-05-08T16:03:12.377Z,2026-05-08T16:03:12.377Z
11b15709-d416-4d9a-985f-c9a8f6a117db,BnH-015B,1b78f774-4a14-4228-be7f-1afa7786e479,BNH-101,Phase 1 Clinical,,,BNH Hospital,Oral formulation| Small molecule| Synthetic small molecule,Phase 1 Clinical,Alzheimers disease,Neurology/Psychiatric,N-methyl-D-aspartate (NMDA) receptor 2B regulator| NMDA receptor epsilon 2 subunit modulator| Unidentified pharmacological activity,NMDA receptor epsilon 2 subunit,South Korea,EVALUATE| CORTELLIS| PHARMAPROJECTS,2026-05-08T16:03:08.773Z,2026-05-08T16:03:08.773Z
508d9862-5e67-4a85-82f2-07cce541d927,HBW-3-20,f97c88ec-9887-41bf-960c-2b7de71d9a41,,Suspended,,,Hyperway Pharmaceutical Co Ltd,Small molecule| Synthetic small molecule| Systemic formulation unspecified,Preclinical| Suspended,Cancer| Multiple sclerosis (MS) unspecified| Non-Hodgkin lymphoma,Cancer| Immune,BTK gene stimulator| Bruton tyrosine kinase inhibitor| Bruton’s tyrosine kinase (BTK) inhibitor| E3 ubiquitin ligase regulator| Protein degrader,Btk tyrosine kinase,China,EVALUATE| CORTELLIS| PHARMAPROJECTS,2026-05-08T16:03:09.376Z,2026-05-08T16:03:09.376Z
af3253af-b78f-494c-ab07-8c488b77ba19,PRI-200,5e21b118-fd77-4e66-a32e-27c7e8e57cef,,Preclinical,,,Priavoid GmbH,Small molecule| Synthetic peptide,Preclinical,Alzheimers disease| Neurological disease,Neurology/Psychiatric,Prion protein (PrP) inhibitor| Prion protein inhibitor| Tau aggregation inhibitor,,Germany,EVALUATE| PHARMAPROJECTS,2026-05-08T16:03:09.536Z,2026-05-08T16:03:09.536Z
53c14f7f-3ad5-45be-97d5-dbe165a29176,YHC-1144,7c7e1ae6-0513-44c7-9f46-0ad56dcc7f71,,Suspended,,,Yuhan Corp,Biological| Small molecule| Synthetic small molecule| Systemic formulation unspecified,Discovery| Preclinical| Suspended,Alzheimers disease| Neurodegenerative disease| Neurological disease| Other neurological indications,Neurology/Psychiatric,Unidentified pharmacological activity| Unknown,,South Korea,EVALUATE| CORTELLIS| PHARMAPROJECTS,2026-05-08T16:03:09.633Z,2026-05-08T16:03:09.633Z
dd15b1c1-5336-4241-a94d-756a76e8b12a,TRIMTAC,96ea7286-a3a0-4259-9887-f96bb8e89886,,Preclinical,,,TRIMTECH Therapeutics Ltd,Small molecule,Discovery| Preclinical,Alzheimers disease| Huntington's disease,Neurology/Psychiatric| Rare Diseases,E3 ubiquitin ligase regulator| Protein degrader,,UK,EVALUATE| PHARMAPROJECTS,2026-05-08T16:03:09.755Z,2026-05-08T16:03:09.755Z
c053f31d-2a2a-4e3f-bcce-b167aea992d6,"GAL-201 prodrug (Alzheimer's disease/glaucoma/dry age-related macular degeneration), Galimedix Therapeutics",4ad0fd52-e003-443d-8d85-9fd22a7e0516,,Preclinical,,,Galimedix Therapeutics Inc,Oral formulation| Prodrug| Small molecule,Preclinical,Alzheimers disease| Dry age related macular degeneration| Glaucoma,Neurology/Psychiatric| Ocular,Amyloid protein deposition inhibitor,Beta amyloid,US,CORTELLIS,2026-05-08T16:03:12.155Z,2026-05-08T16:03:12.155Z
0645f5b5-6530-4315-852e-f982d0c08700,"rasagiline + pramipexole (oral sustained-release, Parkinson's disease), Pharma Two B",b27d707a-f43c-476f-bc48-19cead3e3b18,P2B001| pramipexole + rasagiline mesylate,Phase 3 Clinical,,,Two Inc,Capsule formulation| Drug combination| Fixed-dose combination| Oral sustained release formulation| Other modified-release| Small molecule| Synthetic small molecule,Phase 3 Clinical,Parkinson's disease| Parkinsons disease,Neurology/Psychiatric,Dopamine D3 receptor agonist| Dopamine receptor agonist| Dopamine receptor potentiator| MAO B inhibitor| Monoamine oxidase B (MAOB) inhibitor| Monoamine oxidase B inhibitor,Dopamine D3 receptor| MAO B,Israel,EVALUATE| CORTELLIS| PHARMAPROJECTS,2026-05-08T16:03:08.555Z,2026-05-08T16:03:08.555Z
09347a95-d097-4dd2-8947-31a7a025b4d5,"repurposed trametinib (oral/tablet, amyotrophic lateral sclerosis/Alzheimer's disease/Lou-Gehrig's disease), Genuv",4583f36b-342b-47a3-ac60-e4b8907a26cd,SNR1611,Suspended,,,Genuv Inc,Oral formulation| Small molecule| Synthetic small molecule| Tablet formulation,Phase 2 Clinical| Preclinical| Suspended,Alzheimers disease| Amyotrophic lateral sclerosis,Neurology/Psychiatric| Rare Diseases,MEK-1 protein kinase inhibitor| MEK-2 protein kinase inhibitor| Mitogen-activated protein kinase (MAPK) inhibitor| Mitogen-activated protein kinase 1 (MAPK1) inhibitor| Mitogen-activated protein kinase 1 inhibitor| Mitogen-activated protein kinase 2 (MAPK2) inhibitor| Mitogen-activated protein kinase inhibitor| Mitogen-activated protein kinase kinase 2 inhibitor,MEK-1 protein kinase| MEK-2 protein kinase,South Korea,EVALUATE| CORTELLIS| PHARMAPROJECTS,2026-05-08T16:03:09.375Z,2026-05-08T16:03:09.375Z
c4727fb4-ed1e-4c47-bb45-a1cef972eaff,ADP064-ABC,c6696225-2a4a-4386-9389-3208897af3e1,,Preclinical,,,Alector LLC,DNA & RNA therapeutics| Oligonucleotide| RNA interference| Small molecule| Subcutaneous formulation| small interfering RNA (siRNA),Discovery| Preclinical,Alzheimers disease| Frontotemporal dementia,Neurology/Psychiatric| Rare Diseases,Gene expression inhibitor| Tau aggregation inhibitor| Tau kinase inhibitor,Tau protein,US,EVALUATE| CORTELLIS| PHARMAPROJECTS,2026-05-08T16:03:12.317Z,2026-05-08T16:03:12.317Z
6c854011-f8e9-40db-96eb-9327a5bd390a,CLE-600,798e9180-ff27-40ad-abb2-51a6d13fb3a8,,Suspended,,,Clexio Biosciences Ltd,>24hr release| Small molecule| Synthetic small molecule,Phase 1 Clinical| Suspended,Parkinson's disease,Neurology/Psychiatric,Dopamine receptor agonist| Dopamine receptor potentiator,,Israel,EVALUATE| PHARMAPROJECTS,2026-05-08T16:03:08.994Z,2026-05-08T16:03:08.994Z
e885f957-4e09-4ea6-92fc-2cbedf9a07e3,HT-4403,7464723e-4160-4a69-b35f-2ab0594360bc,,Suspended,,,Halia Therapeutics Inc,Small molecule| Synthetic small molecule,Preclinical| Suspended,Alzheimers disease| Parkinson's disease,Neurology/Psychiatric,Leucine-rich repeat kinase 2 inhibitor| Leucine-rich repeat serine/threonine-protein kinase 2 inhibitor,,US,EVALUATE| PHARMAPROJECTS,2026-05-08T16:03:09.215Z,2026-05-08T16:03:09.215Z
19b8136f-eb06-43ef-b4b9-5e680b028936,Cu(II)(ATSM),d660694a-7246-4605-8a1b-1658f9b5c9b4,,Phase 2 Clinical,,,Melbourne Clinic,Formulation powder| Oral formulation| Oral suspension formulation| Small molecule,Phase 2 Clinical,Amyotrophic lateral sclerosis| Neurodegenerative disease| Parkinsons disease,Neurology/Psychiatric,,,Australia,CORTELLIS,2026-05-08T16:03:12.275Z,2026-05-08T16:03:12.275Z
b4da991c-1273-4c9f-ad69-023e326e7457,ANG-0623,11b0bfdd-5197-403a-be3d-5acad0c5482e,,Suspended,,,Angel Srl,Capsule formulation| Small molecule| Synthetic small molecule,Preclinical| Suspended,Autoimmune disease| B-cell lymphoma| Central nervous system disease| Multiple sclerosis,Cancer| Immune| Neurology/Psychiatric| Rare Diseases,BTK gene stimulator| Bruton tyrosine kinase inhibitor,Btk tyrosine kinase,China,CORTELLIS| PHARMAPROJECTS,2026-05-08T16:03:12.315Z,2026-05-08T16:03:12.315Z
9f3d7642-23ab-4073-aeca-9683e77e365e,VTX3232,a0b1b1e5-7c49-3349-806b-ff7d7efa5c40,,Phase 2 Clinical,,,Eli Lilly SA,Small molecule,Phase 2 Clinical| Preclinical,Alzheimers disease| Amyotrophic lateral sclerosis| General cardiovascular indications| Multiple sclerosis (MS) unspecified| Obesity| Parkinson's disease,Immune,NLR family pyrin domain containing 3 (NLRP3) inflammasome inhibitor,,US,EVALUATE,2026-05-08T16:03:08.434Z,2026-05-08T16:03:08.434Z
a6bfd1c8-674d-4831-a681-55876bf4f981,META-001-PH,d313c110-dd2d-4e66-a76f-43572b8ae857,META-01,Suspended,,,Meta AI,Oral formulation| Small molecule| Synthetic small molecule| Systemic formulation unspecified,Preclinical| Suspended,Arthritis| Asthma| Autoimmune disease| End stage renal disease| Hyperoxaluria| Idiopathic pulmonary fibrosis| Inflammatory bowel disease| Liver fibrosis| Multiple sclerosis| Multiple sclerosis (MS) unspecified| Other metabolic indications| Psoriasis| Systemic lupus erythematosus| Urinary calculi/Kidney stones,Alimentary/Metabolic| Dermatologic| Endocrine/Metabolic| Genitourinary/Sexual Function| Immune| Musculoskeletal| Neurology/Psychiatric| Rare Diseases| Respiratory,Protease inhibitor| Unidentified pharmacological activity| Unknown,Protease,China,EVALUATE| CORTELLIS| PHARMAPROJECTS,2026-05-08T16:03:08.994Z,2026-05-08T16:03:08.994Z
c1a4e45f-da94-46d5-bf11-cf758b974026,CORT-108297,a838db09-0665-44e1-8297-a1e5080c3196,CORT 108297,Suspended,,,Corcept Therapeutics Inc,Capsule formulation| Oral formulation| Small molecule| Synthetic small molecule| Tablet formulation,Phase 2 Clinical| Suspended,"Alcoholic steatohepatitis| Alcoholism| Alimentary/metabolic disease, unspecified| Alzheimers disease| Amyotrophic lateral sclerosis| Cognitive disorder| Metabolic disorder| Metabolic dysfunction-associated steatohepatitis| Metabolic dysfunction-associated steatotic liver disease| Neurological disease| Non-alcoholic steatohepatitis| Obesity| Post traumatic stress disorder| Weight gain| Weight gain, antipsychotic-induced",Alimentary/Metabolic| Cancer| Endocrine/Metabolic| Gastrointestinal| Neurology/Psychiatric| Other/Miscellaneous| Toxicity/Intoxication,Glucocorticoid receptor (GCR) II antagonist| Glucocorticoid receptor agonist| Mineralocorticoid receptor agonist,Glucocorticoid receptor,US,EVALUATE| CORTELLIS| PHARMAPROJECTS,2026-05-08T16:03:09.257Z,2026-05-08T16:03:09.257Z
9ae06299-e2ae-43f4-958a-b60f902b6fd6,MSDC-0160,c247ba88-4ab8-4d9c-9676-824f36eadba8,,Suspended,,,Metabolic Therapy Inc,Oral formulation| Small molecule| Synthetic small molecule,Phase 2 Clinical| Preclinical| Suspended,"Alzheimers disease| Dyskinesia, levodopa-induced| Non-insulin dependent diabetes| Other neurological indications| Parkinson's disease| Polycystic kidney disease",Alimentary/Metabolic| Endocrine/Metabolic| Genitourinary/Sexual Function| Neurology/Psychiatric,Insulin sensitizer| Mitochondrial target of thiazolidinediones (mTOT) regulator| Thiazolidinedione,Insulin ligand,US,EVALUATE| CORTELLIS| PHARMAPROJECTS,2026-05-08T16:03:09.533Z,2026-05-08T16:03:09.533Z
c5ad9dfe-4c93-4bc0-a036-fa8c93993e10,"tau-targeted PROTAC protein degrader program (Alzheimers disease), Arvinas",46f78186-4b9b-4e4f-9aa4-7726da500897,,Preclinical,,,Arvinas Inc,Proteolysis targeting chimera agent| Small molecule| Systemic formulation unspecified,Preclinical,Alzheimers disease,Neurology/Psychiatric,Tau kinase inhibitor| Ubiquitin ligase inhibitor,Tau protein| Ubiquitin ligase,US,CORTELLIS,2026-05-08T16:03:11.834Z,2026-05-08T16:03:11.834Z
d1136ff9-64b7-4810-9217-b9c057e43bad,RO-7268489,9f5e55df-7a8e-4b83-987e-fe9c7eb0e460,,Phase 2 Clinical,,,F Hoffmann-La Roche Ltd,Oral formulation| Small molecule,Phase 2 Clinical,Multiple sclerosis,Immune,Monoglyceride lipase inhibitor,Monoglyceride lipase,Switzerland,CORTELLIS,2026-05-08T16:03:11.936Z,2026-05-08T16:03:11.936Z
8516ac2c-da39-490d-9f04-f017c0fba6c5,OB-002H,d708c618-c33e-4077-a82e-df20142eeb53,OB-002,Suspended,,,Neothetics Inc| Orion srl,Biological| Dermatological formulation| Dermatological gel formulation| Immuno-oncology| Intraperitoneal formulation| Peptide| Small molecule| Synthetic small molecule| Systemic formulation unspecified,Phase 1 Clinical| Preclinical| Suspended,"Bladder tumor| Bone metastases| Breast tumor| COVID-19 complications| COVID-19 treatment| Cancer| Cancer, gastrointestinal, stomach| Cancer, solid, unspecified| Colorectal tumor| Encephalitis| Gastrointestinal tumor| General bacterial indications| General cancer indications| HIV infection| HIV treatment| Ischaemia, cerebral| Metastatic breast cancer| Metastatic colorectal cancer| Metastatic pancreas cancer| Metastatic stomach cancer| Multiple sclerosis| Multiple sclerosis (MS) unspecified| Neuritis| Other neurological indications| Pancreatic cancer| Respiratory distress syndrome| Solid tumour indications| Transitional cell carcinoma",Cancer| Cardiovascular| Immune| Infection| Neurology/Psychiatric| Other/Miscellaneous| Rare Diseases| Respiratory,C-C chemokine receptor type 5 (CCR5) antagonist| CC chemokine receptor 8 antagonist| CCR5 chemokine antagonist,CCR5 chemokine,Canada| US,EVALUATE| CORTELLIS| PHARMAPROJECTS,2026-05-08T16:03:08.260Z,2026-05-08T16:03:08.260Z
114e82da-3c6a-4ad0-a868-25db0499c126,XJN-010,728f456c-005f-4470-bc79-db1882ff9a37,XJN010,Phase 2 Clinical,,,Guangzhou Novaken Pharmaceutical Co Ltd,Formulation aerosol| Nasal transmucosal| Small molecule| Synthetic small molecule,Phase 2 Clinical,Parkinson's disease| Parkinsons disease,Neurology/Psychiatric,Unidentified pharmacological activity| Unknown,,China,EVALUATE| CORTELLIS| PHARMAPROJECTS,2026-05-08T16:03:09.155Z,2026-05-08T16:03:09.155Z
1e0baf07-997c-4e60-be11-d2da35a2df7f,"NT-301, Nano Pharmasolutions",4f6a6840-ac87-48aa-8f33-fd8cd9260387,"NT-301| NT-301, Nano PharmaSolutions",Phase 1 Clinical,,,Pharmasolutions AS,Inhalable solution| Reformulation| Small molecule| Systemic formulation unspecified,Phase 1 Clinical,Parkinson's disease| Parkinsons disease,Neurology/Psychiatric,Dopamine receptor agonist| Dopamine receptor potentiator,,US,EVALUATE| CORTELLIS| PHARMAPROJECTS,2026-05-08T16:03:09.254Z,2026-05-08T16:03:09.254Z
704adfdb-3a16-43c2-bf05-ff6ceaee71b7,PX-578,cac1a132-7223-4624-83d2-10ce6cfe5cad,PX578,Phase 1 Clinical,,,Pretzel Therapeutics Inc,Capsule formulation| Small molecule| Synthetic small molecule,Phase 1 Clinical,Alzheimers disease| Mitochondrial disease| Neurodegenerative disease| Parkinson's disease| Parkinsons disease,Alimentary/Metabolic| Endocrine/Metabolic| Neurology/Psychiatric| Unknown,DNA polymerase gamma 1 stimulator| Peroxisome proliferator-activated receptor delta (PPAR-delta) regulator| Unidentified pharmacological activity,DNA polymerase gamma 1,US,EVALUATE| CORTELLIS| PHARMAPROJECTS,2026-05-08T16:03:09.256Z,2026-05-08T16:03:09.256Z
e536ef9f-22a6-405f-86d2-2b342601877d,emraclidine,959a5a33-76ac-4db4-9f15-c109110d5c7a,Emraclidine,Phase 2 Clinical,,,AbbVie BV| Cerevel Therapeutics LLC| Pfizer Inc,Oral formulation| Quick release formulation| Small molecule| Synthetic small molecule| Tablet formulation,Phase 1 Clinical| Phase 2 Clinical| Preclinical,"Alzheimers disease| General liver disorders| Lewy body dementia| Other nephrological disorders| Parkinson's disease| Psychosis, Alzheimer's disease| Psychotic disorder| Schizophrenia",Neurology/Psychiatric,Muscarinic M4 receptor agonist| Muscarinic acetylcholine receptor (M4) agonist| Muscarinic acetylcholine receptor (M4) positive allosteric regulator,Muscarinic M4 receptor,US,EVALUATE| CORTELLIS| PHARMAPROJECTS,2026-05-08T16:03:08.435Z,2026-05-08T16:03:08.435Z
c344911c-985d-4f9b-b8dd-b3fabff76dfd,ALO-001,677e289c-1e64-4021-b696-f4219955a9b5,,Preclinical,,,Alleo Labs,Oral formulation| Small molecule,Preclinical,Alzheimers disease| Parkinson's disease| Parkinsons disease,Neurology/Psychiatric,Deubiquitinase (DUB) inhibitor| Deubiquitinase inhibitor| Unspecified enzyme modulator,Unspecified enzyme,US,EVALUATE| CORTELLIS| PHARMAPROJECTS,2026-05-08T16:03:08.716Z,2026-05-08T16:03:08.716Z
52ca561f-9480-4c18-b1c3-112e94328a1a,Alpha-synuclein degrader,4082fb8d-b8e7-4819-aa52-35136dedf760,Alpha-Synuclein Research Program,Preclinical,,,Arvinas Inc| Innovative California Biosciences International,Small molecule,Preclinical,Lewy body dementia| Pain| Parkinson's disease,Neurology/Psychiatric,Alpha-synuclein (SNCA) degrader| Alpha-synuclein accumulation regulator| E3 ubiquitin ligase regulator| Protein degrader| Synuclein accumulation inhibitor,,US,EVALUATE,2026-05-08T16:03:08.834Z,2026-05-08T16:03:08.834Z
1275f213-ffdf-4859-8f10-5eaa2db6e979,ALS Research Program (IMMUBCHECK),7993d810-2271-4160-a728-d3d9c1fe6bc0,,Preclinical,,,ImmunoBrain,Small molecule,Preclinical,Amyotrophic lateral sclerosis,Neurology/Psychiatric,Unclassified,,Israel,EVALUATE,2026-05-08T16:03:08.837Z,2026-05-08T16:03:08.837Z
7315f859-e657-4b9e-bb62-c8fcd7e39a3f,KFRX-06,c0937255-2db0-4987-9aca-b15ae70aa5f9,KFR-X06| KFRX06,Preclinical,,,Amneal Ireland Limited| Georgetown University| KeifeRx LLC,Small molecule| Systemic formulation unspecified,Preclinical,Frontotemporal dementia| Parkinson's disease| Parkinsons disease,Immune| Neurology/Psychiatric| Rare Diseases,ABL gene inhibitor| C-kit inhibitor| Leucine rich serine threonine kinase 2 inhibitor| Proto-oncogene c-Kit (CD117) inhibitor| Tyrosine kinase (TYK) inhibitor| Tyrosine kinase receptor inhibitor,Leucine rich serine threonine kinase 2| Tyrosine kinase receptor,US,EVALUATE| CORTELLIS| PHARMAPROJECTS,2026-05-08T16:03:08.936Z,2026-05-08T16:03:08.936Z
cfe1cb0b-a882-4643-a622-0c1bd96783a5,PP-002,fd71f4ec-9f13-4e6f-9163-676e006526b6,,Suspended,,,Primary Peptides| Qingdao Primedicine Pharmaceutical Co Ltd,Biological| Parenteral formulation unspecified| Peptide| Small molecule| Synthetic peptide,Preclinical| Suspended,"Alzheimers disease| General cardiovascular indications| Ischaemia, cerebral| Myocardial infarction| Spinal cord injury| Traumatic brain injury",Cardiovascular| Neurology/Psychiatric| Other/Miscellaneous| Rare Diseases,JNK stimulant| Jun N kinase interacting protein inhibitor| Palmitoyltransferase ZDHHC17 inhibitor| c-Jun N-terminal kinase (JNK) stimulant,Jun N kinase interacting protein| Palmitoyltransferase ZDHHC17,Canada| China,EVALUATE| CORTELLIS| PHARMAPROJECTS,2026-05-08T16:03:09.215Z,2026-05-08T16:03:09.215Z
e8806700-492e-4ada-b2f8-7c958cfc533f,CPT-732,4f087c75-41a7-4787-843a-79fd6630566e,,Preclinical,,,Captor Therapeutics Inc,Local formulation unspecified| Molecular glue degrader| Small molecule,Preclinical,Amyotrophic lateral sclerosis| Multiple sclerosis| Nervous system inflammation| Parkinsons disease,Immune| Neurology/Psychiatric,G2M E3 ubiquitin protein ligase modulator| Nek-7 protein kinase inhibitor,G2M E3 ubiquitin protein ligase| Nek-7 protein kinase,Poland,CORTELLIS,2026-05-08T16:03:12.216Z,2026-05-08T16:03:12.216Z
258a5785-7225-4a99-8a86-172f045040ff,CCM-SRX,bffc26f9-e89b-479c-a525-12aaac76983b,,Preclinical,,,CCM Biosciences Inc,Small molecule| Systemic formulation unspecified,Preclinical,Alzheimers disease| Infertility| Parkinsons disease,Genitourinary/Sexual Function| Neurology/Psychiatric,NAD-dependent deacetylase sirtuin-3 inhibitor,NAD-dependent deacetylase sirtuin-3,US,CORTELLIS,2026-05-08T16:03:12.314Z,2026-05-08T16:03:12.314Z
58de9615-309b-4c02-b661-f2fab893d758,Dinnesmin,224e1de1-28b8-4e39-a11e-d88243d47522,,Preclinical,,,Theracell Inc,Small molecule,Preclinical,Alzheimers disease,Neurology/Psychiatric,Neurotrophic factor (NGF) stimulant| Tropomyosin receptor kinase A (TrkA) stimulator,,Greece,EVALUATE,2026-05-08T16:03:08.375Z,2026-05-08T16:03:08.375Z
65662b59-2cfb-464c-8c84-3e8c4c21d1dd,ML-1808,e7a78360-4692-49fd-8710-7b297639ed96,"ML 1808| ML1707| rifampicin, MedilaboRFP| rifampin (intranasal, motor neuron disease/alzheimers disease/Parkinsons disease/dementia with lewy bodies/frontotemporal dementia), Medilabo RFP",Suspended,,,Medilabo RFP Inc,Antibiotic| Drug combination| Fixed-dose combination| Nasal formulation| Other reformulation| Small molecule| Synthetic small molecule,Preclinical| Suspended,Alzheimers disease| Amyotrophic lateral sclerosis| Cognitive disorder| Dementia| Frontotemporal dementia| Lewy body dementia| Menopause| Motor neurone disease| Neurodegenerative disease| Parkinson's disease| Parkinsons disease| Radio/chemotherapy-induced cognitive dysfunction,Genitourinary/Sexual Function| Neurology/Psychiatric| Rare Diseases,Amyloid protein deposition inhibitor| Beta amyloid modulator| Brain derived neurotrophic factor ligand| Dopa decarboxylase modulator| Dopamine receptor agonist| Dopamine receptor potentiator| NAD-dependent deacetylase sirtuin inhibitor| NAD-dependent deacetylase sirtuin-1 modulator| Sirtuin 6 stimulant| Synaptophysin modulator| Synuclein inhibitor| Tau kinase inhibitor| Unidentified pharmacological activity| Unknown,Beta amyloid| Brain derived neurotrophic factor ligand| Synaptophysin| Synuclein| Tau protein,Japan,EVALUATE| CORTELLIS| PHARMAPROJECTS,2026-05-08T16:03:08.656Z,2026-05-08T16:03:08.656Z
3d13f30e-4a8a-48dd-b1ae-238f1c087e4e,LTX-001,bec3b571-9a64-442b-afbd-8199f7941e4c,,Phase 1 Clinical,,,Leal Health Inc,Oral formulation| Small molecule,Phase 1 Clinical,"Amyotrophic lateral sclerosis| Bipolar disorder| Depression| Depression, major depressive disorder| Major depressive disorder| Motor neurone disease| Schizophrenia",Neurology/Psychiatric| Rare Diseases,Glutaminase inhibitor,Glutaminase,US,EVALUATE| CORTELLIS| PHARMAPROJECTS,2026-05-08T16:03:08.935Z,2026-05-08T16:03:08.935Z
a055ecd6-2aff-4b58-9578-ab682b1f90bf,"multiple sclerosis research project, Daewoong Pharmaceutical",00e08e8b-7449-42c9-bb9f-6a5a7c9dbee4,,Preclinical,,,Daewoong,Small molecule,Preclinical,Multiple sclerosis,Neurology/Psychiatric,Unidentified pharmacological activity,,South Korea,PHARMAPROJECTS,2026-05-08T16:03:11.713Z,2026-05-08T16:03:11.713Z
68f33323-cc7f-479b-904f-639ce578c3b4,ZZ-2103,c0e90b7d-0c35-4f8a-88b3-f7acb9bdba3a,DGX-001,Suspended,,,Shanghai Zhongze Medical Technology| Viage Therapeutics Inc,Biological| Oral formulation| Peptide| Small molecule| Synthetic small molecule| Systemic formulation unspecified,Phase 1 Clinical| Phase 2 Clinical| Suspended,"Alzheimers disease| Cognitive disorder| Depression| Depression, major depressive disorder| Major depressive disorder| Parkinson's disease| Parkinsons disease| Schizophrenia",Neurology/Psychiatric,Unclassified| Unidentified pharmacological activity,,China| US,EVALUATE| CORTELLIS| PHARMAPROJECTS,2026-05-08T16:03:08.433Z,2026-05-08T16:03:08.433Z
0b5a09d0-b91c-436e-bb88-05bd0b5c5945,TRE-515,541f64c9-dd0a-4734-ae32-ecf0afaad9f7,DI-87,Suspended,,,Los Angeles Cancer Network| Trethera Corp| University of California,Capsule formulation| Once daily formulation| Small molecule| Synthetic small molecule,Phase 1 Clinical| Preclinical| Suspended,"Acute disseminated encephalomyelitis| Acute leukemia| Advanced solid tumor| Amyotrophic lateral sclerosis| Autoimmune encephalomyelitis| Cancer, haematological, unspecified| Cancer, leukaemia, unspecified| Cancer, solid, unspecified| Crohns disease| Hormone refractory prostate cancer| Inflammatory bowel disease| Metastatic prostate cancer| Multiple sclerosis| Multiple sclerosis (MS) unspecified| Myelodysplastic syndrome| Non-small-cell lung cancer| Optic neuritis| Other neurological indications| Prostate cancer| Prostate tumor| Solid tumor| Solid tumour indications| Systemic lupus erythematosus",Alimentary/Metabolic| Cancer| Gastrointestinal| Immune| Neurology/Psychiatric| Rare Diseases| Sensory Organs,Deoxycytidine kinase (dCK) inhibitor| Deoxycytidine kinase inhibitor,Deoxycytidine kinase,US,EVALUATE| CORTELLIS| PHARMAPROJECTS,2026-05-08T16:03:08.935Z,2026-05-08T16:03:08.935Z
9036d771-8c41-4df2-9a89-acd51694e314,Levodopa Cyclops,c0ad9c12-76df-4343-98f1-34a2d0aafeeb,"levodopa, PureIMS",Phase 3 Clinical,,,PureIMS BV,Inhalable dry powder| Inhalant formulation| Powder formulation inhalant systemic| Small molecule| Synthetic small molecule,Phase 2 Clinical| Phase 3 Clinical,Parkinson's disease| Parkinsons disease,Neurology/Psychiatric,Dopamine receptor agonist| Dopamine receptor potentiator,Dopamine receptor,Netherlands,EVALUATE| CORTELLIS| PHARMAPROJECTS,2026-05-08T16:03:08.994Z,2026-05-08T16:03:08.994Z
cb04bfc3-30b1-4497-83f8-9b3b1c26f09f,"AL-001, Alzamend Neuro",f98155e9-0ac6-4347-8297-2670a2339290,"LiProSal| lithium + proline + salicylate, Alzamend Neuro",Suspended,,,Alzamend Neuro Inc| University of South Florida,Capsule formulation| Drug combination| Oral formulation| Small molecule| Synthetic small molecule,Phase 2 Clinical| Suspended,"Agitation, Alzheimer's disease| Alzheimers disease| Bipolar I disorder| Bipolar disorder| Dementia| Depression| Depression, major depressive disorder| Major depressive disorder| Post traumatic stress disorder",Neurology/Psychiatric,Neuron stimulant| Unidentified pharmacological activity,,US,EVALUATE| CORTELLIS| PHARMAPROJECTS,2026-05-08T16:03:09.374Z,2026-05-08T16:03:09.374Z
542c18ce-834b-4e35-8b3e-25ca9ef72d2f,BIIB-104,514f0541-a6ac-403b-9d6c-d087c2fb2995,,Suspended,,,Pfizer Inc,Capsule formulation| Small molecule| Synthetic small molecule,Preclinical| Suspended,Multiple sclerosis| Schizophrenia,Immune| Neurology/Psychiatric| Other/Miscellaneous,AMPA receptor agonist,AMPA receptor,US,CORTELLIS| PHARMAPROJECTS,2026-05-08T16:03:11.934Z,2026-05-08T16:03:11.934Z
e9b55a13-3576-4a7d-85ec-ae9fbbdeb252,"tau degraders (AD/PSP/FTD/neurodegenerative disease), APRINOIA Therapeutics",cd156910-2afe-4900-9f05-7b77982494d4,,Preclinical,,,APRINOIA Therapeutics Inc,Degrader| Small molecule| Systemic formulation unspecified,Preclinical,Alzheimers disease| Frontotemporal dementia| Progressive supranuclear palsy,Neurology/Psychiatric,Ubiquitin ligase inhibitor,Ubiquitin ligase,Taiwan,CORTELLIS,2026-05-08T16:03:12.277Z,2026-05-08T16:03:12.277Z
8c1edfd5-1127-4f2b-a99e-e3e9fff7477f,CB301,215a3d9f-094f-48c0-a3c9-495421c67cb2,,Suspended,,,CANTABio Pharmaceuticals Inc,Protein,Suspended,Alzheimers disease,Neurology/Psychiatric,Protein kinase inhibitor,,US,EVALUATE| PHARMAPROJECTS,2026-05-08T16:03:12.377Z,2026-05-08T16:03:12.377Z
9a9f5592-ff1a-40c3-ae1a-88bb475e2de8,CB401,7685d077-8281-4e95-ac4f-0608fd0b378a,,Suspended,,,CANTABio Pharmaceuticals Inc| University of Cambridge,Protein| Small molecule,Preclinical| Suspended,Alzheimers disease| Parkinson's disease,Neurology/Psychiatric,Amyloid precursor protein (APP) inhibitor| Beta amyloid precursor protein antagonist| C5a inhibitor| Complement C3 inhibitor| Complement C5a factor inhibitor| Tau aggregation inhibitor,,UK| US,EVALUATE| PHARMAPROJECTS,2026-05-08T16:03:08.875Z,2026-05-08T16:03:08.875Z
28b5a155-9e5a-4267-8cd2-1aa8af2a772b,LPX-TI-641,72df7635-4933-4c6e-8d8f-c4add45c2b7c,LPX-TI641,Phase 1 Clinical,,,Lapix Therapeutics Inc,Capsule formulation| Oral solution formulation| Small molecule| Synthetic small molecule,Phase 1 Clinical| Preclinical,Atopic dermatitis| Autoimmune nervous system disease| Chronic inflammatory demyelinating polyneuropathy| Dermatological disease| Eczema/Dermatitis| MOG antibody disease| Multiple sclerosis| Multiple sclerosis (MS) unspecified| Neuromyelitis optica| Other dermatoses| Plaque psoriasis| Psoriasis| Psoriatic arthritis| Rheumatoid arthritis,Dermatologic| Immune| Inflammatory| Neurology/Psychiatric| Rare Diseases| Sensory Organs,Hepatitis A virus cellular receptor 2 antagonist| Immune checkpoint agonist| T-cell immunoglobulin & mucin domain (TIM) regulator| T-cell immunoglobulin mucin protein 4 inhibitor,Hepatitis A virus cellular receptor 2| T-cell immunoglobulin mucin protein 4,US,EVALUATE| CORTELLIS| PHARMAPROJECTS,2026-05-08T16:03:08.536Z,2026-05-08T16:03:08.536Z
1e75bb38-f45e-4349-9929-e681830b9e34,"dimethyl fumarate + VTS-Aspirin (oral, relapsing-remitting multiple sclerosis), Vitalis",abab0f40-b049-4232-bdd9-4e432648f8ed,VTS-72,Suspended,,,Vitalis Llc,Drug combination| Fixed-dose combination| Oral formulation| Other reformulation| Small molecule| Synthetic small molecule,Clinical| Phase 3 Clinical| Suspended,"Multiple sclerosis| Multiple sclerosis (MS) unspecified| Multiple sclerosis, relapsing-remitting",Immune| Neurology/Psychiatric,Cyclooxygenase inhibitor| Frataxin stimulant| Kelch like ECH associated protein 1 modulator| Nuclear erythroid 2-related factor 2 modulator| Platelet aggregation inhibitor| Thromboxane synthase inhibitor| Transcription factor Nrf2 inhibitor| Unclassified,Kelch like ECH associated protein 1| Nuclear erythroid 2-related factor 2,US,EVALUATE| CORTELLIS| PHARMAPROJECTS,2026-05-08T16:03:09.215Z,2026-05-08T16:03:09.215Z
254ee439-78d3-42e3-b1eb-962d92c61607,CBM-801,a35dd9fd-9a0e-4a27-a0dd-42e120e93434,,Preclinical,,,CellionBioMed,Small molecule,Preclinical,Inflammatory bowel disease| Multiple sclerosis,Gastrointestinal,Potassium channel activator,,South Korea,EVALUATE,2026-05-08T16:03:09.414Z,2026-05-08T16:03:09.414Z
22f0c2cd-e66c-4416-9983-6fe6ead65a99,QED-701,c0b79056-e747-420b-8a1f-08eda4b464e3,,Preclinical,,,UniQuest Pty Ltd,Small molecule,Preclinical,Alzheimers disease| Amyotrophic lateral sclerosis| Parkinsons disease,Neurology/Psychiatric,SYK gene inhibitor,Syk tyrosine kinase,Australia,CORTELLIS,2026-05-08T16:03:11.995Z,2026-05-08T16:03:11.995Z
3b037593-1790-45e0-ad8b-2ef70bcbbaa2,poseltinib,9e410dd8-cf79-479a-aaa3-632ae2776a76,NB-02,Suspended,,,Dong-A ST Co Ltd| Hanmi Fine Chem| MetaVia Inc| NOBO Medicine Inc,Natural product| Oral formulation| Plant| Small molecule| Unidentified,Phase 2 Clinical| Preclinical| Suspended,"Alzheimers disease| Cancer, lymphoma, primary CNS| Central nervous system tumor| Diffuse large B-cell lymphoma| General blood malignancies| Immunological disease, unspecified| Lupus nephritis| Lymphoma| Multiple sclerosis| Neurodegenerative disease| Neurological disease| Non-Hodgkin lymphoma| Other neurological indications| Rheumatoid arthritis| Sjogren's disease| Systemic lupus erythematosus",Cancer| Immune| Neurology/Psychiatric| Rare Diseases,Acetylcholinesterase (AChE) stimulant| Acetylcholinesterase inhibitor| Amyloid protein deposition inhibitor| BTK gene stimulator| Beta amyloid modulator| Bruton tyrosine kinase inhibitor| Bruton’s tyrosine kinase (BTK) inhibitor| Nerve growth factor (NGF) antibody| TEC family tyrosine kinase inhibitor| Tau aggregation inhibitor,Beta amyloid| Btk tyrosine kinase| TEC family tyrosine kinase| Tau protein,South Korea| US,EVALUATE| CORTELLIS| PHARMAPROJECTS,2026-05-08T16:03:08.377Z,2026-05-08T16:03:08.377Z
5c5b8961-16e7-457d-873d-d76005541426,AT-003,fee5a991-a8b8-480c-93d8-58d6b28f3b2f,"AT-003, Arctic Therapeutics",Phase 2 Clinical,,,Arctic Inc,Small molecule,Phase 2 Clinical,Autoimmune disease| Insulin dependent diabetes| Multiple sclerosis| Parkinson's disease| Rheumatoid arthritis| Systemic lupus erythematosus,Alimentary/Metabolic| Immune| Neurology/Psychiatric,Epithelial cell adhesion molecule inhibitor,,Iceland,EVALUATE| PHARMAPROJECTS,2026-05-08T16:03:09.637Z,2026-05-08T16:03:09.637Z
4c4592c0-45c7-4c30-8129-71f3f34ab4fe,Amportacs,d23d5688-3fd2-4743-96b1-ddc88d0ee4b7,,Preclinical,,,Amporin Pharmaceuticals,Small molecule,Discovery| Preclinical,Alzheimers disease| Amyotrophic lateral sclerosis| Parkinson's disease,Neurology/Psychiatric| Rare Diseases,Unidentified pharmacological activity| Unknown,,Switzerland,EVALUATE| PHARMAPROJECTS,2026-05-08T16:03:11.676Z,2026-05-08T16:03:11.676Z
161f0344-214d-4820-a6f7-373808cfbfa0,"C3 siRNA therapy (Alzheimer’s disease), Apellis Pharmaceuticals",9856c21d-8e00-4e59-bb02-a9c6e490fb8c,,Preclinical,,,Apellis Europe BV,Small molecule| Systemic formulation unspecified| small interfering RNA (siRNA),Preclinical,Alzheimers disease,Neurology/Psychiatric,C3 gene inhibitor,C3 gene,US,CORTELLIS,2026-05-08T16:03:12.274Z,2026-05-08T16:03:12.274Z
25e4a773-d86f-45f2-b21d-322751ecfeaa,ASO-TTBK1,da99414a-2bfe-44ee-97a0-d070c2238f24,,Preclinical,,,Ionis Ireland Ltd,Oligonucleotide antisense| Small molecule| Systemic formulation unspecified,Preclinical,Alzheimers disease,Neurology/Psychiatric,Tau tubulin kinase 1 inhibitor,Tau tubulin kinase 1,US,CORTELLIS,2026-05-08T16:03:12.314Z,2026-05-08T16:03:12.314Z
9abc1c9e-be5c-490d-822f-8952c1ec22eb,"autologous myoblast and fibroblast cell therapy (stress urinary incontinence), Fina Biotech",bf9fa98c-f597-4e76-89ab-585ad9ca4c56,FB-1002,,,,,,,,,,,,CORTELLIS,2026-05-08T16:03:12.376Z,2026-05-08T16:03:12.376Z
a372755a-0724-473c-926f-39879dcdd1af,ALS Project (Pikralida),2dc8deec-ea6d-4bfd-a6db-e4436466f4de,"amyotrophic lateral sclerosis therapy, Pikralida",Preclinical,,,Pikralida,Small molecule| Synthetic small molecule,Discovery| Preclinical,Amyotrophic lateral sclerosis,Neurology/Psychiatric| Rare Diseases,Unidentified pharmacological activity| Unknown,,Poland,EVALUATE| PHARMAPROJECTS,2026-05-08T16:03:11.675Z,2026-05-08T16:03:11.675Z
cf39b011-0f59-4b3d-903c-f7be018b632e,"AK-119 (oral, autoimmune disorder), Akaal Pharma",12772533-ccc4-4697-bba9-8562984ad7a1,,Phase 1 Clinical,,,Akaal Pharma LLP,Oral formulation| Small molecule,Phase 1 Clinical,Atopic dermatitis| Autoimmune disease| Epilepsy| Multiple sclerosis| Neuropathic pain| Psoriasis| Sepsis| Stroke| Ulcerative colitis,Dermatologic| Gastrointestinal| Immune| Infection| Neurology/Psychiatric,Sphingosine-1-phosphate receptor-1 agonist,Sphingosine-1-phosphate receptor-1,Australia,CORTELLIS,2026-05-08T16:03:11.835Z,2026-05-08T16:03:11.835Z
a9f14e09-8619-448c-a042-d37f1e3870a4,RN001,d5664572-e470-45f4-8616-c9b971778c80,,Preclinical,,,Suzhou Ronnsi Pharma Co Ltd,Small molecule,Preclinical,Multiple sclerosis (MS) unspecified,Neurology/Psychiatric,Unclassified,,China,EVALUATE,2026-05-08T16:03:09.315Z,2026-05-08T16:03:09.315Z
ff47ba60-efa4-41c8-a967-3a8ef446a636,Neurodegenerative Disease Research Program (MRTH),1811e4e4-cda8-4716-b89a-45e5a8e33b78,"neurodegenerative dieases therapy, MitoRx Therapeutics",Preclinical,,,MitoRx Therapeutics Ltd,Small molecule| Synthetic small molecule,Discovery| Preclinical,Alzheimers disease| Huntington's disease| Neurological disease| Other neurological indications| Parkinson's disease,Neurology/Psychiatric| Rare Diseases,Unclassified| Unidentified pharmacological activity,,UK,EVALUATE| PHARMAPROJECTS,2026-05-08T16:03:09.795Z,2026-05-08T16:03:09.795Z
2b39e569-81ba-43d6-bd53-b43a714c5d96,CPT60621,ad49813a-c8e1-47dd-b8d7-194bdfae0dd3,,Preclinical,,,COEPTIS| Vici & C - Srl,Small molecule,Preclinical,Parkinson's disease,Neurology/Psychiatric,Unclassified,,US,EVALUATE,2026-05-08T16:03:08.376Z,2026-05-08T16:03:08.376Z
31faeaf9-025b-46db-ba9b-baab22d7bac6,"N-acetylcysteine amide (retinitis pigmentosa), Brighton Biotech",c11e9338-b5d4-4a17-b374-d9402d059646,N-Acetyl Cysteine Amide,Suspended,,,Brighton Marine Inc,Small molecule,Preclinical| Suspended,Alzheimers disease| Other neurological indications| Parkinson's disease| Retinitis pigmentosa| Traumatic brain injury,Neurology/Psychiatric| Ocular,Unclassified,,US,EVALUATE| CORTELLIS,2026-05-08T16:03:09.375Z,2026-05-08T16:03:09.375Z
037cf0ee-8b8f-4ae3-9518-1a7553795dc6,Eli Lilly-Verge Genomics amyotrophic lateral sclerosis Research Project,b5ab47be-6e03-4250-9a25-ebca0f759d32,"amyotrophic lateral sclerosis therapy, Verge Genomics-1",Preclinical,,,Eli Lilly SA| Verge Health,Small molecule| Synthetic small molecule,Discovery| Preclinical,Amyotrophic lateral sclerosis,Neurology/Psychiatric| Rare Diseases,Unidentified pharmacological activity| Unknown,,US,EVALUATE| PHARMAPROJECTS,2026-05-08T16:03:09.796Z,2026-05-08T16:03:09.796Z
ff955287-f9e7-4bf8-b244-0f9c249057b5,OAB-14,b49cf4f0-b658-48ec-afbe-ea6b8b1fe3ce,,Phase 2 Clinical,,,Shenyang Pharmaceutical University| Xinhua Hospital,Oral suspension formulation| Small molecule| Suspension| Synthetic small molecule,Phase 1 Clinical| Phase 2 Clinical,Alzheimers disease,Neurology/Psychiatric,Acetylcholinesterase inhibitor| Beta amyloid modulator| NMDA receptor agonist,Beta amyloid,China,CORTELLIS| PHARMAPROJECTS,2026-05-08T16:03:11.555Z,2026-05-08T16:03:11.555Z
2f9d0b70-c550-4b81-a61b-2e7d5e6a5e11,IPL-344,8b40d992-951e-479a-960d-a4f3e08a3296,,Suspended,,,Immunity Pharma Ltd| Weizmann canada,Infusion| Intravenous formulation| Once daily formulation| Peptide| Small molecule,Phase 2 Clinical| Suspended,Amyotrophic lateral sclerosis,Neurology/Psychiatric| Rare Diseases,AKT gene inhibitor| Apoptosis stimulant| Serine/threonine kinase stimulant,AKT gene,Israel,CORTELLIS| PHARMAPROJECTS,2026-05-08T16:03:12.094Z,2026-05-08T16:03:12.094Z
9d525118-d4fe-4f20-8b65-52146f5f124e,"ambroxol (amyotrophic lateral sclerosis), Spedding Research Solutions",307624d8-5d02-4edf-a633-a64b593e09f2,,Preclinical,,,Spedding Research Solutions SARL,Small molecule| Systemic formulation unspecified,Preclinical,Amyotrophic lateral sclerosis,Neurology/Psychiatric,Non lysosomal glucosylceramidase inhibitor,Non lysosomal glucosylceramidase,France,CORTELLIS,2026-05-08T16:03:12.276Z,2026-05-08T16:03:12.276Z
658b7db9-6cee-46fe-bda6-6e6d65f5c2d7,NOX1 Project,d0110104-4248-4b71-8bed-6fb165003627,,Preclinical,,,Asahi Kasei Corp,Small molecule,Preclinical,Arthritis| General eye disorders| Inflammatory skin disorders| Osteoarthritis| Parkinson's disease,Neurology/Psychiatric,NADPH oxidase 1 (NOX1) inhibitor,,Japan,EVALUATE,2026-05-08T16:03:09.375Z,2026-05-08T16:03:09.375Z
dd0d1b0d-10c1-4b2b-8744-bc7b7966d5bc,tolebrutinib,461ed299-4a9d-479f-ba25-bc7a89ef56d5,,Suspended,,,Principia Life LLC| Sanofi KK,Film coating| Small molecule| Tablet formulation,Launched| Phase 3 Clinical| Suspended,"General inflammatory disorders| Inflammatory disease| Multiple sclerosis| Multiple sclerosis (MS) unspecified| Multiple sclerosis, progressive, primary| Multiple sclerosis, progressive, secondary| Multiple sclerosis, relapsing-remitting| Myasthenia gravis| Neurological disease| Other neurological indications| Primary-Progressive MS (PPMS)| Relapsing-Remitting MS (RRMS)| Secondary-Progressive MS (SPMS)",Immune| Musculoskeletal| Neurology/Psychiatric| Rare Diseases,BTK gene stimulator| Bruton tyrosine kinase inhibitor| Bruton’s tyrosine kinase (BTK) inhibitor,Btk tyrosine kinase,France| US,EVALUATE| CORTELLIS| PHARMAPROJECTS,2026-05-08T16:03:11.776Z,2026-05-08T16:03:11.776Z
e832f35c-738d-4bf7-b118-f83ac1f12d02,ALN-SOD,398a5507-afde-40a0-ad01-bf913aa0674a,,Phase 1 Clinical,,,Alnylam UK Ltd| Regeneron Japan Inc,DNA & RNA therapeutics| Intrathecal formulation| Naked oligonucleotide| Oligonucleotide conjugated| RNA interference| Small molecule| small interfering RNA (siRNA),Phase 1 Clinical,Amyotrophic lateral sclerosis| Other neurological indications,Cancer| Neurology/Psychiatric| Rare Diseases,Gene expression inhibitor| Manganese superoxide dismutase (SOD) RNAi therapeutic| SOD1 gene inhibitor| Superoxide dismutase 1 (SOD1) antibody| Superoxide dismutase-1 inhibitor,SOD1 gene,US,EVALUATE| CORTELLIS| PHARMAPROJECTS,2026-05-08T16:03:12.214Z,2026-05-08T16:03:12.214Z
dc34a21c-4469-4ee6-9e48-529cc83d82b4,civorebrutinib,19fb3487-43e4-4a65-ab3f-2fd676f51a7e,SN1011,Suspended,,,Everest Medical| Evopoint Biosciences Co Ltd| SinoMab Bioscience Ltd,Capsule formulation| Oral formulation| Small molecule| Synthetic small molecule,Phase 1 Clinical| Phase 2 Clinical| Preclinical| Suspended,Autoimmune disease| B-cell lymphoma| End stage renal disease| Focal segmental glomerulosclerosis| Glomerulonephritis| IgA nephropathy| Lupus nephritis| Membranous glomerulonephritis| Minimal change disease| Multiple sclerosis| Multiple sclerosis (MS) unspecified| Neuromyelitis optica| Other nephrological disorders| Pemphigus| Primary membranous nephropathy| Renal disease| Renal failure| Renal fibrosis| Rheumatoid arthritis| Scleroderma| Systemic lupus erythematosus,Cancer| Dermatologic| Genitourinary/Sexual Function| Immune| Neurology/Psychiatric| Rare Diseases| Sensory Organs,BTK gene stimulator| Bruton tyrosine kinase inhibitor| Bruton’s tyrosine kinase (BTK) inhibitor,Btk tyrosine kinase,China| Hong Kong,EVALUATE| CORTELLIS| PHARMAPROJECTS,2026-05-08T16:03:08.476Z,2026-05-08T16:03:08.476Z
dea95d1e-0fb8-4afe-8e51-63b26885e912,TLGM-1,136bf633-edea-4d48-9fde-d1537f1a1307,Talineuren| talineuren,Suspended,,,InnoMedica Inc,Biological| CNS formulation| Infusion| Intravenous formulation| Lipid nanoparticle formulation injectable| Liposome formulation| Small molecule| Synthetic small molecule,Phase 1 Clinical| Phase 2 Clinical| Suspended,Amyotrophic lateral sclerosis| COVID-19 treatment| Huntington's disease| Parkinson's disease| Parkinsons disease,Neurology/Psychiatric| Rare Diseases,Unidentified pharmacological activity| Unknown,,Switzerland,EVALUATE| CORTELLIS| PHARMAPROJECTS,2026-05-08T16:03:08.715Z,2026-05-08T16:03:08.715Z
114e6779-15f7-4f69-8d21-f30f6f8590a0,Amyotrophic Lateral Sclerosis Project (NRTPH),40783ed1-d118-4950-986f-34a613c35556,,Preclinical,,,Universidad de Zaragoza,Small molecule,Preclinical,Amyotrophic lateral sclerosis,Neurology/Psychiatric,Unclassified,,Spain,EVALUATE,2026-05-08T16:03:08.936Z,2026-05-08T16:03:08.936Z
1dfb532b-6d44-4d06-992b-c56869c14c8d,BHV-8555,e6fbf15e-96cd-4073-a147-e7c6b23cc58a,,Preclinical,,,Biohaven Ltd,Oral formulation| Small molecule,Discovery| Preclinical,Parkinson's disease| Parkinsons disease,Neurology/Psychiatric,Synuclein accumulation inhibitor| Synuclein inhibitor,Synuclein,US,EVALUATE| CORTELLIS| PHARMAPROJECTS,2026-05-08T16:03:09.036Z,2026-05-08T16:03:09.036Z
2e9ed3b5-23db-4bc6-930e-8ac0faeea241,CPT-012,dafaa997-1673-49b4-8334-f7d7834ceaa6,,Suspended,,,Enabled Therapeutics,Small molecule| Synthetic small molecule,Preclinical| Suspended,Alzheimers disease| COVID-19 complications| Chronic inflammatory demyelinating polyneuropathy| Epilepsy| General inflammatory disorders| Inflammatory disease| Neuropathic pain| Parkinson's disease| Severe acute respiratory syndrome (SARS) treatment,Musculoskeletal| Neurology/Psychiatric| Other/Miscellaneous| Rare Diseases| Respiratory,Purinergic receptor regulator| Unidentified pharmacological activity,,US,EVALUATE| PHARMAPROJECTS,2026-05-08T16:03:09.256Z,2026-05-08T16:03:09.256Z
2d7560da-f563-4b7b-8717-25bc55aff672,"A-005, Alumis",135f824b-9fff-4c95-9157-d1c2c7d15865,,Phase 1 Clinical,,,Alumis Inc,Synthetic small molecule,Phase 1 Clinical,Multiple sclerosis| Parkinson's disease,Neurology/Psychiatric,Tyrosine kinase 2 inhibitor,,US,PHARMAPROJECTS,2026-05-08T16:03:11.493Z,2026-05-08T16:03:11.493Z
6a0fcbd9-e8f6-4d81-b286-af7857d07d6b,JYP-0061,48db0bba-90f7-4a9b-932d-90787fed8af0,,Phase 2 Clinical,,,Joyo Machine Co Ltd,Oral formulation| Small molecule| Tablet formulation,Phase 1 Clinical| Phase 2 Clinical| Preclinical,Alopecia areata| Ankylosing spondylitis| Atopic dermatitis| Autoimmune disease| Eczema/Dermatitis| Multiple sclerosis| Neuromyelitis optica| Rheumatoid arthritis| Spondylarthritis| Vitiligo,Dermatologic| Immune| Musculoskeletal| Neurology/Psychiatric| Rare Diseases| Sensory Organs,Janus kinase 1 inhibitor| Unclassified,,China,EVALUATE| CORTELLIS| PHARMAPROJECTS,2026-05-08T16:03:11.615Z,2026-05-08T16:03:11.615Z
d6d09b47-7cd5-47b0-845b-2ff0aa03c179,MBF-015,1d3ab7ea-cae3-48f8-8f31-2b5af7d824a3,,Phase 2 Clinical,,,Medibiofarma Sl,Capsule formulation| Small molecule| Synthetic small molecule,Phase 2 Clinical,Alzheimers disease| Huntington's disease| Huntingtons chorea| Neurological disease| Other neurological indications| Parkinsons disease,Neurology/Psychiatric| Rare Diseases,Histone deacetylase (HDAC) inhibitor| Histone deacetylase 1 (HDAC1) inhibitor| Histone deacetylase 2 (HDAC2) inhibitor| Histone deacetylase inhibitor| Histone deacetylase-1 inhibitor| Histone deacetylase-2 inhibitor| REST corepressor 1 modulator,Histone deacetylase-1| Histone deacetylase-2| REST corepressor 1,Spain,EVALUATE| CORTELLIS| PHARMAPROJECTS,2026-05-08T16:03:11.896Z,2026-05-08T16:03:11.896Z
fefb726a-e427-4129-8fe3-ffe293ce8f51,seltorexant,b399e58a-e1b2-485b-93af-0d370ddfe9a6,Seltorexant,Suspended,,,Janssen Pharmaceutica NV| Johnson & Johnson| Kk Minerva| Royalty Pharma Plc,Capsule formulation| Oral formulation| Oral suspension formulation| Small molecule| Synthetic small molecule,Phase 2 Clinical| Phase 3 Clinical| Suspended,"Alzheimers disease| Depression| Depression, major depressive disorder| Insomnia| Major depressive disorder| Obstructive sleep apnea| Other nephrological disorders",Neurology/Psychiatric,Orexin 2 receptor agonist,Orexin 2 receptor,US,EVALUATE| CORTELLIS| PHARMAPROJECTS,2026-05-08T16:03:08.259Z,2026-05-08T16:03:08.259Z
aa9f5315-5288-451f-b3dd-e0cff3c9b6cb,TR-012001,9bd57ce8-33e7-4348-9314-4b383cebdef3,,Phase 2 Clinical,,,SNLD Ltd,Nasal formulation| Powder formulation inhalant systemic| Small molecule| Synthetic small molecule,Phase 2 Clinical,Parkinson's disease| Parkinsons disease,Neurology/Psychiatric,Dopamine receptor agonist| Unidentified pharmacological activity,Dopamine receptor,Japan,CORTELLIS| PHARMAPROJECTS,2026-05-08T16:03:11.555Z,2026-05-08T16:03:11.555Z
30e136dd-7a2a-4b68-83d3-06b027500bc5,NPI-001,c8da3ee0-62dc-4633-8d27-fccf3f6a0e7b,"N-acetylcysteine amide, Nacuity Pharmaceuticals",Suspended,,,Arctic Inc| Johns Hopkins Medicine| Nacuity Pharmaceuticals Inc,Formulation other| Nanoparticle formulation| Oral formulation| Small molecule| Synthetic small molecule| Tablet formulation,Phase 2 Clinical| Preclinical| Suspended,Alzheimers disease| Amyloidosis| Cerebral amyloid angiopathy| Cognitive disorder| Cystinosis| Dementia| Dermatological disease| Erythromelalgia| Familial amyloid neuropathy| Retinitis pigmentosa| Usher syndrome,Alimentary/Metabolic| Cardiovascular| Dermatologic| Endocrine/Metabolic| Neurology/Psychiatric| Ocular| Other/Miscellaneous| Rare Diseases| Sensory Organs,Unidentified pharmacological activity| Unknown,,Iceland| US,EVALUATE| CORTELLIS| PHARMAPROJECTS,2026-05-08T16:03:11.675Z,2026-05-08T16:03:11.675Z
b2180431-16b2-42f0-943b-890832feb8ac,EI-16004,f8a415c0-26bc-4569-84b9-459070764a10,,Preclinical,,,Pusan National University,Small molecule| Systemic formulation unspecified,Preclinical,Nervous system inflammation| Parkinsons disease,Neurology/Psychiatric,,,South Korea,CORTELLIS,2026-05-08T16:03:11.836Z,2026-05-08T16:03:11.836Z
71b16703-b5c8-4c59-b5a2-0c5abde28f47,"S-3, Oregon Health & Science University",a552588a-f0e4-4bec-b409-e16c755d8935,,Preclinical,,,Oregon Group Srl,Small molecule,Preclinical,Multiple sclerosis,Immune,Hyaluronidase inhibitor,Hyaluronidase,US,CORTELLIS,2026-05-08T16:03:12.214Z,2026-05-08T16:03:12.214Z
5b5d9e27-c9e0-4f5c-a286-35aeed7d61fe,CST-2140,631bcd2f-84a6-4e8a-883d-b6c09a43f251,,Phase 1 Clinical,,,CuraSen Therapeutics Inc,Small molecule| Systemic formulation unspecified,Phase 1 Clinical,Orthostatic hypotension| Parkinsonism,Cardiovascular| Neurology/Psychiatric,Alpha 1A adrenoceptor agonist,Alpha 1A adrenoceptor,US,CORTELLIS,2026-05-08T16:03:12.314Z,2026-05-08T16:03:12.314Z
653fa71e-d9ad-4562-be54-4f6b01f1dcd0,icerguastat,43bc7ab9-0f23-40fc-88ee-3d10ab6f0277,,Phase 2 Clinical,,,InFlectis BioScience SAS,Capsule formulation| Small molecule| Synthetic small molecule,Phase 1 Clinical| Phase 2 Clinical,Amyotrophic lateral sclerosis| Charcot Marie Tooth disease| Charcot–Marie–Tooth disease| Other neurological indications,Neurology/Psychiatric| Ocular| Rare Diseases,PPP1R15A inhibitor| Phosphatase 1 regulatory subunit 15A inhibitor| Protein phosphatase 1 (PP1) regulatory subunit 15A (PPP1R15A) inhibitor,Phosphatase 1 regulatory subunit 15A,France,EVALUATE| CORTELLIS| PHARMAPROJECTS,2026-05-08T16:03:09.695Z,2026-05-08T16:03:09.695Z
bbc8df32-fec7-45d8-a9d2-5608215f3619,"Morphomer tau aggregation inhibitor (rare tauopathies, AD), AC Immune/Eli Lilly",bd523fdc-a6d3-4171-a568-508d20426006,,Preclinical,,,AC Immune SA,Small molecule| Systemic formulation unspecified,Preclinical,Alzheimers disease| Neurodegenerative disease,Neurology/Psychiatric,Tau aggregation inhibitor,Tau protein,Switzerland,CORTELLIS,2026-05-08T16:03:12.156Z,2026-05-08T16:03:12.156Z
6efda3ff-5b85-4771-9f76-b1bd7a920d01,LucyTx-1209,3068953f-338e-48cb-bdec-50bdf8fb3c9f,,Preclinical,,,Lucy Therapeutics Inc,Small molecule| Systemic formulation unspecified,Preclinical,Parkinson's disease| Parkinsons disease,Neurology/Psychiatric,F1F0 ATP synthase inhibitor| F1F0-ATPase regulator,F1F0 ATP synthase,US,EVALUATE| CORTELLIS,2026-05-08T16:03:09.534Z,2026-05-08T16:03:09.534Z
94d251b8-0350-49a3-8d2b-90771c3f14bf,ozanimod metabolites (multiple sclerosis) Receptos,dad7f9c4-c41c-41c0-84d0-d77922d7a650,,Phase 1 Clinical,,,Receptos Inc,Small molecule| Systemic formulation unspecified,Phase 1 Clinical,Multiple sclerosis,Immune,Sphingosine-1-phosphate receptor-1 antagonist| Sphingosine-1-phosphate receptor-1 modulator,Sphingosine-1-phosphate receptor-1,US,CORTELLIS,2026-05-08T16:03:12.154Z,2026-05-08T16:03:12.154Z
2e98a979-0d59-4885-9f20-78fda3290ad3,"memantine (transdermal patch, Alzheimers disease), Corium",43fcbd0a-959a-49dd-acef-a330a878be63,,Suspended,,,Corium LLC,>24hr release| Patch formulation| Small molecule| Synthetic small molecule| Transdermal formulation,Phase 1 Clinical| Suspended,Alzheimers disease,Neurology/Psychiatric,Glutamate release inhibitor| NMDA receptor agonist,NMDA receptor,US,CORTELLIS| PHARMAPROJECTS,2026-05-08T16:03:12.275Z,2026-05-08T16:03:12.275Z
c56035d3-0542-4ae5-9e1d-621cd067ddde,MD-049,f0d514dd-94a0-4fdf-a5df-4772681e5e18,,Suspended,,,Enabled Therapeutics,Small molecule| Synthetic small molecule,Preclinical| Suspended,COVID-19 complications| Encephalitis| Parkinson's disease| Traumatic brain injury,Neurology/Psychiatric| Other/Miscellaneous,PY2 purinoceptor regulator| Purinergic receptor P2X7 antagonist| Purinoreceptor P2X7 antagonist,,US,EVALUATE| PHARMAPROJECTS,2026-05-08T16:03:08.713Z,2026-05-08T16:03:08.713Z
1344368e-5d8f-4258-a3d2-53e73efa5864,"CASi-002, Switch Therapeutics",3472c195-2a26-4f4c-bf60-b2badc399fbc,,Preclinical,,,Switch Bio Inc,Oligonucleotide antisense| Small molecule| Systemic formulation unspecified| small interfering RNA (siRNA),Preclinical,Alzheimers disease| Neurodegenerative disease| Progressive supranuclear palsy,Neurology/Psychiatric,Tau kinase inhibitor,Tau protein,US,CORTELLIS,2026-05-08T16:03:11.995Z,2026-05-08T16:03:11.995Z
a4c3e307-4e8e-4e6d-a728-ca2c1c9353c5,vodobatinib,0a58eb1a-10e6-4a31-b1a0-ad69ae67c4ae,SUN-K706,Suspended,,,Sun Pharmaceutical Advanced Research Co Ltd,Capsule formulation| Oral formulation| Oral suspension formulation| Small molecule| Synthetic small molecule| Tablet formulation,Phase 2 Clinical| Phase 3 Clinical| Preclinical| Suspended,"Alzheimers disease| Cancer, leukaemia, chronic myelogenous| Chronic myelocytic leukemia| Leukaemia, acute lymphocytic (ALL)| Leukaemia, chronic myeloid (CML)| Lewy body dementia| Lymphoblastic leukemia| Parkinson's disease| Parkinsons disease",Cancer| Neurology/Psychiatric| Rare Diseases,ABL gene inhibitor| Bcr protein inhibitor| Bcr-Abl inhibitor| Bcr/Abl fusion protein inhibitor| Fyn tyrosine kinase inhibitor,Abl tyrosine kinase| Bcr protein| Fyn tyrosine kinase,India,EVALUATE| CORTELLIS| PHARMAPROJECTS,2026-05-08T16:03:08.316Z,2026-05-08T16:03:08.316Z
00ef607a-3cd8-4d24-91fe-52f3f07a9614,2'-fucosyllactose,390f408a-24af-4301-9a7d-30c136a10047,2'-Fucosyl-D-lactose,Suspended,,,Intrinsic Brands Inc,Other biotechnology product| Protein| Synthetic small molecule,Phase 2 Clinical| Preclinical| Suspended,"Autism| Autism spectrum disorders (ASD)| Cancer| Crohns disease| Frailty syndrome| Inflammatory bowel disease| Irritable bowel syndrome, alternating| Irritable bowel syndrome, constipation-predominant (IBS-C)| Irritable bowel syndrome, diarrhoea-predominant (IBS-D)| Parkinson's disease| Solid tumour indications| Ulcerative colitis",Alimentary/Metabolic| Cancer| Gastrointestinal| Neurology/Psychiatric| Other/Miscellaneous,Inflammation mediator inhibitor| Microbiome modulator,,US,EVALUATE| CORTELLIS| PHARMAPROJECTS,2026-05-08T16:03:09.696Z,2026-05-08T16:03:09.696Z
11a61eed-a162-4620-984a-515d0427e63c,"ML-016, BrYet US",681b637b-d4be-4910-948c-6c2dfca7046c,ML-016,Suspended,,,MapLight Therapeutics Inc,Small molecule| Systemic formulation unspecified,Preclinical| Suspended,Depression| Parkinson's disease,Neurology/Psychiatric,G protein-coupled receptor (GPCR) agonist| G-protein coupled receptor-6 antagonist,G-protein coupled receptor-6,US,EVALUATE| CORTELLIS,2026-05-08T16:03:09.154Z,2026-05-08T16:03:09.154Z
30786612-0fbf-494a-b2f8-269b8b50a632,GRX-917,f949e44f-b112-4106-a91d-62bfce871da5,,Phase 1 Clinical,,,Anvyl LLC| AtaiBeckley Inc| GABA Labs,Deuterated agent| Oral formulation| Other reformulation| Small molecule| Synthetic small molecule,Phase 1 Clinical,"Alzheimers disease| Anxiety disorders| Depression| Depression, major depressive disorder| Depression, seasonal| Generalised anxiety| Generalized anxiety disorder| Pain",Neurology/Psychiatric,Chloride channel modulator| GABA A receptor beta-2 subunit stimulator| GABA A receptor beta-3 subunit stimulator| GABA receptor agonist| Gamma-aminobutyric acid (GABA) receptor agonist| NACHT LRR PYD domain protein 3 inhibitor| Translocator protein (TSPO) agonist,GABA A receptor beta-2 subunit| GABA A receptor beta-3 subunit| NACHT LRR PYD domain protein 3| Steroid hormone receptor,Germany| US,EVALUATE| CORTELLIS| PHARMAPROJECTS,2026-05-08T16:03:12.056Z,2026-05-08T16:03:12.056Z
0fe70548-54db-490a-8ac6-d9c5cd05c615,"donepezil pamoate (Alzheimer’s disease), Zhejiang Huahai Pharmaceutical",c7af8cdb-d1cf-4ae5-ab9b-6581457d0d76,HHT201,Suspended,,,Huahai US Inc| Huahui Health Ltd,Intramuscular formulation| Oral formulation| Other reformulation| Parenteral formulation| Reformulation| Small molecule| Synthetic small molecule,Phase 1 Clinical| Suspended,Alzheimers disease| Phlebothrombosis,Hematologic| Neurology/Psychiatric,Acetylcholinesterase (AChE) stimulant| Acetylcholinesterase inhibitor,Acetylcholinesterase,China,EVALUATE| CORTELLIS| PHARMAPROJECTS,2026-05-08T16:03:08.873Z,2026-05-08T16:03:08.873Z
dd85c51b-a132-49ee-91eb-93e0c043e28f,etrasimod,acdce3c3-3c95-4759-be1a-55ea20193bf0,,Suspended,,,Everest Medical| Pfizer Inc| The Arena Group,Controlled release formulation| Once daily formulation| Oral formulation| Small molecule| Synthetic small molecule| Tablet formulation,Launched| Phase 2 Clinical| Preclinical| Suspended,"Alopecia areata| Alopecia/Male pattern baldness| Atopic dermatitis| Cirrhosis, primary biliary| Crohns disease| Diarrhea| Eczema/Dermatitis| Eosinophilic esophagitis| Eosinophilic oesophagitis| Inflammatory bowel disease| Inflammatory disease| Multiple sclerosis| Multiple sclerosis (MS) unspecified| Oesophagitis, eosinophilic| Other immune indications| Pouchitis| Primary biliary cirrhosis (PBC)| Psoriasis| Pyoderma gangrenosum| Rheumatoid arthritis| Ulcerative colitis| Ulcers, chronic skin",Alimentary/Metabolic| Dermatologic| Gastrointestinal| Immune| Inflammatory| Musculoskeletal| Neurology/Psychiatric| Rare Diseases,Sphingosine 1 phosphate phosphatase 1 stimulator| Sphingosine 1-phosphate (S1P) receptor 1 regulator| Sphingosine 1-phosphate (S1P) receptor agonist| Sphingosine 1-phosphate 1 receptor agonist| Sphingosine-1-phosphate receptor-1 agonist| Sphingosine-1-phosphate receptor-1 modulator| Sphingosine-1-phosphate receptor-4 modulator| Sphingosine-1-phosphate receptor-5 modulator,Sphingosine 1 phosphate phosphatase 1| Sphingosine-1-phosphate receptor-1| Sphingosine-1-phosphate receptor-4| Sphingosine-1-phosphate receptor-5,China| US,EVALUATE| CORTELLIS| PHARMAPROJECTS,2026-05-08T16:03:11.714Z,2026-05-08T16:03:11.714Z
05c78e13-b12b-4710-aaa6-7f9560a4f33f,APRTX-003,5469a6f3-0915-4983-a03b-1f1804e3071a,,Preclinical,,,Aperture Bio LLC,Antisense therapy| DNA & RNA therapeutics| Oligonucleotide antisense| Small molecule| Systemic formulation unspecified,Preclinical,Amyotrophic lateral sclerosis,Neurology/Psychiatric| Rare Diseases,Metalloprotease-9 inhibitor| Unidentified pharmacological activity| Unknown,Metalloprotease-9,US,EVALUATE| CORTELLIS| PHARMAPROJECTS,2026-05-08T16:03:12.054Z,2026-05-08T16:03:12.054Z
bea5281a-e58d-4192-8474-ea42942a99d4,STM-006,6fb445b2-826a-48e1-9821-a2ac14c8ffd6,STM006,Suspended,,,Suntec Medical Inc,Small molecule| Synthetic small molecule| Systemic formulation unspecified,Preclinical| Suspended,Alzheimers disease| Brain tumor,Cancer| Neurology/Psychiatric,Unidentified pharmacological activity| Unknown,,US,EVALUATE| CORTELLIS| PHARMAPROJECTS,2026-05-08T16:03:08.776Z,2026-05-08T16:03:08.776Z
fdcfd57a-29a1-442d-9c4f-d6f8883b7d37,IPG-8294,cb24e6a3-6a77-4f1c-bea5-cbbaa1f392ad,IPG8294,Suspended,,,Immunophage Biomedical Co Ltd,Small molecule| Synthetic small molecule| Tablet formulation,Phase 1 Clinical| Preclinical| Suspended,"Alzheimers disease| Amyotrophic lateral sclerosis| Diabetes, undisclosed Type| Mitochondrial disease| Mitochondrial myopathy| Neurodegenerative disease| Neurological disease| Non-alcoholic steatohepatitis| Renal failure",Alimentary/Metabolic| Genitourinary/Sexual Function| Musculoskeletal| Neurology/Psychiatric| Rare Diseases,CD38 gene modulator| Hydrolase modulator| Lymphocyte differentiation antigen CD38 inhibitor| Macrophage migration inhibitory factor (MIF) inhibitor| NAD synthase modulator,NAD synthase,China,EVALUATE| CORTELLIS| PHARMAPROJECTS,2026-05-08T16:03:08.836Z,2026-05-08T16:03:08.836Z
edd28af4-0c4a-42ed-93a6-d47fbd36a162,LucyTx-1212,783a2987-1869-450c-88f9-450641569f87,,Preclinical,,,Lucy Therapeutics Inc,Small molecule| Systemic formulation unspecified,Preclinical,Parkinson's disease| Parkinsons disease,Neurology/Psychiatric,F1F0 ATP synthase inhibitor| F1F0-ATPase regulator,F1F0 ATP synthase,US,EVALUATE| CORTELLIS,2026-05-08T16:03:09.255Z,2026-05-08T16:03:09.255Z
c5aefb38-cd18-4157-a336-61dd687063ad,CTC-413,0b16d53f-693f-4a7e-bd0c-a1ec5348a12e,"ALTO-208| aprepitant + pramipexole, Chase Therapeutics",Phase 2 Clinical,,,Alto Medica Ltd| Chase Corp| Undisclosed Partner Sales,Drug combination| Fixed-dose combination| Formulation other| Modified-release| Oral formulation| Small molecule,Phase 2 Clinical| Preclinical,"Depression| Depression, major depressive disorder| Major depressive disorder| Parkinson's disease| Parkinsons disease",Neurology/Psychiatric,5 Hydroxytryptamine 3 receptor antagonist| 5-HT 3 receptor agonist| 5-HT3 (serotonin) receptor antagonist| Dopamine D3 receptor agonist| Dopamine receptor agonist| Dopamine receptor potentiator| NK1 receptor agonist| Neurokinin 1 (NK-1) receptor antagonist| Neurokinin 1 receptor antagonist,5-HT 3 receptor| Dopamine D2 receptor| Dopamine D3 receptor| Dopamine receptor| NK1 receptor,US,EVALUATE| CORTELLIS| PHARMAPROJECTS,2026-05-08T16:03:09.476Z,2026-05-08T16:03:09.476Z
b54dc4a9-5666-40a9-a155-2f2cfac6be48,amiselimod,2c740505-6f95-4874-885f-d4e25b5a00ee,,Suspended,,,Bausch Health Companies Inc (d/b/a Bausch Health)| Mitsubishi Corp| Tanabe Pharma GmbH,Capsule formulation| Once daily formulation| Oral formulation| Small molecule| Synthetic small molecule,Phase 2 Clinical| Suspended,"Autoimmune disease| Crohns disease| General cardiovascular indications| General inflammatory disorders| Inflammatory bowel disease| Inflammatory disease| Multiple sclerosis| Multiple sclerosis, relapsing-remitting| Non-alcoholic steatohepatitis| Psoriasis| Relapsing-Remitting MS (RRMS)| Systemic lupus erythematosus| Ulcerative colitis",Alimentary/Metabolic| Dermatologic| Gastrointestinal| Immune| Inflammatory| Musculoskeletal| Neurology/Psychiatric,Immunosuppressant| Sphingosine 1-phosphate (S1P) receptor 1 antagonist| Sphingosine 1-phosphate receptor 1 antagonist| Sphingosine-1-phosphate receptor-1 antagonist,Sphingosine-1-phosphate receptor-1,Canada| Japan,EVALUATE| CORTELLIS| PHARMAPROJECTS,2026-05-08T16:03:09.757Z,2026-05-08T16:03:09.757Z
dfe2b036-2dcc-42b2-8209-cafe7f2fbfa8,A-005,f78bf88b-4caf-4dd5-a4da-b13afa002d1b,,Phase 1 Clinical,,,Alumis Inc,Oral formulation| Small molecule,Phase 1 Clinical,Autoimmune encephalomyelitis| Multiple sclerosis| Multiple sclerosis (MS) unspecified| Nervous system inflammation| Neurodegenerative disease| Other neurological indications| Parkinsons disease,Immune| Neurology/Psychiatric,Non receptor tyrosine kinase TYK2 inhibitor| Tyrosine kinase (TYK) 2 inhibitor,Non receptor tyrosine kinase TYK2,US,EVALUATE| CORTELLIS,2026-05-08T16:03:08.935Z,2026-05-08T16:03:08.935Z
607fcedb-8ac6-4708-acb0-5a7a19a28fb4,deutaleglitazar,2cab46c6-4184-446a-9d9f-d9c2077d7a6c,AP-303,Phase 1 Clinical,,,Alebund Pty Ltd,Oral formulation| Small molecule| Synthetic small molecule| Tablet formulation,Phase 1 Clinical| Preclinical,Autosomal dominant polycystic kidney disease| Chronic kidney disease| Diabetic nephropathy| Other nephrological disorders| Parkinson's disease| Polycystic kidney disease,Alimentary/Metabolic| Endocrine/Metabolic| Genitourinary/Sexual Function,Unidentified pharmacological activity| Unknown,,China,EVALUATE| CORTELLIS| PHARMAPROJECTS,2026-05-08T16:03:09.034Z,2026-05-08T16:03:09.034Z
7395d3ce-8083-4337-928e-59c92654ac9c,ABXY-1,f5db4575-9ae1-4132-8132-9882add713cd,,Suspended,,,Abaxys Therapeutics,Small molecule| Synthetic small molecule,Preclinical| Suspended,Neurological disease| Parkinson's disease,Neurology/Psychiatric,Ubiquitin specific protease (USP) regulator| Unidentified pharmacological activity,,Belgium,EVALUATE| PHARMAPROJECTS,2026-05-08T16:03:09.254Z,2026-05-08T16:03:09.254Z
23ca1e1e-8118-47ef-b49c-3e9c33f390a0,mivelsiran,a3e8a9ca-c20f-4657-adcd-8bfc16dbe9be,,Phase 2 Clinical,,,Alnylam UK Ltd,DNA & RNA therapeutics| Intrathecal formulation| Naked oligonucleotide| RNA interference| Small molecule| small interfering RNA (siRNA),Phase 2 Clinical,Alzheimers disease| Amyloidosis| Cerebral amyloid angiopathy,Neurology/Psychiatric| Rare Diseases,Amyloid precursor protein (APP) inhibitor| Amyloid precursor protein antagonist| Beta amyloid precursor protein antagonist| Beta amyloid synthesis inhibitor| Gene expression inhibitor,Beta amyloid,US,EVALUATE| CORTELLIS| PHARMAPROJECTS,2026-05-08T16:03:12.094Z,2026-05-08T16:03:12.094Z
67a8e375-3c30-4ce6-85ab-0019f70953c5,Parkinson's Disease Research Program (CGTX),63c9ab17-13fc-4f0e-9acd-ff56be2bca89,,Preclinical,,,Congruence Therapeutics Inc,Small molecule,Preclinical,Parkinson's disease,Neurology/Psychiatric,Glucocerebrosidase (GCase) regulator,,Canada,EVALUATE,2026-05-08T16:03:09.475Z,2026-05-08T16:03:09.475Z
588e2a53-de7d-4c49-a4b3-95309283d3a8,ENT-2675,54857451-7e00-44ef-9326-6fd031a6b354,,Preclinical,,,Enthorin Therapeutics LLC,Small molecule| Systemic formulation unspecified,Discovery| Preclinical,"Cognitive disorder| Dyskinesia, unspecified| Movement disorder| Other neurological indications| Parkinson's disease| Parkinsons disease",Neurology/Psychiatric,Unidentified pharmacological activity| Unknown,,US,EVALUATE| CORTELLIS| PHARMAPROJECTS,2026-05-08T16:03:11.494Z,2026-05-08T16:03:11.494Z
d9bfac4d-ef4f-4969-b72b-8ad754f1c7fa,"NT-X, Neuroene Therapeutics",1944788a-2d7e-4c08-939b-bc6da6f594c3,,Preclinical,,,Neuroene Therapeutics,Small molecule| Systemic formulation unspecified,Preclinical,Parkinsons disease,Neurology/Psychiatric,,,US,CORTELLIS,2026-05-08T16:03:12.056Z,2026-05-08T16:03:12.056Z
ef4d0072-adda-42ae-b3aa-c5d636a0870b,AMX-0114,86f4b282-f573-4ff7-9ef4-470cf8b0bbe7,,Phase 1 Clinical,,,Amylyx Pharmaceuticals Inc,"Antisense therapy| DNA & RNA therapeutics| Intrathecal formulation| Nucleic acid technology| Nucleic acid, vector type| Oligonucleotide antisense| Small molecule",Phase 1 Clinical,Amyotrophic lateral sclerosis| Neurological disease| Other neurological indications,Neurology/Psychiatric| Rare Diseases,Calpain-2 inhibitor| Calpain-II inhibitor,Calpain-II,US,EVALUATE| CORTELLIS| PHARMAPROJECTS,2026-05-08T16:03:12.094Z,2026-05-08T16:03:12.094Z
a3398776-cf27-4231-975b-6494d0cd664b,METTL3 activator,af298cbd-5389-4791-93f2-6e8810f98cd7,,Preclinical,,,Chemestmed Ltd,Small molecule,Preclinical,Generalised anxiety| Non-insulin dependent diabetes| Obesity| Parkinson's disease,Neurology/Psychiatric,Unknown,,Estonia,EVALUATE,2026-05-08T16:03:09.253Z,2026-05-08T16:03:09.253Z
1d5bd5b6-ada1-4a29-a99c-db925e0eca3a,"MP-101, Mitochon Pharmaceuticals",85fca727-be0a-4c15-9580-8eaf14e0b6ad,,Suspended,,,Mitochon Srl,Oral formulation| Small molecule| Synthetic small molecule,Phase 1 Clinical| Phase 2 Clinical| Preclinical| Suspended,"Alzheimers disease| Amyotrophic lateral sclerosis| Batten's disease| Becker muscular dystrophy| Burns| Cystic fibrosis| Epilepsy| Glaucoma| Huntington's disease| Huntingtons chorea| Multiple sclerosis| Multiple sclerosis, progressive, primary| Multiple sclerosis, progressive, secondary| Optic neuritis| Parkinson's disease| Parkinsons disease| Traumatic brain injury",Dermatologic| Immune| Musculoskeletal| Neurology/Psychiatric| Ocular| Rare Diseases| Respiratory| Sensory Organs,BDNF gene modulator| Unidentified pharmacological activity,BDNF gene,US,EVALUATE| CORTELLIS| PHARMAPROJECTS,2026-05-08T16:03:11.675Z,2026-05-08T16:03:11.675Z
2d2fbe18-27c1-4314-a93c-7b6d59db40ba,[11C]BIO-1819578,1df9d022-fe25-4405-a07b-8acfe0815523,,Phase 1 Clinical,,,Karolinska Institutet,Radiolabeling| Small molecule| Systemic formulation unspecified,Phase 1 Clinical,Alzheimers disease,Neurology/Psychiatric,Bifunctional protein NCOAT modulator,Bifunctional protein NCOAT,Sweden,CORTELLIS,2026-05-08T16:03:11.995Z,2026-05-08T16:03:11.995Z
